candidate_id,source_ref,page_id,condition,outcome_hint,example_rule,feature_hint
CAND-BR-0001,app/src/main/java/com/capyreader/app/ArticleStatusBroadcastReceiver.kt:23,PAGE-ADDLINKACTIVITY-F9EC19DF,intent.action,when 分支条件,when 条件 @app/src/main/java/com/capyreader/app/ArticleStatusBroadcastReceiver.kt,PAGE-ADDLINKACTIVITY-F9EC19DF
CAND-BR-0002,app/src/main/java/com/capyreader/app/BaseActivity.kt:22,PAGE-BASEACTIVITY-1D0C5F78,BuildConfig.DEBUG,if 分支条件,if 条件 @app/src/main/java/com/capyreader/app/BaseActivity.kt,PAGE-BASEACTIVITY-1D0C5F78
CAND-BR-0003,app/src/main/java/com/capyreader/app/CommonModule.kt:47,PAGE-ADDLINKACTIVITY-F9EC19DF,primary != language,if 分支条件,if 条件 @app/src/main/java/com/capyreader/app/CommonModule.kt,PAGE-ADDLINKACTIVITY-F9EC19DF
CAND-BR-0004,app/src/main/java/com/capyreader/app/MainApplication.kt:67,PAGE-ADDLINKACTIVITY-F9EC19DF,Build.VERSION.SDK_INT >= Build.VERSION_CODES.VANILLA_ICE_CREAM,if 分支条件,if 条件 @app/src/main/java/com/capyreader/app/MainApplication.kt,PAGE-ADDLINKACTIVITY-F9EC19DF
CAND-BR-0005,app/src/main/java/com/capyreader/app/OpenArticleInBrowserActivity.kt:20,PAGE-OPENARTICLEINBROWSERACTIVITY-97F8E1E0,articleId != null,if 分支条件,if 条件 @app/src/main/java/com/capyreader/app/OpenArticleInBrowserActivity.kt,PAGE-OPENARTICLEINBROWSERACTIVITY-97F8E1E0
CAND-BR-0006,app/src/main/java/com/capyreader/app/OpenArticleInBrowserActivity.kt:28,PAGE-OPENARTICLEINBROWSERACTIVITY-97F8E1E0,articleUrl != null,if 分支条件,if 条件 @app/src/main/java/com/capyreader/app/OpenArticleInBrowserActivity.kt,PAGE-OPENARTICLEINBROWSERACTIVITY-97F8E1E0
CAND-BR-0007,app/src/main/java/com/capyreader/app/common/AccountSourceTitleExt.kt:7,PAGE-ADDLINKACTIVITY-F9EC19DF,this,when 分支条件,when 条件 @app/src/main/java/com/capyreader/app/common/AccountSourceTitleExt.kt,PAGE-ADDLINKACTIVITY-F9EC19DF
CAND-BR-0008,app/src/main/java/com/capyreader/app/common/AndroidClientCertManager.kt:37,PAGE-ADDLINKACTIVITY-F9EC19DF,alias == certAlias,if 分支条件,if 条件 @app/src/main/java/com/capyreader/app/common/AndroidClientCertManager.kt,PAGE-ADDLINKACTIVITY-F9EC19DF
CAND-BR-0009,app/src/main/java/com/capyreader/app/common/AndroidClientCertManager.kt:41,PAGE-ADDLINKACTIVITY-F9EC19DF,alias == certAlias,if 分支条件,if 条件 @app/src/main/java/com/capyreader/app/common/AndroidClientCertManager.kt,PAGE-ADDLINKACTIVITY-F9EC19DF
CAND-BR-0010,app/src/main/java/com/capyreader/app/common/AndroidLogging.kt:9,PAGE-ADDLINKACTIVITY-F9EC19DF,!BuildConfig.DEBUG,if 分支条件,if 条件 @app/src/main/java/com/capyreader/app/common/AndroidLogging.kt,PAGE-ADDLINKACTIVITY-F9EC19DF
CAND-BR-0011,app/src/main/java/com/capyreader/app/common/ContextOpenLinkExt.kt:16,PAGE-ADDLINKACTIVITY-F9EC19DF,openInternally,if 分支条件,if 条件 @app/src/main/java/com/capyreader/app/common/ContextOpenLinkExt.kt,PAGE-ADDLINKACTIVITY-F9EC19DF
CAND-BR-0012,app/src/main/java/com/capyreader/app/common/ContextOpenLinkExt.kt:35,PAGE-ADDLINKACTIVITY-F9EC19DF,openAdjacent,if 分支条件,if 条件 @app/src/main/java/com/capyreader/app/common/ContextOpenLinkExt.kt,PAGE-ADDLINKACTIVITY-F9EC19DF
CAND-BR-0013,app/src/main/java/com/capyreader/app/common/ImagePreview.kt:12,PAGE-ADDLINKACTIVITY-F9EC19DF,this,when 分支条件,when 条件 @app/src/main/java/com/capyreader/app/common/ImagePreview.kt,PAGE-ADDLINKACTIVITY-F9EC19DF
CAND-BR-0014,app/src/main/java/com/capyreader/app/logging/CrashLogExport.kt:69,PAGE-ADDLINKACTIVITY-F9EC19DF,uri.scheme,when 分支条件,when 条件 @app/src/main/java/com/capyreader/app/logging/CrashLogExport.kt,PAGE-ADDLINKACTIVITY-F9EC19DF
CAND-BR-0015,app/src/main/java/com/capyreader/app/notifications/NotificationHelper.kt:165,PAGE-ADDLINKACTIVITY-F9EC19DF,openFromShowMore,if 分支条件,if 条件 @app/src/main/java/com/capyreader/app/notifications/NotificationHelper.kt,PAGE-ADDLINKACTIVITY-F9EC19DF
CAND-BR-0016,app/src/main/java/com/capyreader/app/notifications/NotificationHelper.kt:173,PAGE-ADDLINKACTIVITY-F9EC19DF,openShowAll,if 分支条件,if 条件 @app/src/main/java/com/capyreader/app/notifications/NotificationHelper.kt,PAGE-ADDLINKACTIVITY-F9EC19DF
CAND-BR-0017,app/src/main/java/com/capyreader/app/notifications/NotificationHelper.kt:181,PAGE-ADDLINKACTIVITY-F9EC19DF,articleID != null && feedID != null,if 分支条件,if 条件 @app/src/main/java/com/capyreader/app/notifications/NotificationHelper.kt,PAGE-ADDLINKACTIVITY-F9EC19DF
CAND-BR-0018,app/src/main/java/com/capyreader/app/preferences/AfterReadAllBehavior.kt:11,PAGE-ADDLINKACTIVITY-F9EC19DF,this,when 分支条件,when 条件 @app/src/main/java/com/capyreader/app/preferences/AfterReadAllBehavior.kt,PAGE-ADDLINKACTIVITY-F9EC19DF
CAND-BR-0019,app/src/main/java/com/capyreader/app/preferences/ArticleListVerticalSwipe.kt:11,PAGE-ADDLINKACTIVITY-F9EC19DF,this,when 分支条件,when 条件 @app/src/main/java/com/capyreader/app/preferences/ArticleListVerticalSwipe.kt,PAGE-ADDLINKACTIVITY-F9EC19DF
CAND-BR-0020,app/src/main/java/com/capyreader/app/preferences/ArticleVerticalSwipe.kt:13,PAGE-ADDLINKACTIVITY-F9EC19DF,this,when 分支条件,when 条件 @app/src/main/java/com/capyreader/app/preferences/ArticleVerticalSwipe.kt,PAGE-ADDLINKACTIVITY-F9EC19DF
CAND-BR-0021,app/src/main/java/com/capyreader/app/preferences/BackAction.kt:11,PAGE-ADDLINKACTIVITY-F9EC19DF,this,when 分支条件,when 条件 @app/src/main/java/com/capyreader/app/preferences/BackAction.kt,PAGE-ADDLINKACTIVITY-F9EC19DF
CAND-BR-0022,app/src/main/java/com/capyreader/app/preferences/BadgeStyle.kt:10,PAGE-ADDLINKACTIVITY-F9EC19DF,this,when 分支条件,when 条件 @app/src/main/java/com/capyreader/app/preferences/BadgeStyle.kt,PAGE-ADDLINKACTIVITY-F9EC19DF
CAND-BR-0023,app/src/main/java/com/capyreader/app/preferences/ReaderImageVisibility.kt:11,PAGE-ADDLINKACTIVITY-F9EC19DF,this,when 分支条件,when 条件 @app/src/main/java/com/capyreader/app/preferences/ReaderImageVisibility.kt,PAGE-ADDLINKACTIVITY-F9EC19DF
CAND-BR-0024,app/src/main/java/com/capyreader/app/preferences/RowSwipeOption.kt:12,PAGE-ADDLINKACTIVITY-F9EC19DF,this,when 分支条件,when 条件 @app/src/main/java/com/capyreader/app/preferences/RowSwipeOption.kt,PAGE-ADDLINKACTIVITY-F9EC19DF
CAND-BR-0025,app/src/main/java/com/capyreader/app/preferences/TextAlignmentExt.kt:11,PAGE-ADDLINKACTIVITY-F9EC19DF,this,when 分支条件,when 条件 @app/src/main/java/com/capyreader/app/preferences/TextAlignmentExt.kt,PAGE-ADDLINKACTIVITY-F9EC19DF
CAND-BR-0026,app/src/main/java/com/capyreader/app/preferences/TextAlignmentExt.kt:17,PAGE-ADDLINKACTIVITY-F9EC19DF,this,when 分支条件,when 条件 @app/src/main/java/com/capyreader/app/preferences/TextAlignmentExt.kt,PAGE-ADDLINKACTIVITY-F9EC19DF
CAND-BR-0027,app/src/main/java/com/capyreader/app/preferences/ThemeOption.kt:44,PAGE-ADDLINKACTIVITY-F9EC19DF,this === MONET && Build.VERSION.SDK_INT < Build.VERSION_CODES.S,if 分支条件,if 条件 @app/src/main/java/com/capyreader/app/preferences/ThemeOption.kt,PAGE-ADDLINKACTIVITY-F9EC19DF
CAND-BR-0028,app/src/main/java/com/capyreader/app/preferences/ThemeOption.kt:12,PAGE-ADDLINKACTIVITY-F9EC19DF,this,when 分支条件,when 条件 @app/src/main/java/com/capyreader/app/preferences/ThemeOption.kt,PAGE-ADDLINKACTIVITY-F9EC19DF
CAND-BR-0029,app/src/main/java/com/capyreader/app/preferences/ThemeOption.kt:31,PAGE-ADDLINKACTIVITY-F9EC19DF,this,when 分支条件,when 条件 @app/src/main/java/com/capyreader/app/preferences/ThemeOption.kt,PAGE-ADDLINKACTIVITY-F9EC19DF
CAND-BR-0030,app/src/main/java/com/capyreader/app/refresher/RefreshIntervalDurationExt.kt:7,PAGE-ADDLINKACTIVITY-F9EC19DF,this,when 分支条件,when 条件 @app/src/main/java/com/capyreader/app/refresher/RefreshIntervalDurationExt.kt,PAGE-ADDLINKACTIVITY-F9EC19DF
CAND-BR-0031,app/src/main/java/com/capyreader/app/refresher/RefreshScheduler.kt:38,PAGE-ADDLINKACTIVITY-F9EC19DF,interval == refreshInterval,if 分支条件,if 条件 @app/src/main/java/com/capyreader/app/refresher/RefreshScheduler.kt,PAGE-ADDLINKACTIVITY-F9EC19DF
CAND-BR-0032,app/src/main/java/com/capyreader/app/refresher/RefreshScheduler.kt:48,PAGE-ADDLINKACTIVITY-F9EC19DF,time == null,if 分支条件,if 条件 @app/src/main/java/com/capyreader/app/refresher/RefreshScheduler.kt,PAGE-ADDLINKACTIVITY-F9EC19DF
CAND-BR-0033,app/src/main/java/com/capyreader/app/ui/AddFeedErrorMessage.kt:7,PAGE-ADDLINKACTIVITY-F9EC19DF,this,when 分支条件,when 条件 @app/src/main/java/com/capyreader/app/ui/AddFeedErrorMessage.kt,PAGE-ADDLINKACTIVITY-F9EC19DF
CAND-BR-0034,app/src/main/java/com/capyreader/app/ui/ArticleStatusNavigationTitleExt.kt:7,PAGE-ADDLINKACTIVITY-F9EC19DF,this,when 分支条件,when 条件 @app/src/main/java/com/capyreader/app/ui/ArticleStatusNavigationTitleExt.kt,PAGE-ADDLINKACTIVITY-F9EC19DF
CAND-BR-0035,app/src/main/java/com/capyreader/app/ui/LazyListStateExt.kt:17,PAGE-ADDLINKACTIVITY-F9EC19DF,itemCount,when 分支条件,when 条件 @app/src/main/java/com/capyreader/app/ui/LazyListStateExt.kt,PAGE-ADDLINKACTIVITY-F9EC19DF
CAND-BR-0036,app/src/main/java/com/capyreader/app/ui/SourceNavigationTitleExt.kt:7,PAGE-ADDLINKACTIVITY-F9EC19DF,this == Source.FRESHRSS,if 分支条件,if 条件 @app/src/main/java/com/capyreader/app/ui/SourceNavigationTitleExt.kt,PAGE-ADDLINKACTIVITY-F9EC19DF
CAND-BR-0037,app/src/main/java/com/capyreader/app/ui/accounts/AccountRow.kt:50,PAGE-ADDLINKACTIVITY-F9EC19DF,source,when 分支条件,when 条件 @app/src/main/java/com/capyreader/app/ui/accounts/AccountRow.kt,PAGE-ADDLINKACTIVITY-F9EC19DF
CAND-BR-0038,app/src/main/java/com/capyreader/app/ui/accounts/AddAccountView.kt:82,PAGE-ADDLINKACTIVITY-F9EC19DF,CrashReporting.isAvailable,if 分支条件,if 条件 @app/src/main/java/com/capyreader/app/ui/accounts/AddAccountView.kt,PAGE-ADDLINKACTIVITY-F9EC19DF
CAND-BR-0039,app/src/main/java/com/capyreader/app/ui/accounts/AuthFields.kt:86,PAGE-ADDLINKACTIVITY-F9EC19DF,hasApiToken || showPassword,if 分支条件,if 条件 @app/src/main/java/com/capyreader/app/ui/accounts/AuthFields.kt,PAGE-ADDLINKACTIVITY-F9EC19DF
CAND-BR-0040,app/src/main/java/com/capyreader/app/ui/accounts/AuthFields.kt:101,PAGE-ADDLINKACTIVITY-F9EC19DF,source.requiresUsername,if 分支条件,if 条件 @app/src/main/java/com/capyreader/app/ui/accounts/AuthFields.kt,PAGE-ADDLINKACTIVITY-F9EC19DF
CAND-BR-0041,app/src/main/java/com/capyreader/app/ui/accounts/AuthFields.kt:122,PAGE-ADDLINKACTIVITY-F9EC19DF,hasApiToken,if 分支条件,if 条件 @app/src/main/java/com/capyreader/app/ui/accounts/AuthFields.kt,PAGE-ADDLINKACTIVITY-F9EC19DF
CAND-BR-0042,app/src/main/java/com/capyreader/app/ui/accounts/AuthFields.kt:159,PAGE-ADDLINKACTIVITY-F9EC19DF,showPassword,if 分支条件,if 条件 @app/src/main/java/com/capyreader/app/ui/accounts/AuthFields.kt,PAGE-ADDLINKACTIVITY-F9EC19DF
CAND-BR-0043,app/src/main/java/com/capyreader/app/ui/accounts/AuthFields.kt:165,PAGE-ADDLINKACTIVITY-F9EC19DF,showPassword,if 分支条件,if 条件 @app/src/main/java/com/capyreader/app/ui/accounts/AuthFields.kt,PAGE-ADDLINKACTIVITY-F9EC19DF
CAND-BR-0044,app/src/main/java/com/capyreader/app/ui/accounts/AuthFields.kt:181,PAGE-ADDLINKACTIVITY-F9EC19DF,showApiTokenToggle,if 分支条件,if 条件 @app/src/main/java/com/capyreader/app/ui/accounts/AuthFields.kt,PAGE-ADDLINKACTIVITY-F9EC19DF
CAND-BR-0045,app/src/main/java/com/capyreader/app/ui/accounts/AuthFields.kt:187,PAGE-ADDLINKACTIVITY-F9EC19DF,hasApiToken,if 分支条件,if 条件 @app/src/main/java/com/capyreader/app/ui/accounts/AuthFields.kt,PAGE-ADDLINKACTIVITY-F9EC19DF
CAND-BR-0046,app/src/main/java/com/capyreader/app/ui/accounts/AuthFields.kt:197,PAGE-ADDLINKACTIVITY-F9EC19DF,source.hasCustomURL,if 分支条件,if 条件 @app/src/main/java/com/capyreader/app/ui/accounts/AuthFields.kt,PAGE-ADDLINKACTIVITY-F9EC19DF
CAND-BR-0047,app/src/main/java/com/capyreader/app/ui/accounts/AuthFields.kt:265,PAGE-ADDLINKACTIVITY-F9EC19DF,it is PressInteraction.Release,if 分支条件,if 条件 @app/src/main/java/com/capyreader/app/ui/accounts/AuthFields.kt,PAGE-ADDLINKACTIVITY-F9EC19DF
CAND-BR-0048,app/src/main/java/com/capyreader/app/ui/accounts/AuthFields.kt:333,PAGE-ADDLINKACTIVITY-F9EC19DF,this,when 分支条件,when 条件 @app/src/main/java/com/capyreader/app/ui/accounts/AuthFields.kt,PAGE-ADDLINKACTIVITY-F9EC19DF
CAND-BR-0049,app/src/main/java/com/capyreader/app/ui/accounts/AuthFields.kt:339,PAGE-ADDLINKACTIVITY-F9EC19DF,this,when 分支条件,when 条件 @app/src/main/java/com/capyreader/app/ui/accounts/AuthFields.kt,PAGE-ADDLINKACTIVITY-F9EC19DF
CAND-BR-0050,app/src/main/java/com/capyreader/app/ui/accounts/LoginView.kt:102,PAGE-ADDLINKACTIVITY-F9EC19DF,source.hasCustomURL,if 分支条件,if 条件 @app/src/main/java/com/capyreader/app/ui/accounts/LoginView.kt,PAGE-ADDLINKACTIVITY-F9EC19DF
CAND-BR-0051,app/src/main/java/com/capyreader/app/ui/accounts/LoginViewModel.kt:45,PAGE-ADDLINKACTIVITY-F9EC19DF,routeSource == Source.MINIFLUX && _useApiToken,if 分支条件,if 条件 @app/src/main/java/com/capyreader/app/ui/accounts/LoginViewModel.kt,PAGE-ADDLINKACTIVITY-F9EC19DF
CAND-BR-0052,app/src/main/java/com/capyreader/app/ui/accounts/LoginViewModel.kt:133,PAGE-ADDLINKACTIVITY-F9EC19DF,source,when 分支条件,when 条件 @app/src/main/java/com/capyreader/app/ui/accounts/LoginViewModel.kt,PAGE-ADDLINKACTIVITY-F9EC19DF
CAND-BR-0053,app/src/main/java/com/capyreader/app/ui/accounts/MiniSettings.kt:58,PAGE-MINISETTINGS-2235D2DC,isOpen,if 分支条件,if 条件 @app/src/main/java/com/capyreader/app/ui/accounts/MiniSettings.kt,PAGE-MINISETTINGS-2235D2DC
CAND-BR-0054,app/src/main/java/com/capyreader/app/ui/accounts/MiniSettings.kt:86,PAGE-MINISETTINGS-2235D2DC,CrashReporting.isAvailable,if 分支条件,if 条件 @app/src/main/java/com/capyreader/app/ui/accounts/MiniSettings.kt,PAGE-MINISETTINGS-2235D2DC
CAND-BR-0055,app/src/main/java/com/capyreader/app/ui/accounts/ServiceSignup.kt:39,PAGE-ADDLINKACTIVITY-F9EC19DF,source,when 分支条件,when 条件 @app/src/main/java/com/capyreader/app/ui/accounts/ServiceSignup.kt,PAGE-ADDLINKACTIVITY-F9EC19DF
CAND-BR-0056,app/src/main/java/com/capyreader/app/ui/addintent/AddLinkScreen.kt:142,PAGE-ADDLINKSCREEN-C6EC3530,supportsReadLater && successMessage == null,if 分支条件,if 条件 @app/src/main/java/com/capyreader/app/ui/addintent/AddLinkScreen.kt,PAGE-ADDLINKSCREEN-C6EC3530
CAND-BR-0057,app/src/main/java/com/capyreader/app/ui/addintent/AddLinkScreen.kt:172,PAGE-ADDLINKSCREEN-C6EC3530,successMessage != null,if 分支条件,if 条件 @app/src/main/java/com/capyreader/app/ui/addintent/AddLinkScreen.kt,PAGE-ADDLINKSCREEN-C6EC3530
CAND-BR-0058,app/src/main/java/com/capyreader/app/ui/addintent/AddLinkScreen.kt:175,PAGE-ADDLINKSCREEN-C6EC3530,selectedTab,when 分支条件,when 条件 @app/src/main/java/com/capyreader/app/ui/addintent/AddLinkScreen.kt,PAGE-ADDLINKSCREEN-C6EC3530
CAND-BR-0059,app/src/main/java/com/capyreader/app/ui/addintent/AddLinkScreen.kt:226,PAGE-ADDLINKSCREEN-C6EC3530,message,when 分支条件,when 条件 @app/src/main/java/com/capyreader/app/ui/addintent/AddLinkScreen.kt,PAGE-ADDLINKSCREEN-C6EC3530
CAND-BR-0060,app/src/main/java/com/capyreader/app/ui/addintent/AddLinkViewModel.kt:76,PAGE-ADDLINKACTIVITY-F9EC19DF,result is AddFeedResult.Success && account.source == Source.LOCAL,if 分支条件,if 条件 @app/src/main/java/com/capyreader/app/ui/addintent/AddLinkViewModel.kt,PAGE-ADDLINKACTIVITY-F9EC19DF
CAND-BR-0061,app/src/main/java/com/capyreader/app/ui/addintent/AddLinkViewModel.kt:110,PAGE-ADDLINKACTIVITY-F9EC19DF,exception is IOException,if 分支条件,if 条件 @app/src/main/java/com/capyreader/app/ui/addintent/AddLinkViewModel.kt,PAGE-ADDLINKACTIVITY-F9EC19DF
CAND-BR-0062,app/src/main/java/com/capyreader/app/ui/addintent/AddLinkViewModel.kt:32,PAGE-ADDLINKACTIVITY-F9EC19DF,result,when 分支条件,when 条件 @app/src/main/java/com/capyreader/app/ui/addintent/AddLinkViewModel.kt,PAGE-ADDLINKACTIVITY-F9EC19DF
CAND-BR-0063,app/src/main/java/com/capyreader/app/ui/addintent/AddLinkViewModel.kt:58,PAGE-ADDLINKACTIVITY-F9EC19DF,exception,when 分支条件,when 条件 @app/src/main/java/com/capyreader/app/ui/addintent/AddLinkViewModel.kt,PAGE-ADDLINKACTIVITY-F9EC19DF
CAND-BR-0064,app/src/main/java/com/capyreader/app/ui/addintent/AddLinkViewModel.kt:81,PAGE-ADDLINKACTIVITY-F9EC19DF,result,when 分支条件,when 条件 @app/src/main/java/com/capyreader/app/ui/addintent/AddLinkViewModel.kt,PAGE-ADDLINKACTIVITY-F9EC19DF
CAND-BR-0065,app/src/main/java/com/capyreader/app/ui/addintent/SavePageView.kt:74,PAGE-ADDLINKACTIVITY-F9EC19DF,loading,if 分支条件,if 条件 @app/src/main/java/com/capyreader/app/ui/addintent/SavePageView.kt,PAGE-ADDLINKACTIVITY-F9EC19DF
CAND-BR-0066,app/src/main/java/com/capyreader/app/ui/addintent/SavePageView.kt:52,PAGE-ADDLINKACTIVITY-F9EC19DF,it,when 分支条件,when 条件 @app/src/main/java/com/capyreader/app/ui/addintent/SavePageView.kt,PAGE-ADDLINKACTIVITY-F9EC19DF
CAND-BR-0067,app/src/main/java/com/capyreader/app/ui/addintent/SubscribeView.kt:91,PAGE-ADDLINKACTIVITY-F9EC19DF,loading,if 分支条件,if 条件 @app/src/main/java/com/capyreader/app/ui/addintent/SubscribeView.kt,PAGE-ADDLINKACTIVITY-F9EC19DF
CAND-BR-0068,app/src/main/java/com/capyreader/app/ui/addintent/SubscribeView.kt:115,PAGE-ADDLINKACTIVITY-F9EC19DF,singleOption,if 分支条件,if 条件 @app/src/main/java/com/capyreader/app/ui/addintent/SubscribeView.kt,PAGE-ADDLINKACTIVITY-F9EC19DF
CAND-BR-0069,app/src/main/java/com/capyreader/app/ui/addintent/SubscribeView.kt:123,PAGE-ADDLINKACTIVITY-F9EC19DF,singleOption,if 分支条件,if 条件 @app/src/main/java/com/capyreader/app/ui/addintent/SubscribeView.kt,PAGE-ADDLINKACTIVITY-F9EC19DF
CAND-BR-0070,app/src/main/java/com/capyreader/app/ui/addintent/SubscribeView.kt:139,PAGE-ADDLINKACTIVITY-F9EC19DF,!singleOption,if 分支条件,if 条件 @app/src/main/java/com/capyreader/app/ui/addintent/SubscribeView.kt,PAGE-ADDLINKACTIVITY-F9EC19DF
CAND-BR-0071,app/src/main/java/com/capyreader/app/ui/addintent/SubscribeView.kt:142,PAGE-ADDLINKACTIVITY-F9EC19DF,singleOption,if 分支条件,if 条件 @app/src/main/java/com/capyreader/app/ui/addintent/SubscribeView.kt,PAGE-ADDLINKACTIVITY-F9EC19DF
CAND-BR-0072,app/src/main/java/com/capyreader/app/ui/articles/AddFeedButton.kt:36,PAGE-ADDLINKACTIVITY-F9EC19DF,iconOnly,if 分支条件,if 条件 @app/src/main/java/com/capyreader/app/ui/articles/AddFeedButton.kt,PAGE-ADDLINKACTIVITY-F9EC19DF
CAND-BR-0073,app/src/main/java/com/capyreader/app/ui/articles/AddFeedButton.kt:58,PAGE-ADDLINKACTIVITY-F9EC19DF,isDialogOpen,if 分支条件,if 条件 @app/src/main/java/com/capyreader/app/ui/articles/AddFeedButton.kt,PAGE-ADDLINKACTIVITY-F9EC19DF
CAND-BR-0074,app/src/main/java/com/capyreader/app/ui/articles/AddFeedView.kt:72,PAGE-ADDLINKACTIVITY-F9EC19DF,selectedOption != null,if 分支条件,if 条件 @app/src/main/java/com/capyreader/app/ui/articles/AddFeedView.kt,PAGE-ADDLINKACTIVITY-F9EC19DF
CAND-BR-0075,app/src/main/java/com/capyreader/app/ui/articles/AddFeedView.kt:108,PAGE-ADDLINKACTIVITY-F9EC19DF,loading,if 分支条件,if 条件 @app/src/main/java/com/capyreader/app/ui/articles/AddFeedView.kt,PAGE-ADDLINKACTIVITY-F9EC19DF
CAND-BR-0076,app/src/main/java/com/capyreader/app/ui/articles/AddFeedView.kt:127,PAGE-ADDLINKACTIVITY-F9EC19DF,condensed,if 分支条件,if 条件 @app/src/main/java/com/capyreader/app/ui/articles/AddFeedView.kt,PAGE-ADDLINKACTIVITY-F9EC19DF
CAND-BR-0077,app/src/main/java/com/capyreader/app/ui/articles/AddFeedView.kt:212,PAGE-ADDLINKACTIVITY-F9EC19DF,!condensed,if 分支条件,if 条件 @app/src/main/java/com/capyreader/app/ui/articles/AddFeedView.kt,PAGE-ADDLINKACTIVITY-F9EC19DF
CAND-BR-0078,app/src/main/java/com/capyreader/app/ui/articles/AddFeedView.kt:220,PAGE-ADDLINKACTIVITY-F9EC19DF,visible,if 分支条件,if 条件 @app/src/main/java/com/capyreader/app/ui/articles/AddFeedView.kt,PAGE-ADDLINKACTIVITY-F9EC19DF
CAND-BR-0079,app/src/main/java/com/capyreader/app/ui/articles/AddFeedViewModel.kt:46,PAGE-ADDLINKACTIVITY-F9EC19DF,result is AddFeedResult.Success && account.source == Source.LOCAL,if 分支条件,if 条件 @app/src/main/java/com/capyreader/app/ui/articles/AddFeedViewModel.kt,PAGE-ADDLINKACTIVITY-F9EC19DF
CAND-BR-0080,app/src/main/java/com/capyreader/app/ui/articles/AddFeedViewModel.kt:29,PAGE-ADDLINKACTIVITY-F9EC19DF,it,when 分支条件,when 条件 @app/src/main/java/com/capyreader/app/ui/articles/AddFeedViewModel.kt,PAGE-ADDLINKACTIVITY-F9EC19DF
CAND-BR-0081,app/src/main/java/com/capyreader/app/ui/articles/AddFeedViewModel.kt:51,PAGE-ADDLINKACTIVITY-F9EC19DF,result,when 分支条件,when 条件 @app/src/main/java/com/capyreader/app/ui/articles/AddFeedViewModel.kt,PAGE-ADDLINKACTIVITY-F9EC19DF
CAND-BR-0082,app/src/main/java/com/capyreader/app/ui/articles/ArticleDisplayFeedNameExt.kt:8,PAGE-ADDLINKACTIVITY-F9EC19DF,isReadLater,if 分支条件,if 条件 @app/src/main/java/com/capyreader/app/ui/articles/ArticleDisplayFeedNameExt.kt,PAGE-ADDLINKACTIVITY-F9EC19DF
CAND-BR-0083,app/src/main/java/com/capyreader/app/ui/articles/ArticleList.kt:72,PAGE-ADDLINKACTIVITY-F9EC19DF,item == null,if 分支条件,if 条件 @app/src/main/java/com/capyreader/app/ui/articles/ArticleList.kt,PAGE-ADDLINKACTIVITY-F9EC19DF
CAND-BR-0084,app/src/main/java/com/capyreader/app/ui/articles/ArticleList.kt:90,PAGE-ADDLINKACTIVITY-F9EC19DF,enableMarkReadOnScroll && articles.itemCount > 0,if 分支条件,if 条件 @app/src/main/java/com/capyreader/app/ui/articles/ArticleList.kt,PAGE-ADDLINKACTIVITY-F9EC19DF
CAND-BR-0085,app/src/main/java/com/capyreader/app/ui/articles/ArticleListBackHandler.kt:26,PAGE-ADDLINKACTIVITY-F9EC19DF,!enabled,if 分支条件,if 条件 @app/src/main/java/com/capyreader/app/ui/articles/ArticleListBackHandler.kt,PAGE-ADDLINKACTIVITY-F9EC19DF
CAND-BR-0086,app/src/main/java/com/capyreader/app/ui/articles/ArticleListBackHandler.kt:42,PAGE-ADDLINKACTIVITY-F9EC19DF,folderTitle != null,if 分支条件,if 条件 @app/src/main/java/com/capyreader/app/ui/articles/ArticleListBackHandler.kt,PAGE-ADDLINKACTIVITY-F9EC19DF
CAND-BR-0087,app/src/main/java/com/capyreader/app/ui/articles/ArticleListBackHandler.kt:39,PAGE-ADDLINKACTIVITY-F9EC19DF,filter,when 分支条件,when 条件 @app/src/main/java/com/capyreader/app/ui/articles/ArticleListBackHandler.kt,PAGE-ADDLINKACTIVITY-F9EC19DF
CAND-BR-0088,app/src/main/java/com/capyreader/app/ui/articles/ArticleListFontScale.kt:17,PAGE-ADDLINKACTIVITY-F9EC19DF,this,when 分支条件,when 条件 @app/src/main/java/com/capyreader/app/ui/articles/ArticleListFontScale.kt,PAGE-ADDLINKACTIVITY-F9EC19DF
CAND-BR-0089,app/src/main/java/com/capyreader/app/ui/articles/ArticleListScaffold.kt:22,PAGE-ADDLINKACTIVITY-F9EC19DF,showOnboarding,if 分支条件,if 条件 @app/src/main/java/com/capyreader/app/ui/articles/ArticleListScaffold.kt,PAGE-ADDLINKACTIVITY-F9EC19DF
CAND-BR-0090,app/src/main/java/com/capyreader/app/ui/articles/ArticlePagerFactory.kt:23,PAGE-ADDLINKACTIVITY-F9EC19DF,filter,when 分支条件,when 条件 @app/src/main/java/com/capyreader/app/ui/articles/ArticlePagerFactory.kt,PAGE-ADDLINKACTIVITY-F9EC19DF
CAND-BR-0091,app/src/main/java/com/capyreader/app/ui/articles/ArticlePaneExpansion.kt:45,PAGE-ADDLINKACTIVITY-F9EC19DF,isFullscreen,if 分支条件,if 条件 @app/src/main/java/com/capyreader/app/ui/articles/ArticlePaneExpansion.kt,PAGE-ADDLINKACTIVITY-F9EC19DF
CAND-BR-0092,app/src/main/java/com/capyreader/app/ui/articles/ArticlePaneExpansion.kt:54,PAGE-ADDLINKACTIVITY-F9EC19DF,isListFullscreen,if 分支条件,if 条件 @app/src/main/java/com/capyreader/app/ui/articles/ArticlePaneExpansion.kt,PAGE-ADDLINKACTIVITY-F9EC19DF
CAND-BR-0093,app/src/main/java/com/capyreader/app/ui/articles/ArticlePaneExpansion.kt:63,PAGE-ADDLINKACTIVITY-F9EC19DF,isFullscreen,if 分支条件,if 条件 @app/src/main/java/com/capyreader/app/ui/articles/ArticlePaneExpansion.kt,PAGE-ADDLINKACTIVITY-F9EC19DF
CAND-BR-0094,app/src/main/java/com/capyreader/app/ui/articles/ArticlePaneExpansion.kt:93,PAGE-ADDLINKACTIVITY-F9EC19DF,index in 1..listFullscreenIndex,if 分支条件,if 条件 @app/src/main/java/com/capyreader/app/ui/articles/ArticlePaneExpansion.kt,PAGE-ADDLINKACTIVITY-F9EC19DF
CAND-BR-0095,app/src/main/java/com/capyreader/app/ui/articles/ArticleRow.kt:135,PAGE-ADDLINKACTIVITY-F9EC19DF,options.shortenTitles,if 分支条件,if 条件 @app/src/main/java/com/capyreader/app/ui/articles/ArticleRow.kt,PAGE-ADDLINKACTIVITY-F9EC19DF
CAND-BR-0096,app/src/main/java/com/capyreader/app/ui/articles/ArticleRow.kt:137,PAGE-ADDLINKACTIVITY-F9EC19DF,deEmphasizeFontWeight,if 分支条件,if 条件 @app/src/main/java/com/capyreader/app/ui/articles/ArticleRow.kt,PAGE-ADDLINKACTIVITY-F9EC19DF
CAND-BR-0097,app/src/main/java/com/capyreader/app/ui/articles/ArticleRow.kt:150,PAGE-ADDLINKACTIVITY-F9EC19DF,options.showFeedName,if 分支条件,if 条件 @app/src/main/java/com/capyreader/app/ui/articles/ArticleRow.kt,PAGE-ADDLINKACTIVITY-F9EC19DF
CAND-BR-0098,app/src/main/java/com/capyreader/app/ui/articles/ArticleRow.kt:156,PAGE-ADDLINKACTIVITY-F9EC19DF,deEmphasizeFontWeight,if 分支条件,if 条件 @app/src/main/java/com/capyreader/app/ui/articles/ArticleRow.kt,PAGE-ADDLINKACTIVITY-F9EC19DF
CAND-BR-0099,app/src/main/java/com/capyreader/app/ui/articles/ArticleRow.kt:165,PAGE-ADDLINKACTIVITY-F9EC19DF,article.starred,if 分支条件,if 条件 @app/src/main/java/com/capyreader/app/ui/articles/ArticleRow.kt,PAGE-ADDLINKACTIVITY-F9EC19DF
CAND-BR-0100,app/src/main/java/com/capyreader/app/ui/articles/ArticleRow.kt:174,PAGE-ADDLINKACTIVITY-F9EC19DF,article.enclosureType == EnclosureType.AUDIO,if 分支条件,if 条件 @app/src/main/java/com/capyreader/app/ui/articles/ArticleRow.kt,PAGE-ADDLINKACTIVITY-F9EC19DF
CAND-BR-0101,app/src/main/java/com/capyreader/app/ui/articles/ArticleRow.kt:206,PAGE-ADDLINKACTIVITY-F9EC19DF,deEmphasizeFontWeight,if 分支条件,if 条件 @app/src/main/java/com/capyreader/app/ui/articles/ArticleRow.kt,PAGE-ADDLINKACTIVITY-F9EC19DF
CAND-BR-0102,app/src/main/java/com/capyreader/app/ui/articles/ArticleRow.kt:209,PAGE-ADDLINKACTIVITY-F9EC19DF,imageURL != null && options.imagePreview == ImagePreview.LARGE,if 分支条件,if 条件 @app/src/main/java/com/capyreader/app/ui/articles/ArticleRow.kt,PAGE-ADDLINKACTIVITY-F9EC19DF
CAND-BR-0103,app/src/main/java/com/capyreader/app/ui/articles/ArticleRow.kt:214,PAGE-ADDLINKACTIVITY-F9EC19DF,options.showIcon,if 分支条件,if 条件 @app/src/main/java/com/capyreader/app/ui/articles/ArticleRow.kt,PAGE-ADDLINKACTIVITY-F9EC19DF
CAND-BR-0104,app/src/main/java/com/capyreader/app/ui/articles/ArticleRow.kt:254,PAGE-ADDLINKACTIVITY-F9EC19DF,result.isSuccess,if 分支条件,if 条件 @app/src/main/java/com/capyreader/app/ui/articles/ArticleRow.kt,PAGE-ADDLINKACTIVITY-F9EC19DF
CAND-BR-0105,app/src/main/java/com/capyreader/app/ui/articles/ArticleRow.kt:329,PAGE-ADDLINKACTIVITY-F9EC19DF,imagePreview == ImagePreview.LARGE,if 分支条件,if 条件 @app/src/main/java/com/capyreader/app/ui/articles/ArticleRow.kt,PAGE-ADDLINKACTIVITY-F9EC19DF
CAND-BR-0106,app/src/main/java/com/capyreader/app/ui/articles/ArticleRow.kt:368,PAGE-ADDLINKACTIVITY-F9EC19DF,selected,if 分支条件,if 条件 @app/src/main/java/com/capyreader/app/ui/articles/ArticleRow.kt,PAGE-ADDLINKACTIVITY-F9EC19DF
CAND-BR-0107,app/src/main/java/com/capyreader/app/ui/articles/ArticleRow.kt:369,PAGE-ADDLINKACTIVITY-F9EC19DF,dimColors,if 分支条件,if 条件 @app/src/main/java/com/capyreader/app/ui/articles/ArticleRow.kt,PAGE-ADDLINKACTIVITY-F9EC19DF
CAND-BR-0108,app/src/main/java/com/capyreader/app/ui/articles/ArticleRow.kt:370,PAGE-ADDLINKACTIVITY-F9EC19DF,dimColors,if 分支条件,if 条件 @app/src/main/java/com/capyreader/app/ui/articles/ArticleRow.kt,PAGE-ADDLINKACTIVITY-F9EC19DF
CAND-BR-0109,app/src/main/java/com/capyreader/app/ui/articles/ArticleRow.kt:383,PAGE-ADDLINKACTIVITY-F9EC19DF,showAccentColor,if 分支条件,if 条件 @app/src/main/java/com/capyreader/app/ui/articles/ArticleRow.kt,PAGE-ADDLINKACTIVITY-F9EC19DF
CAND-BR-0110,app/src/main/java/com/capyreader/app/ui/articles/ArticleRow.kt:386,PAGE-ADDLINKACTIVITY-F9EC19DF,accentColor != null,if 分支条件,if 条件 @app/src/main/java/com/capyreader/app/ui/articles/ArticleRow.kt,PAGE-ADDLINKACTIVITY-F9EC19DF
CAND-BR-0111,app/src/main/java/com/capyreader/app/ui/articles/ArticleRow.kt:387,PAGE-ADDLINKACTIVITY-F9EC19DF,read,if 分支条件,if 条件 @app/src/main/java/com/capyreader/app/ui/articles/ArticleRow.kt,PAGE-ADDLINKACTIVITY-F9EC19DF
CAND-BR-0112,app/src/main/java/com/capyreader/app/ui/articles/ArticleRow.kt:394,PAGE-ADDLINKACTIVITY-F9EC19DF,read && !isMonochrome,if 分支条件,if 条件 @app/src/main/java/com/capyreader/app/ui/articles/ArticleRow.kt,PAGE-ADDLINKACTIVITY-F9EC19DF
CAND-BR-0113,app/src/main/java/com/capyreader/app/ui/articles/ArticleRow.kt:272,PAGE-ADDLINKACTIVITY-F9EC19DF,imagePreview,when 分支条件,when 条件 @app/src/main/java/com/capyreader/app/ui/articles/ArticleRow.kt,PAGE-ADDLINKACTIVITY-F9EC19DF
CAND-BR-0114,app/src/main/java/com/capyreader/app/ui/articles/ArticleRow.kt:344,PAGE-ADDLINKACTIVITY-F9EC19DF,imagePreview,when 分支条件,when 条件 @app/src/main/java/com/capyreader/app/ui/articles/ArticleRow.kt,PAGE-ADDLINKACTIVITY-F9EC19DF
CAND-BR-0115,app/src/main/java/com/capyreader/app/ui/articles/ArticleScreen.kt:233,PAGE-ARTICLESCREEN-5C3108E6,showMultipleColumns,if 分支条件,if 条件 @app/src/main/java/com/capyreader/app/ui/articles/ArticleScreen.kt,PAGE-ARTICLESCREEN-5C3108E6
CAND-BR-0116,app/src/main/java/com/capyreader/app/ui/articles/ArticleScreen.kt:242,PAGE-ARTICLESCREEN-5C3108E6,index > -1,if 分支条件,if 条件 @app/src/main/java/com/capyreader/app/ui/articles/ArticleScreen.kt,PAGE-ARTICLESCREEN-5C3108E6
CAND-BR-0117,app/src/main/java/com/capyreader/app/ui/articles/ArticleScreen.kt:246,PAGE-ARTICLESCREEN-5C3108E6,!isItemVisible,if 分支条件,if 条件 @app/src/main/java/com/capyreader/app/ui/articles/ArticleScreen.kt,PAGE-ARTICLESCREEN-5C3108E6
CAND-BR-0118,app/src/main/java/com/capyreader/app/ui/articles/ArticleScreen.kt:284,PAGE-ARTICLESCREEN-5C3108E6,refreshComplete && filter != scrolledFilter,if 分支条件,if 条件 @app/src/main/java/com/capyreader/app/ui/articles/ArticleScreen.kt,PAGE-ARTICLESCREEN-5C3108E6
CAND-BR-0119,app/src/main/java/com/capyreader/app/ui/articles/ArticleScreen.kt:307,PAGE-ARTICLESCREEN-5C3108E6,range == MarkRead.All && confirmMarkAllReadEnabled,if 分支条件,if 条件 @app/src/main/java/com/capyreader/app/ui/articles/ArticleScreen.kt,PAGE-ARTICLESCREEN-5C3108E6
CAND-BR-0120,app/src/main/java/com/capyreader/app/ui/articles/ArticleScreen.kt:316,PAGE-ARTICLESCREEN-5C3108E6,animateMarkRead,if 分支条件,if 条件 @app/src/main/java/com/capyreader/app/ui/articles/ArticleScreen.kt,PAGE-ARTICLESCREEN-5C3108E6
CAND-BR-0121,app/src/main/java/com/capyreader/app/ui/articles/ArticleScreen.kt:370,PAGE-ARTICLESCREEN-5C3108E6,drawerState.isOpen,if 分支条件,if 条件 @app/src/main/java/com/capyreader/app/ui/articles/ArticleScreen.kt,PAGE-ARTICLESCREEN-5C3108E6
CAND-BR-0122,app/src/main/java/com/capyreader/app/ui/articles/ArticleScreen.kt:416,PAGE-ARTICLESCREEN-5C3108E6,search.isActive,if 分支条件,if 条件 @app/src/main/java/com/capyreader/app/ui/articles/ArticleScreen.kt,PAGE-ARTICLESCREEN-5C3108E6
CAND-BR-0123,app/src/main/java/com/capyreader/app/ui/articles/ArticleScreen.kt:421,PAGE-ARTICLESCREEN-5C3108E6,nextArticle.openInBrowser && url != null,if 分支条件,if 条件 @app/src/main/java/com/capyreader/app/ui/articles/ArticleScreen.kt,PAGE-ARTICLESCREEN-5C3108E6
CAND-BR-0124,app/src/main/java/com/capyreader/app/ui/articles/ArticleScreen.kt:533,PAGE-ARTICLESCREEN-5C3108E6,search.isActive,if 分支条件,if 条件 @app/src/main/java/com/capyreader/app/ui/articles/ArticleScreen.kt,PAGE-ARTICLESCREEN-5C3108E6
CAND-BR-0125,app/src/main/java/com/capyreader/app/ui/articles/ArticleScreen.kt:567,PAGE-ARTICLESCREEN-5C3108E6,markReadPosition == MarkReadPosition.FLOATING_ACTION_BUTTON,if 分支条件,if 条件 @app/src/main/java/com/capyreader/app/ui/articles/ArticleScreen.kt,PAGE-ARTICLESCREEN-5C3108E6
CAND-BR-0126,app/src/main/java/com/capyreader/app/ui/articles/ArticleScreen.kt:612,PAGE-ARTICLESCREEN-5C3108E6,isRefreshInitialized && articles.itemCount == 0,if 分支条件,if 条件 @app/src/main/java/com/capyreader/app/ui/articles/ArticleScreen.kt,PAGE-ARTICLESCREEN-5C3108E6
CAND-BR-0127,app/src/main/java/com/capyreader/app/ui/articles/ArticleScreen.kt:637,PAGE-ARTICLESCREEN-5C3108E6,article == null && showMultipleColumns,if 分支条件,if 条件 @app/src/main/java/com/capyreader/app/ui/articles/ArticleScreen.kt,PAGE-ARTICLESCREEN-5C3108E6
CAND-BR-0128,app/src/main/java/com/capyreader/app/ui/articles/ArticleScreen.kt:645,PAGE-ARTICLESCREEN-5C3108E6,article != null,if 分支条件,if 条件 @app/src/main/java/com/capyreader/app/ui/articles/ArticleScreen.kt,PAGE-ARTICLESCREEN-5C3108E6
CAND-BR-0129,app/src/main/java/com/capyreader/app/ui/articles/ArticleScreen.kt:687,PAGE-ARTICLESCREEN-5C3108E6,isOnList && article != null,if 分支条件,if 条件 @app/src/main/java/com/capyreader/app/ui/articles/ArticleScreen.kt,PAGE-ARTICLESCREEN-5C3108E6
CAND-BR-0130,app/src/main/java/com/capyreader/app/ui/articles/ArticleScreen.kt:706,PAGE-ARTICLESCREEN-5C3108E6,isMarkAllReadDialogOpen,if 分支条件,if 条件 @app/src/main/java/com/capyreader/app/ui/articles/ArticleScreen.kt,PAGE-ARTICLESCREEN-5C3108E6
CAND-BR-0131,app/src/main/java/com/capyreader/app/ui/articles/ArticleScreen.kt:718,PAGE-ARTICLESCREEN-5C3108E6,viewModel.showUnauthorizedMessage,if 分支条件,if 条件 @app/src/main/java/com/capyreader/app/ui/articles/ArticleScreen.kt,PAGE-ARTICLESCREEN-5C3108E6
CAND-BR-0132,app/src/main/java/com/capyreader/app/ui/articles/ArticleScreen.kt:725,PAGE-ARTICLESCREEN-5C3108E6,isUpdatePasswordDialogOpen,if 分支条件,if 条件 @app/src/main/java/com/capyreader/app/ui/articles/ArticleScreen.kt,PAGE-ARTICLESCREEN-5C3108E6
CAND-BR-0133,app/src/main/java/com/capyreader/app/ui/articles/ArticleScreen.kt:918,PAGE-ARTICLESCREEN-5C3108E6,enabled,if 分支条件,if 条件 @app/src/main/java/com/capyreader/app/ui/articles/ArticleScreen.kt,PAGE-ARTICLESCREEN-5C3108E6
CAND-BR-0134,app/src/main/java/com/capyreader/app/ui/articles/ArticleScreen.kt:948,PAGE-ARTICLESCREEN-5C3108E6,scrolledPastIndex > scrollHighWaterMark && scrolledPastIndex < articles.itemCount,if 分支条件,if 条件 @app/src/main/java/com/capyreader/app/ui/articles/ArticleScreen.kt,PAGE-ARTICLESCREEN-5C3108E6
CAND-BR-0135,app/src/main/java/com/capyreader/app/ui/articles/ArticleScreen.kt:951,PAGE-ARTICLESCREEN-5C3108E6,boundaryArticle != null,if 分支条件,if 条件 @app/src/main/java/com/capyreader/app/ui/articles/ArticleScreen.kt,PAGE-ARTICLESCREEN-5C3108E6
CAND-BR-0136,app/src/main/java/com/capyreader/app/ui/articles/ArticleScreen.kt:139,PAGE-ARTICLESCREEN-5C3108E6,swipeBottom,when 分支条件,when 条件 @app/src/main/java/com/capyreader/app/ui/articles/ArticleScreen.kt,PAGE-ARTICLESCREEN-5C3108E6
CAND-BR-0137,app/src/main/java/com/capyreader/app/ui/articles/ArticleScreen.kt:271,PAGE-ARTICLESCREEN-5C3108E6,reason,when 分支条件,when 条件 @app/src/main/java/com/capyreader/app/ui/articles/ArticleScreen.kt,PAGE-ARTICLESCREEN-5C3108E6
CAND-BR-0138,app/src/main/java/com/capyreader/app/ui/articles/ArticleScreen.kt:328,PAGE-ARTICLESCREEN-5C3108E6,swipeBottom,when 分支条件,when 条件 @app/src/main/java/com/capyreader/app/ui/articles/ArticleScreen.kt,PAGE-ARTICLESCREEN-5C3108E6
CAND-BR-0139,app/src/main/java/com/capyreader/app/ui/articles/ArticleScreenViewModel.kt:187,PAGE-ADDLINKACTIVITY-F9EC19DF,filter is ArticleFilter.Feeds,if 分支条件,if 条件 @app/src/main/java/com/capyreader/app/ui/articles/ArticleScreenViewModel.kt,PAGE-ADDLINKACTIVITY-F9EC19DF
CAND-BR-0140,app/src/main/java/com/capyreader/app/ui/articles/ArticleScreenViewModel.kt:218,PAGE-ADDLINKACTIVITY-F9EC19DF,swipeBottom == ArticleListVerticalSwipe.DISABLED,if 分支条件,if 条件 @app/src/main/java/com/capyreader/app/ui/articles/ArticleScreenViewModel.kt,PAGE-ADDLINKACTIVITY-F9EC19DF
CAND-BR-0141,app/src/main/java/com/capyreader/app/ui/articles/ArticleScreenViewModel.kt:223,PAGE-ADDLINKACTIVITY-F9EC19DF,found != null,if 分支条件,if 条件 @app/src/main/java/com/capyreader/app/ui/articles/ArticleScreenViewModel.kt,PAGE-ADDLINKACTIVITY-F9EC19DF
CAND-BR-0142,app/src/main/java/com/capyreader/app/ui/articles/ArticleScreenViewModel.kt:245,PAGE-ADDLINKACTIVITY-F9EC19DF,match != null,if 分支条件,if 条件 @app/src/main/java/com/capyreader/app/ui/articles/ArticleScreenViewModel.kt,PAGE-ADDLINKACTIVITY-F9EC19DF
CAND-BR-0143,app/src/main/java/com/capyreader/app/ui/articles/ArticleScreenViewModel.kt:293,PAGE-ADDLINKACTIVITY-F9EC19DF,syncFlushInterval != null,if 分支条件,if 条件 @app/src/main/java/com/capyreader/app/ui/articles/ArticleScreenViewModel.kt,PAGE-ADDLINKACTIVITY-F9EC19DF
CAND-BR-0144,app/src/main/java/com/capyreader/app/ui/articles/ArticleScreenViewModel.kt:304,PAGE-ADDLINKACTIVITY-F9EC19DF,skipInitialRefresh,if 分支条件,if 条件 @app/src/main/java/com/capyreader/app/ui/articles/ArticleScreenViewModel.kt,PAGE-ADDLINKACTIVITY-F9EC19DF
CAND-BR-0145,app/src/main/java/com/capyreader/app/ui/articles/ArticleScreenViewModel.kt:374,PAGE-ADDLINKACTIVITY-F9EC19DF,range != MarkRead.All,if 分支条件,if 条件 @app/src/main/java/com/capyreader/app/ui/articles/ArticleScreenViewModel.kt,PAGE-ADDLINKACTIVITY-F9EC19DF
CAND-BR-0146,app/src/main/java/com/capyreader/app/ui/articles/ArticleScreenViewModel.kt:378,PAGE-ADDLINKACTIVITY-F9EC19DF,afterReadAll.value == AfterReadAllBehavior.OPEN_DRAWER,if 分支条件,if 条件 @app/src/main/java/com/capyreader/app/ui/articles/ArticleScreenViewModel.kt,PAGE-ADDLINKACTIVITY-F9EC19DF
CAND-BR-0147,app/src/main/java/com/capyreader/app/ui/articles/ArticleScreenViewModel.kt:380,PAGE-ADDLINKACTIVITY-F9EC19DF,afterReadAll.value == AfterReadAllBehavior.OPEN_NEXT_FEED,if 分支条件,if 条件 @app/src/main/java/com/capyreader/app/ui/articles/ArticleScreenViewModel.kt,PAGE-ADDLINKACTIVITY-F9EC19DF
CAND-BR-0148,app/src/main/java/com/capyreader/app/ui/articles/ArticleScreenViewModel.kt:451,PAGE-ADDLINKACTIVITY-F9EC19DF,throwable is UnauthorizedError && _showUnauthorizedMessage == UnauthorizedMessageState.HIDE,if 分支条件,if 条件 @app/src/main/java/com/capyreader/app/ui/articles/ArticleScreenViewModel.kt,PAGE-ADDLINKACTIVITY-F9EC19DF
CAND-BR-0149,app/src/main/java/com/capyreader/app/ui/articles/ArticleScreenViewModel.kt:477,PAGE-ADDLINKACTIVITY-F9EC19DF,_refreshAllState.value == AngleRefreshState.RUNNING,if 分支条件,if 条件 @app/src/main/java/com/capyreader/app/ui/articles/ArticleScreenViewModel.kt,PAGE-ADDLINKACTIVITY-F9EC19DF
CAND-BR-0150,app/src/main/java/com/capyreader/app/ui/articles/ArticleScreenViewModel.kt:497,PAGE-ADDLINKACTIVITY-F9EC19DF,index > _scrollHighWaterMark,if 分支条件,if 条件 @app/src/main/java/com/capyreader/app/ui/articles/ArticleScreenViewModel.kt,PAGE-ADDLINKACTIVITY-F9EC19DF
CAND-BR-0151,app/src/main/java/com/capyreader/app/ui/articles/ArticleScreenViewModel.kt:509,PAGE-ADDLINKACTIVITY-F9EC19DF,_scrollHighWaterMark <= lastIndex,if 分支条件,if 条件 @app/src/main/java/com/capyreader/app/ui/articles/ArticleScreenViewModel.kt,PAGE-ADDLINKACTIVITY-F9EC19DF
CAND-BR-0152,app/src/main/java/com/capyreader/app/ui/articles/ArticleScreenViewModel.kt:530,PAGE-ADDLINKACTIVITY-F9EC19DF,isPullToRefreshing,if 分支条件,if 条件 @app/src/main/java/com/capyreader/app/ui/articles/ArticleScreenViewModel.kt,PAGE-ADDLINKACTIVITY-F9EC19DF
CAND-BR-0153,app/src/main/java/com/capyreader/app/ui/articles/ArticleScreenViewModel.kt:535,PAGE-ADDLINKACTIVITY-F9EC19DF,_refreshAllState.value == AngleRefreshState.RUNNING,if 分支条件,if 条件 @app/src/main/java/com/capyreader/app/ui/articles/ArticleScreenViewModel.kt,PAGE-ADDLINKACTIVITY-F9EC19DF
CAND-BR-0154,app/src/main/java/com/capyreader/app/ui/articles/ArticleScreenViewModel.kt:574,PAGE-ADDLINKACTIVITY-F9EC19DF,_article?.id == articleID,if 分支条件,if 条件 @app/src/main/java/com/capyreader/app/ui/articles/ArticleScreenViewModel.kt,PAGE-ADDLINKACTIVITY-F9EC19DF
CAND-BR-0155,app/src/main/java/com/capyreader/app/ui/articles/ArticleScreenViewModel.kt:590,PAGE-ADDLINKACTIVITY-F9EC19DF,article.fullContent == Article.FullContentState.LOADING,if 分支条件,if 条件 @app/src/main/java/com/capyreader/app/ui/articles/ArticleScreenViewModel.kt,PAGE-ADDLINKACTIVITY-F9EC19DF
CAND-BR-0156,app/src/main/java/com/capyreader/app/ui/articles/ArticleScreenViewModel.kt:601,PAGE-ADDLINKACTIVITY-F9EC19DF,article.read,if 分支条件,if 条件 @app/src/main/java/com/capyreader/app/ui/articles/ArticleScreenViewModel.kt,PAGE-ADDLINKACTIVITY-F9EC19DF
CAND-BR-0157,app/src/main/java/com/capyreader/app/ui/articles/ArticleScreenViewModel.kt:615,PAGE-ADDLINKACTIVITY-F9EC19DF,article.starred,if 分支条件,if 条件 @app/src/main/java/com/capyreader/app/ui/articles/ArticleScreenViewModel.kt,PAGE-ADDLINKACTIVITY-F9EC19DF
CAND-BR-0158,app/src/main/java/com/capyreader/app/ui/articles/ArticleScreenViewModel.kt:707,PAGE-ADDLINKACTIVITY-F9EC19DF,articleID == article.id,if 分支条件,if 条件 @app/src/main/java/com/capyreader/app/ui/articles/ArticleScreenViewModel.kt,PAGE-ADDLINKACTIVITY-F9EC19DF
CAND-BR-0159,app/src/main/java/com/capyreader/app/ui/articles/ArticleScreenViewModel.kt:715,PAGE-ADDLINKACTIVITY-F9EC19DF,articleID == article.id,if 分支条件,if 条件 @app/src/main/java/com/capyreader/app/ui/articles/ArticleScreenViewModel.kt,PAGE-ADDLINKACTIVITY-F9EC19DF
CAND-BR-0160,app/src/main/java/com/capyreader/app/ui/articles/ArticleScreenViewModel.kt:761,PAGE-ADDLINKACTIVITY-F9EC19DF,enableStickyFullContent && article.enableStickyFullContent,if 分支条件,if 条件 @app/src/main/java/com/capyreader/app/ui/articles/ArticleScreenViewModel.kt,PAGE-ADDLINKACTIVITY-F9EC19DF
CAND-BR-0161,app/src/main/java/com/capyreader/app/ui/articles/ArticleScreenViewModel.kt:801,PAGE-ADDLINKACTIVITY-F9EC19DF,enableStickyFullContent,if 分支条件,if 条件 @app/src/main/java/com/capyreader/app/ui/articles/ArticleScreenViewModel.kt,PAGE-ADDLINKACTIVITY-F9EC19DF
CAND-BR-0162,app/src/main/java/com/capyreader/app/ui/articles/ArticleScreenViewModel.kt:812,PAGE-ADDLINKACTIVITY-F9EC19DF,_article?.id == article.id,if 分支条件,if 条件 @app/src/main/java/com/capyreader/app/ui/articles/ArticleScreenViewModel.kt,PAGE-ADDLINKACTIVITY-F9EC19DF
CAND-BR-0163,app/src/main/java/com/capyreader/app/ui/articles/ArticleScreenViewModel.kt:820,PAGE-ADDLINKACTIVITY-F9EC19DF,_article?.id != article.id,if 分支条件,if 条件 @app/src/main/java/com/capyreader/app/ui/articles/ArticleScreenViewModel.kt,PAGE-ADDLINKACTIVITY-F9EC19DF
CAND-BR-0164,app/src/main/java/com/capyreader/app/ui/articles/ArticleScreenViewModel.kt:854,PAGE-ADDLINKACTIVITY-F9EC19DF,nextItem != null,if 分支条件,if 条件 @app/src/main/java/com/capyreader/app/ui/articles/ArticleScreenViewModel.kt,PAGE-ADDLINKACTIVITY-F9EC19DF
CAND-BR-0165,app/src/main/java/com/capyreader/app/ui/articles/ArticleScreenViewModel.kt:857,PAGE-ADDLINKACTIVITY-F9EC19DF,latestFilter.status == UNREAD,if 分支条件,if 条件 @app/src/main/java/com/capyreader/app/ui/articles/ArticleScreenViewModel.kt,PAGE-ADDLINKACTIVITY-F9EC19DF
CAND-BR-0166,app/src/main/java/com/capyreader/app/ui/articles/ArticleScreenViewModel.kt:767,PAGE-ADDLINKACTIVITY-F9EC19DF,fullContent,when 分支条件,when 条件 @app/src/main/java/com/capyreader/app/ui/articles/ArticleScreenViewModel.kt,PAGE-ADDLINKACTIVITY-F9EC19DF
CAND-BR-0167,app/src/main/java/com/capyreader/app/ui/articles/ArticleScreenViewModel.kt:948,PAGE-ADDLINKACTIVITY-F9EC19DF,throwable,when 分支条件,when 条件 @app/src/main/java/com/capyreader/app/ui/articles/ArticleScreenViewModel.kt,PAGE-ADDLINKACTIVITY-F9EC19DF
CAND-BR-0168,app/src/main/java/com/capyreader/app/ui/articles/ArticleScreenViewModel.kt:960,PAGE-ADDLINKACTIVITY-F9EC19DF,filter.status,when 分支条件,when 条件 @app/src/main/java/com/capyreader/app/ui/articles/ArticleScreenViewModel.kt,PAGE-ADDLINKACTIVITY-F9EC19DF
CAND-BR-0169,app/src/main/java/com/capyreader/app/ui/articles/ArticleStatusBar.kt:26,PAGE-ADDLINKACTIVITY-F9EC19DF,buttonStatus != status,if 分支条件,if 条件 @app/src/main/java/com/capyreader/app/ui/articles/ArticleStatusBar.kt,PAGE-ADDLINKACTIVITY-F9EC19DF
CAND-BR-0170,app/src/main/java/com/capyreader/app/ui/articles/ArticleStatusBar.kt:31,PAGE-ADDLINKACTIVITY-F9EC19DF,index,when 分支条件,when 条件 @app/src/main/java/com/capyreader/app/ui/articles/ArticleStatusBar.kt,PAGE-ADDLINKACTIVITY-F9EC19DF
CAND-BR-0171,app/src/main/java/com/capyreader/app/ui/articles/ArticleStatusIcon.kt:13,PAGE-ADDLINKACTIVITY-F9EC19DF,status,when 分支条件,when 条件 @app/src/main/java/com/capyreader/app/ui/articles/ArticleStatusIcon.kt,PAGE-ADDLINKACTIVITY-F9EC19DF
CAND-BR-0172,app/src/main/java/com/capyreader/app/ui/articles/CountBadge.kt:18,PAGE-ADDLINKACTIVITY-F9EC19DF,count < 1,if 分支条件,if 条件 @app/src/main/java/com/capyreader/app/ui/articles/CountBadge.kt,PAGE-ADDLINKACTIVITY-F9EC19DF
CAND-BR-0173,app/src/main/java/com/capyreader/app/ui/articles/CountBadge.kt:25,PAGE-ADDLINKACTIVITY-F9EC19DF,!showBadge,if 分支条件,if 条件 @app/src/main/java/com/capyreader/app/ui/articles/CountBadge.kt,PAGE-ADDLINKACTIVITY-F9EC19DF
CAND-BR-0174,app/src/main/java/com/capyreader/app/ui/articles/CountBadge.kt:22,PAGE-ADDLINKACTIVITY-F9EC19DF,LocalBadgeStyle.current,when 分支条件,when 条件 @app/src/main/java/com/capyreader/app/ui/articles/CountBadge.kt,PAGE-ADDLINKACTIVITY-F9EC19DF
CAND-BR-0175,app/src/main/java/com/capyreader/app/ui/articles/EditFolderDialog.kt:29,PAGE-EDITFOLDERDIALOG-F27DA060,isOpen,if 分支条件,if 条件 @app/src/main/java/com/capyreader/app/ui/articles/EditFolderDialog.kt,PAGE-EDITFOLDERDIALOG-F27DA060
CAND-BR-0176,app/src/main/java/com/capyreader/app/ui/articles/EditFolderViewModel.kt:25,PAGE-ADDLINKACTIVITY-F9EC19DF,filter is ArticleFilter.Folders,if 分支条件,if 条件 @app/src/main/java/com/capyreader/app/ui/articles/EditFolderViewModel.kt,PAGE-ADDLINKACTIVITY-F9EC19DF
CAND-BR-0177,app/src/main/java/com/capyreader/app/ui/articles/FaviconColorCache.kt:26,PAGE-ADDLINKACTIVITY-F9EC19DF,isDark,if 分支条件,if 条件 @app/src/main/java/com/capyreader/app/ui/articles/FaviconColorCache.kt,PAGE-ADDLINKACTIVITY-F9EC19DF
CAND-BR-0178,app/src/main/java/com/capyreader/app/ui/articles/FeedActionMenuItems.kt:34,PAGE-ADDLINKACTIVITY-F9EC19DF,showMarkAllRead,if 分支条件,if 条件 @app/src/main/java/com/capyreader/app/ui/articles/FeedActionMenuItems.kt,PAGE-ADDLINKACTIVITY-F9EC19DF
CAND-BR-0179,app/src/main/java/com/capyreader/app/ui/articles/FeedActionMenuItems.kt:45,PAGE-ADDLINKACTIVITY-F9EC19DF,!feed.isReadLater,if 分支条件,if 条件 @app/src/main/java/com/capyreader/app/ui/articles/FeedActionMenuItems.kt,PAGE-ADDLINKACTIVITY-F9EC19DF
CAND-BR-0180,app/src/main/java/com/capyreader/app/ui/articles/FeedActionMenuItems.kt:46,PAGE-ADDLINKACTIVITY-F9EC19DF,showMarkAllRead,if 分支条件,if 条件 @app/src/main/java/com/capyreader/app/ui/articles/FeedActionMenuItems.kt,PAGE-ADDLINKACTIVITY-F9EC19DF
CAND-BR-0181,app/src/main/java/com/capyreader/app/ui/articles/FeedActionMenuItems.kt:58,PAGE-ADDLINKACTIVITY-F9EC19DF,showReloadIcon,if 分支条件,if 条件 @app/src/main/java/com/capyreader/app/ui/articles/FeedActionMenuItems.kt,PAGE-ADDLINKACTIVITY-F9EC19DF
CAND-BR-0182,app/src/main/java/com/capyreader/app/ui/articles/FeedActionMenuItems.kt:81,PAGE-ADDLINKACTIVITY-F9EC19DF,feed.openArticlesInBrowser,if 分支条件,if 条件 @app/src/main/java/com/capyreader/app/ui/articles/FeedActionMenuItems.kt,PAGE-ADDLINKACTIVITY-F9EC19DF
CAND-BR-0183,app/src/main/java/com/capyreader/app/ui/articles/FeedActionMenuItems.kt:94,PAGE-ADDLINKACTIVITY-F9EC19DF,LocalBadgeStyle.current == BadgeStyle.SIMPLE,if 分支条件,if 条件 @app/src/main/java/com/capyreader/app/ui/articles/FeedActionMenuItems.kt,PAGE-ADDLINKACTIVITY-F9EC19DF
CAND-BR-0184,app/src/main/java/com/capyreader/app/ui/articles/FeedActionMenuItems.kt:96,PAGE-ADDLINKACTIVITY-F9EC19DF,feed.showUnreadBadge,if 分支条件,if 条件 @app/src/main/java/com/capyreader/app/ui/articles/FeedActionMenuItems.kt,PAGE-ADDLINKACTIVITY-F9EC19DF
CAND-BR-0185,app/src/main/java/com/capyreader/app/ui/articles/FeedDisplayTitleExt.kt:10,PAGE-ADDLINKACTIVITY-F9EC19DF,isReadLater,if 分支条件,if 条件 @app/src/main/java/com/capyreader/app/ui/articles/FeedDisplayTitleExt.kt,PAGE-ADDLINKACTIVITY-F9EC19DF
CAND-BR-0186,app/src/main/java/com/capyreader/app/ui/articles/FilterActionMenu.kt:50,PAGE-ADDLINKACTIVITY-F9EC19DF,!hideSearchIcon,if 分支条件,if 条件 @app/src/main/java/com/capyreader/app/ui/articles/FilterActionMenu.kt,PAGE-ADDLINKACTIVITY-F9EC19DF
CAND-BR-0187,app/src/main/java/com/capyreader/app/ui/articles/FilterActionMenu.kt:59,PAGE-ADDLINKACTIVITY-F9EC19DF,markReadPosition == MarkReadPosition.TOOLBAR,if 分支条件,if 条件 @app/src/main/java/com/capyreader/app/ui/articles/FilterActionMenu.kt,PAGE-ADDLINKACTIVITY-F9EC19DF
CAND-BR-0188,app/src/main/java/com/capyreader/app/ui/articles/FilterActionMenu.kt:73,PAGE-ADDLINKACTIVITY-F9EC19DF,currentFeed != null && !currentFeed.isReadLater,if 分支条件,if 条件 @app/src/main/java/com/capyreader/app/ui/articles/FilterActionMenu.kt,PAGE-ADDLINKACTIVITY-F9EC19DF
CAND-BR-0189,app/src/main/java/com/capyreader/app/ui/articles/FilterActionMenu.kt:83,PAGE-ADDLINKACTIVITY-F9EC19DF,filter is ArticleFilter.Folders,if 分支条件,if 条件 @app/src/main/java/com/capyreader/app/ui/articles/FilterActionMenu.kt,PAGE-ADDLINKACTIVITY-F9EC19DF
CAND-BR-0190,app/src/main/java/com/capyreader/app/ui/articles/FilterAppBarTitle.kt:33,PAGE-ADDLINKACTIVITY-F9EC19DF,filter,when 分支条件,when 条件 @app/src/main/java/com/capyreader/app/ui/articles/FilterAppBarTitle.kt,PAGE-ADDLINKACTIVITY-F9EC19DF
CAND-BR-0191,app/src/main/java/com/capyreader/app/ui/articles/FullContentLoadingIcon.kt:25,PAGE-ADDLINKACTIVITY-F9EC19DF,flipped,if 分支条件,if 条件 @app/src/main/java/com/capyreader/app/ui/articles/FullContentLoadingIcon.kt,PAGE-ADDLINKACTIVITY-F9EC19DF
CAND-BR-0192,app/src/main/java/com/capyreader/app/ui/articles/LayoutNavigationHandler.kt:15,PAGE-ADDLINKACTIVITY-F9EC19DF,enabled,if 分支条件,if 条件 @app/src/main/java/com/capyreader/app/ui/articles/LayoutNavigationHandler.kt,PAGE-ADDLINKACTIVITY-F9EC19DF
CAND-BR-0193,app/src/main/java/com/capyreader/app/ui/articles/MarkReadPosition.kt:10,PAGE-ADDLINKACTIVITY-F9EC19DF,this,when 分支条件,when 条件 @app/src/main/java/com/capyreader/app/ui/articles/MarkReadPosition.kt,PAGE-ADDLINKACTIVITY-F9EC19DF
CAND-BR-0194,app/src/main/java/com/capyreader/app/ui/articles/audio/AudioPlayerController.kt:50,PAGE-ADDLINKACTIVITY-F9EC19DF,it.isConnected,if 分支条件,if 条件 @app/src/main/java/com/capyreader/app/ui/articles/audio/AudioPlayerController.kt,PAGE-ADDLINKACTIVITY-F9EC19DF
CAND-BR-0195,app/src/main/java/com/capyreader/app/ui/articles/audio/AudioPlayerController.kt:82,PAGE-ADDLINKACTIVITY-F9EC19DF,isPlaying,if 分支条件,if 条件 @app/src/main/java/com/capyreader/app/ui/articles/audio/AudioPlayerController.kt,PAGE-ADDLINKACTIVITY-F9EC19DF
CAND-BR-0196,app/src/main/java/com/capyreader/app/ui/articles/audio/AudioPlayerController.kt:90,PAGE-ADDLINKACTIVITY-F9EC19DF,playbackState == Player.STATE_READY,if 分支条件,if 条件 @app/src/main/java/com/capyreader/app/ui/articles/audio/AudioPlayerController.kt,PAGE-ADDLINKACTIVITY-F9EC19DF
CAND-BR-0197,app/src/main/java/com/capyreader/app/ui/articles/audio/AudioPlayerController.kt:93,PAGE-ADDLINKACTIVITY-F9EC19DF,playbackState == Player.STATE_ENDED,if 分支条件,if 条件 @app/src/main/java/com/capyreader/app/ui/articles/audio/AudioPlayerController.kt,PAGE-ADDLINKACTIVITY-F9EC19DF
CAND-BR-0198,app/src/main/java/com/capyreader/app/ui/articles/audio/AudioPlayerController.kt:106,PAGE-ADDLINKACTIVITY-F9EC19DF,currentUrl == audio.url && mediaController?.isConnected == true,if 分支条件,if 条件 @app/src/main/java/com/capyreader/app/ui/articles/audio/AudioPlayerController.kt,PAGE-ADDLINKACTIVITY-F9EC19DF
CAND-BR-0199,app/src/main/java/com/capyreader/app/ui/articles/audio/AudioPlayerController.kt:202,PAGE-ADDLINKACTIVITY-F9EC19DF,_duration.value == 0L && it.duration > 0,if 分支条件,if 条件 @app/src/main/java/com/capyreader/app/ui/articles/audio/AudioPlayerController.kt,PAGE-ADDLINKACTIVITY-F9EC19DF
CAND-BR-0200,app/src/main/java/com/capyreader/app/ui/articles/audio/FloatingAudioPlayer.kt:66,PAGE-ADDLINKACTIVITY-F9EC19DF,isPlaying,if 分支条件,if 条件 @app/src/main/java/com/capyreader/app/ui/articles/audio/FloatingAudioPlayer.kt,PAGE-ADDLINKACTIVITY-F9EC19DF
CAND-BR-0201,app/src/main/java/com/capyreader/app/ui/articles/audio/FloatingAudioPlayer.kt:145,PAGE-ADDLINKACTIVITY-F9EC19DF,isPlaying,if 分支条件,if 条件 @app/src/main/java/com/capyreader/app/ui/articles/audio/FloatingAudioPlayer.kt,PAGE-ADDLINKACTIVITY-F9EC19DF
CAND-BR-0202,app/src/main/java/com/capyreader/app/ui/articles/audio/FloatingAudioPlayer.kt:146,PAGE-ADDLINKACTIVITY-F9EC19DF,isPlaying,if 分支条件,if 条件 @app/src/main/java/com/capyreader/app/ui/articles/audio/FloatingAudioPlayer.kt,PAGE-ADDLINKACTIVITY-F9EC19DF
CAND-BR-0203,app/src/main/java/com/capyreader/app/ui/articles/audio/FloatingAudioPlayer.kt:174,PAGE-ADDLINKACTIVITY-F9EC19DF,duration > 0,if 分支条件,if 条件 @app/src/main/java/com/capyreader/app/ui/articles/audio/FloatingAudioPlayer.kt,PAGE-ADDLINKACTIVITY-F9EC19DF
CAND-BR-0204,app/src/main/java/com/capyreader/app/ui/articles/audio/FloatingAudioPlayer.kt:213,PAGE-ADDLINKACTIVITY-F9EC19DF,hours > 0,if 分支条件,if 条件 @app/src/main/java/com/capyreader/app/ui/articles/audio/FloatingAudioPlayer.kt,PAGE-ADDLINKACTIVITY-F9EC19DF
CAND-BR-0205,app/src/main/java/com/capyreader/app/ui/articles/audio/MediaPlaybackService.kt:114,PAGE-ADDLINKACTIVITY-F9EC19DF,player?.playWhenReady == false || player?.mediaItemCount == 0,if 分支条件,if 条件 @app/src/main/java/com/capyreader/app/ui/articles/audio/MediaPlaybackService.kt,PAGE-ADDLINKACTIVITY-F9EC19DF
CAND-BR-0206,app/src/main/java/com/capyreader/app/ui/articles/audio/MediaPlaybackService.kt:92,PAGE-ADDLINKACTIVITY-F9EC19DF,command,when 分支条件,when 条件 @app/src/main/java/com/capyreader/app/ui/articles/audio/MediaPlaybackService.kt,PAGE-ADDLINKACTIVITY-F9EC19DF
CAND-BR-0207,app/src/main/java/com/capyreader/app/ui/articles/audio/MediaPlaybackService.kt:167,PAGE-ADDLINKACTIVITY-F9EC19DF,customCommand.customAction,when 分支条件,when 条件 @app/src/main/java/com/capyreader/app/ui/articles/audio/MediaPlaybackService.kt,PAGE-ADDLINKACTIVITY-F9EC19DF
CAND-BR-0208,app/src/main/java/com/capyreader/app/ui/articles/audio/SkipCalculator.kt:11,PAGE-ADDLINKACTIVITY-F9EC19DF,duration > 0,if 分支条件,if 条件 @app/src/main/java/com/capyreader/app/ui/articles/audio/SkipCalculator.kt,PAGE-ADDLINKACTIVITY-F9EC19DF
CAND-BR-0209,app/src/main/java/com/capyreader/app/ui/articles/detail/ArticleActions.kt:71,PAGE-ADDLINKACTIVITY-F9EC19DF,labelsActions.showLabels,if 分支条件,if 条件 @app/src/main/java/com/capyreader/app/ui/articles/detail/ArticleActions.kt,PAGE-ADDLINKACTIVITY-F9EC19DF
CAND-BR-0210,app/src/main/java/com/capyreader/app/ui/articles/detail/ArticleActions.kt:91,PAGE-ADDLINKACTIVITY-F9EC19DF,article.fullContent == LOADING,if 分支条件,if 条件 @app/src/main/java/com/capyreader/app/ui/articles/detail/ArticleActions.kt,PAGE-ADDLINKACTIVITY-F9EC19DF
CAND-BR-0211,app/src/main/java/com/capyreader/app/ui/articles/detail/ArticleActions.kt:127,PAGE-ADDLINKACTIVITY-F9EC19DF,isStyleSheetOpen,if 分支条件,if 条件 @app/src/main/java/com/capyreader/app/ui/articles/detail/ArticleActions.kt,PAGE-ADDLINKACTIVITY-F9EC19DF
CAND-BR-0212,app/src/main/java/com/capyreader/app/ui/articles/detail/ArticleActions.kt:142,PAGE-ADDLINKACTIVITY-F9EC19DF,article.read,if 分支条件,if 条件 @app/src/main/java/com/capyreader/app/ui/articles/detail/ArticleActions.kt,PAGE-ADDLINKACTIVITY-F9EC19DF
CAND-BR-0213,app/src/main/java/com/capyreader/app/ui/articles/detail/ArticleActions.kt:150,PAGE-ADDLINKACTIVITY-F9EC19DF,article.starred,if 分支条件,if 条件 @app/src/main/java/com/capyreader/app/ui/articles/detail/ArticleActions.kt,PAGE-ADDLINKACTIVITY-F9EC19DF
CAND-BR-0214,app/src/main/java/com/capyreader/app/ui/articles/detail/ArticleActions.kt:157,PAGE-ADDLINKACTIVITY-F9EC19DF,fullContentState,when 分支条件,when 条件 @app/src/main/java/com/capyreader/app/ui/articles/detail/ArticleActions.kt,PAGE-ADDLINKACTIVITY-F9EC19DF
CAND-BR-0215,app/src/main/java/com/capyreader/app/ui/articles/detail/ArticleBottomBar.kt:85,PAGE-ADDLINKACTIVITY-F9EC19DF,article.read,if 分支条件,if 条件 @app/src/main/java/com/capyreader/app/ui/articles/detail/ArticleBottomBar.kt,PAGE-ADDLINKACTIVITY-F9EC19DF
CAND-BR-0216,app/src/main/java/com/capyreader/app/ui/articles/detail/ArticleBottomBar.kt:97,PAGE-ADDLINKACTIVITY-F9EC19DF,article.starred,if 分支条件,if 条件 @app/src/main/java/com/capyreader/app/ui/articles/detail/ArticleBottomBar.kt,PAGE-ADDLINKACTIVITY-F9EC19DF
CAND-BR-0217,app/src/main/java/com/capyreader/app/ui/articles/detail/ArticleBottomBar.kt:126,PAGE-ADDLINKACTIVITY-F9EC19DF,article.fullContent == LOADING,if 分支条件,if 条件 @app/src/main/java/com/capyreader/app/ui/articles/detail/ArticleBottomBar.kt,PAGE-ADDLINKACTIVITY-F9EC19DF
CAND-BR-0218,app/src/main/java/com/capyreader/app/ui/articles/detail/ArticleBottomBar.kt:155,PAGE-ADDLINKACTIVITY-F9EC19DF,fullContentState,when 分支条件,when 条件 @app/src/main/java/com/capyreader/app/ui/articles/detail/ArticleBottomBar.kt,PAGE-ADDLINKACTIVITY-F9EC19DF
CAND-BR-0219,app/src/main/java/com/capyreader/app/ui/articles/detail/ArticleFontMenu.kt:77,PAGE-ADDLINKACTIVITY-F9EC19DF,option,when 分支条件,when 条件 @app/src/main/java/com/capyreader/app/ui/articles/detail/ArticleFontMenu.kt,PAGE-ADDLINKACTIVITY-F9EC19DF
CAND-BR-0220,app/src/main/java/com/capyreader/app/ui/articles/detail/ArticleFontMenu.kt:88,PAGE-ADDLINKACTIVITY-F9EC19DF,fontOption,when 分支条件,when 条件 @app/src/main/java/com/capyreader/app/ui/articles/detail/ArticleFontMenu.kt,PAGE-ADDLINKACTIVITY-F9EC19DF
CAND-BR-0221,app/src/main/java/com/capyreader/app/ui/articles/detail/ArticleNavigationIcon.kt:27,PAGE-ADDLINKACTIVITY-F9EC19DF,isFullscreen,if 分支条件,if 条件 @app/src/main/java/com/capyreader/app/ui/articles/detail/ArticleNavigationIcon.kt,PAGE-ADDLINKACTIVITY-F9EC19DF
CAND-BR-0222,app/src/main/java/com/capyreader/app/ui/articles/detail/ArticleReader.kt:131,PAGE-ADDLINKACTIVITY-F9EC19DF,improveTalkback,if 分支条件,if 条件 @app/src/main/java/com/capyreader/app/ui/articles/detail/ArticleReader.kt,PAGE-ADDLINKACTIVITY-F9EC19DF
CAND-BR-0223,app/src/main/java/com/capyreader/app/ui/articles/detail/ArticleReader.kt:148,PAGE-ADDLINKACTIVITY-F9EC19DF,shareLink != null,if 分支条件,if 条件 @app/src/main/java/com/capyreader/app/ui/articles/detail/ArticleReader.kt,PAGE-ADDLINKACTIVITY-F9EC19DF
CAND-BR-0224,app/src/main/java/com/capyreader/app/ui/articles/detail/ArticleReader.kt:157,PAGE-ADDLINKACTIVITY-F9EC19DF,shareImageUrl != null,if 分支条件,if 条件 @app/src/main/java/com/capyreader/app/ui/articles/detail/ArticleReader.kt,PAGE-ADDLINKACTIVITY-F9EC19DF
CAND-BR-0225,app/src/main/java/com/capyreader/app/ui/articles/detail/ArticleReader.kt:192,PAGE-ADDLINKACTIVITY-F9EC19DF,!pinToolbars,if 分支条件,if 条件 @app/src/main/java/com/capyreader/app/ui/articles/detail/ArticleReader.kt,PAGE-ADDLINKACTIVITY-F9EC19DF
CAND-BR-0226,app/src/main/java/com/capyreader/app/ui/articles/detail/ArticleReader.kt:210,PAGE-ADDLINKACTIVITY-F9EC19DF,value > 0 && height > 0f,if 分支条件,if 条件 @app/src/main/java/com/capyreader/app/ui/articles/detail/ArticleReader.kt,PAGE-ADDLINKACTIVITY-F9EC19DF
CAND-BR-0227,app/src/main/java/com/capyreader/app/ui/articles/detail/ArticleReader.kt:216,PAGE-ADDLINKACTIVITY-F9EC19DF,scrollState.maxValue > 0 && maxHeight > 0,if 分支条件,if 条件 @app/src/main/java/com/capyreader/app/ui/articles/detail/ArticleReader.kt,PAGE-ADDLINKACTIVITY-F9EC19DF
CAND-BR-0228,app/src/main/java/com/capyreader/app/ui/articles/detail/ArticleScrollState.kt:38,PAGE-ADDLINKACTIVITY-F9EC19DF,available.y > 0f,if 分支条件,if 条件 @app/src/main/java/com/capyreader/app/ui/articles/detail/ArticleScrollState.kt,PAGE-ADDLINKACTIVITY-F9EC19DF
CAND-BR-0229,app/src/main/java/com/capyreader/app/ui/articles/detail/ArticleStyleListener.kt:29,PAGE-ADDLINKACTIVITY-F9EC19DF,webView != null,if 分支条件,if 条件 @app/src/main/java/com/capyreader/app/ui/articles/detail/ArticleStyleListener.kt,PAGE-ADDLINKACTIVITY-F9EC19DF
CAND-BR-0230,app/src/main/java/com/capyreader/app/ui/articles/detail/ArticleStyleListener.kt:35,PAGE-ADDLINKACTIVITY-F9EC19DF,webView != null,if 分支条件,if 条件 @app/src/main/java/com/capyreader/app/ui/articles/detail/ArticleStyleListener.kt,PAGE-ADDLINKACTIVITY-F9EC19DF
CAND-BR-0231,app/src/main/java/com/capyreader/app/ui/articles/detail/ArticleStyleListener.kt:41,PAGE-ADDLINKACTIVITY-F9EC19DF,webView != null,if 分支条件,if 条件 @app/src/main/java/com/capyreader/app/ui/articles/detail/ArticleStyleListener.kt,PAGE-ADDLINKACTIVITY-F9EC19DF
CAND-BR-0232,app/src/main/java/com/capyreader/app/ui/articles/detail/ArticleStyleListener.kt:47,PAGE-ADDLINKACTIVITY-F9EC19DF,webView != null,if 分支条件,if 条件 @app/src/main/java/com/capyreader/app/ui/articles/detail/ArticleStyleListener.kt,PAGE-ADDLINKACTIVITY-F9EC19DF
CAND-BR-0233,app/src/main/java/com/capyreader/app/ui/articles/detail/ArticleStyleListener.kt:53,PAGE-ADDLINKACTIVITY-F9EC19DF,webView != null,if 分支条件,if 条件 @app/src/main/java/com/capyreader/app/ui/articles/detail/ArticleStyleListener.kt,PAGE-ADDLINKACTIVITY-F9EC19DF
CAND-BR-0234,app/src/main/java/com/capyreader/app/ui/articles/detail/ArticleStyleListener.kt:59,PAGE-ADDLINKACTIVITY-F9EC19DF,webView != null,if 分支条件,if 条件 @app/src/main/java/com/capyreader/app/ui/articles/detail/ArticleStyleListener.kt,PAGE-ADDLINKACTIVITY-F9EC19DF
CAND-BR-0235,app/src/main/java/com/capyreader/app/ui/articles/detail/ArticleStyleListener.kt:60,PAGE-ADDLINKACTIVITY-F9EC19DF,titleFollowsBodyFont,if 分支条件,if 条件 @app/src/main/java/com/capyreader/app/ui/articles/detail/ArticleStyleListener.kt,PAGE-ADDLINKACTIVITY-F9EC19DF
CAND-BR-0236,app/src/main/java/com/capyreader/app/ui/articles/detail/ArticleStyleListener.kt:84,PAGE-ADDLINKACTIVITY-F9EC19DF,articleBody,if 分支条件,if 条件 @app/src/main/java/com/capyreader/app/ui/articles/detail/ArticleStyleListener.kt,PAGE-ADDLINKACTIVITY-F9EC19DF
CAND-BR-0237,app/src/main/java/com/capyreader/app/ui/articles/detail/ArticleStyleListener.kt:142,PAGE-ADDLINKACTIVITY-F9EC19DF,articleTitle,if 分支条件,if 条件 @app/src/main/java/com/capyreader/app/ui/articles/detail/ArticleStyleListener.kt,PAGE-ADDLINKACTIVITY-F9EC19DF
CAND-BR-0238,app/src/main/java/com/capyreader/app/ui/articles/detail/ArticleStylePicker.kt:195,PAGE-ARTICLESTYLEPICKER-848F9DCA,index,when 分支条件,when 条件 @app/src/main/java/com/capyreader/app/ui/articles/detail/ArticleStylePicker.kt,PAGE-ARTICLESTYLEPICKER-848F9DCA
CAND-BR-0239,app/src/main/java/com/capyreader/app/ui/articles/detail/ArticleTopBar.kt:106,PAGE-ADDLINKACTIVITY-F9EC19DF,canSaveExternally,if 分支条件,if 条件 @app/src/main/java/com/capyreader/app/ui/articles/detail/ArticleTopBar.kt,PAGE-ADDLINKACTIVITY-F9EC19DF
CAND-BR-0240,app/src/main/java/com/capyreader/app/ui/articles/detail/ArticleTopBar.kt:120,PAGE-ADDLINKACTIVITY-F9EC19DF,result.isSuccess,if 分支条件,if 条件 @app/src/main/java/com/capyreader/app/ui/articles/detail/ArticleTopBar.kt,PAGE-ADDLINKACTIVITY-F9EC19DF
CAND-BR-0241,app/src/main/java/com/capyreader/app/ui/articles/detail/ArticleTopBar.kt:133,PAGE-ADDLINKACTIVITY-F9EC19DF,canDeletePage,if 分支条件,if 条件 @app/src/main/java/com/capyreader/app/ui/articles/detail/ArticleTopBar.kt,PAGE-ADDLINKACTIVITY-F9EC19DF
CAND-BR-0242,app/src/main/java/com/capyreader/app/ui/articles/detail/ArticleTopBar.kt:148,PAGE-ADDLINKACTIVITY-F9EC19DF,labelsActions.showLabels,if 分支条件,if 条件 @app/src/main/java/com/capyreader/app/ui/articles/detail/ArticleTopBar.kt,PAGE-ADDLINKACTIVITY-F9EC19DF
CAND-BR-0243,app/src/main/java/com/capyreader/app/ui/articles/detail/ArticleTopBar.kt:183,PAGE-ADDLINKACTIVITY-F9EC19DF,isScrolled,if 分支条件,if 条件 @app/src/main/java/com/capyreader/app/ui/articles/detail/ArticleTopBar.kt,PAGE-ADDLINKACTIVITY-F9EC19DF
CAND-BR-0244,app/src/main/java/com/capyreader/app/ui/articles/detail/ArticleTopBar.kt:192,PAGE-ADDLINKACTIVITY-F9EC19DF,isStyleSheetOpen,if 分支条件,if 条件 @app/src/main/java/com/capyreader/app/ui/articles/detail/ArticleTopBar.kt,PAGE-ADDLINKACTIVITY-F9EC19DF
CAND-BR-0245,app/src/main/java/com/capyreader/app/ui/articles/detail/ArticleTopBar.kt:204,PAGE-ADDLINKACTIVITY-F9EC19DF,isDeletePageDialogOpen,if 分支条件,if 条件 @app/src/main/java/com/capyreader/app/ui/articles/detail/ArticleTopBar.kt,PAGE-ADDLINKACTIVITY-F9EC19DF
CAND-BR-0246,app/src/main/java/com/capyreader/app/ui/articles/detail/ArticleTransition.kt:45,PAGE-ADDLINKACTIVITY-F9EC19DF,!hasShownArticle,if 分支条件,if 条件 @app/src/main/java/com/capyreader/app/ui/articles/detail/ArticleTransition.kt,PAGE-ADDLINKACTIVITY-F9EC19DF
CAND-BR-0247,app/src/main/java/com/capyreader/app/ui/articles/detail/ArticleTransition.kt:47,PAGE-ADDLINKACTIVITY-F9EC19DF,enableHorizontalPager,if 分支条件,if 条件 @app/src/main/java/com/capyreader/app/ui/articles/detail/ArticleTransition.kt,PAGE-ADDLINKACTIVITY-F9EC19DF
CAND-BR-0248,app/src/main/java/com/capyreader/app/ui/articles/detail/ArticleTransition.kt:56,PAGE-ADDLINKACTIVITY-F9EC19DF,direction == null,if 分支条件,if 条件 @app/src/main/java/com/capyreader/app/ui/articles/detail/ArticleTransition.kt,PAGE-ADDLINKACTIVITY-F9EC19DF
CAND-BR-0249,app/src/main/java/com/capyreader/app/ui/articles/detail/ArticleTransition.kt:50,PAGE-ADDLINKACTIVITY-F9EC19DF,targetState.article.id,when 分支条件,when 条件 @app/src/main/java/com/capyreader/app/ui/articles/detail/ArticleTransition.kt,PAGE-ADDLINKACTIVITY-F9EC19DF
CAND-BR-0250,app/src/main/java/com/capyreader/app/ui/articles/detail/ArticleView.kt:75,PAGE-ADDLINKACTIVITY-F9EC19DF,article.fullContent == Article.FullContentState.LOADED,if 分支条件,if 条件 @app/src/main/java/com/capyreader/app/ui/articles/detail/ArticleView.kt,PAGE-ADDLINKACTIVITY-F9EC19DF
CAND-BR-0251,app/src/main/java/com/capyreader/app/ui/articles/detail/ArticleView.kt:77,PAGE-ADDLINKACTIVITY-F9EC19DF,article.fullContent != Article.FullContentState.LOADING,if 分支条件,if 条件 @app/src/main/java/com/capyreader/app/ui/articles/detail/ArticleView.kt,PAGE-ADDLINKACTIVITY-F9EC19DF
CAND-BR-0252,app/src/main/java/com/capyreader/app/ui/articles/detail/ArticleView.kt:95,PAGE-ADDLINKACTIVITY-F9EC19DF,hasPrevious,if 分支条件,if 条件 @app/src/main/java/com/capyreader/app/ui/articles/detail/ArticleView.kt,PAGE-ADDLINKACTIVITY-F9EC19DF
CAND-BR-0253,app/src/main/java/com/capyreader/app/ui/articles/detail/ArticleView.kt:96,PAGE-ADDLINKACTIVITY-F9EC19DF,hasNext,if 分支条件,if 条件 @app/src/main/java/com/capyreader/app/ui/articles/detail/ArticleView.kt,PAGE-ADDLINKACTIVITY-F9EC19DF
CAND-BR-0254,app/src/main/java/com/capyreader/app/ui/articles/detail/ArticleView.kt:99,PAGE-ADDLINKACTIVITY-F9EC19DF,previousIndex < 0,if 分支条件,if 条件 @app/src/main/java/com/capyreader/app/ui/articles/detail/ArticleView.kt,PAGE-ADDLINKACTIVITY-F9EC19DF
CAND-BR-0255,app/src/main/java/com/capyreader/app/ui/articles/detail/ArticleView.kt:107,PAGE-ADDLINKACTIVITY-F9EC19DF,nextIndex >= articles.itemCount,if 分支条件,if 条件 @app/src/main/java/com/capyreader/app/ui/articles/detail/ArticleView.kt,PAGE-ADDLINKACTIVITY-F9EC19DF
CAND-BR-0256,app/src/main/java/com/capyreader/app/ui/articles/detail/ArticleView.kt:142,PAGE-ADDLINKACTIVITY-F9EC19DF,maxWidth > 0.dp,if 分支条件,if 条件 @app/src/main/java/com/capyreader/app/ui/articles/detail/ArticleView.kt,PAGE-ADDLINKACTIVITY-F9EC19DF
CAND-BR-0257,app/src/main/java/com/capyreader/app/ui/articles/detail/ArticleView.kt:214,PAGE-ADDLINKACTIVITY-F9EC19DF,index > -1,if 分支条件,if 条件 @app/src/main/java/com/capyreader/app/ui/articles/detail/ArticleView.kt,PAGE-ADDLINKACTIVITY-F9EC19DF
CAND-BR-0258,app/src/main/java/com/capyreader/app/ui/articles/detail/ArticleView.kt:245,PAGE-ADDLINKACTIVITY-F9EC19DF,!pinToolbars,if 分支条件,if 条件 @app/src/main/java/com/capyreader/app/ui/articles/detail/ArticleView.kt,PAGE-ADDLINKACTIVITY-F9EC19DF
CAND-BR-0259,app/src/main/java/com/capyreader/app/ui/articles/detail/ArticleView.kt:309,PAGE-ADDLINKACTIVITY-F9EC19DF,pinToolbars,if 分支条件,if 条件 @app/src/main/java/com/capyreader/app/ui/articles/detail/ArticleView.kt,PAGE-ADDLINKACTIVITY-F9EC19DF
CAND-BR-0260,app/src/main/java/com/capyreader/app/ui/articles/detail/ArticleView.kt:115,PAGE-ADDLINKACTIVITY-F9EC19DF,swipe,when 分支条件,when 条件 @app/src/main/java/com/capyreader/app/ui/articles/detail/ArticleView.kt,PAGE-ADDLINKACTIVITY-F9EC19DF
CAND-BR-0261,app/src/main/java/com/capyreader/app/ui/articles/detail/ArticleView.kt:271,PAGE-ADDLINKACTIVITY-F9EC19DF,swipe,when 分支条件,when 条件 @app/src/main/java/com/capyreader/app/ui/articles/detail/ArticleView.kt,PAGE-ADDLINKACTIVITY-F9EC19DF
CAND-BR-0262,app/src/main/java/com/capyreader/app/ui/articles/detail/CornerTapGestureScroll.kt:43,PAGE-ADDLINKACTIVITY-F9EC19DF,!enabled,if 分支条件,if 条件 @app/src/main/java/com/capyreader/app/ui/articles/detail/CornerTapGestureScroll.kt,PAGE-ADDLINKACTIVITY-F9EC19DF
CAND-BR-0263,app/src/main/java/com/capyreader/app/ui/articles/detail/CornerTapGestureScroll.kt:127,PAGE-ADDLINKACTIVITY-F9EC19DF,pinToolbars,if 分支条件,if 条件 @app/src/main/java/com/capyreader/app/ui/articles/detail/CornerTapGestureScroll.kt,PAGE-ADDLINKACTIVITY-F9EC19DF
CAND-BR-0264,app/src/main/java/com/capyreader/app/ui/articles/detail/HorizontalReaderPager.kt:26,PAGE-ADDLINKACTIVITY-F9EC19DF,!enabled,if 分支条件,if 条件 @app/src/main/java/com/capyreader/app/ui/articles/detail/HorizontalReaderPager.kt,PAGE-ADDLINKACTIVITY-F9EC19DF
CAND-BR-0265,app/src/main/java/com/capyreader/app/ui/articles/detail/HorizontalReaderPager.kt:55,PAGE-ADDLINKACTIVITY-F9EC19DF,!enabled,if 分支条件,if 条件 @app/src/main/java/com/capyreader/app/ui/articles/detail/HorizontalReaderPager.kt,PAGE-ADDLINKACTIVITY-F9EC19DF
CAND-BR-0266,app/src/main/java/com/capyreader/app/ui/articles/feeds/CapyIcon.kt:29,PAGE-ADDLINKACTIVITY-F9EC19DF,surprised,if 分支条件,if 条件 @app/src/main/java/com/capyreader/app/ui/articles/feeds/CapyIcon.kt,PAGE-ADDLINKACTIVITY-F9EC19DF
CAND-BR-0267,app/src/main/java/com/capyreader/app/ui/articles/feeds/DrawerItem.kt:63,PAGE-ADDLINKACTIVITY-F9EC19DF,icon != null,if 分支条件,if 条件 @app/src/main/java/com/capyreader/app/ui/articles/feeds/DrawerItem.kt,PAGE-ADDLINKACTIVITY-F9EC19DF
CAND-BR-0268,app/src/main/java/com/capyreader/app/ui/articles/feeds/DrawerItem.kt:76,PAGE-ADDLINKACTIVITY-F9EC19DF,badge != null,if 分支条件,if 条件 @app/src/main/java/com/capyreader/app/ui/articles/feeds/DrawerItem.kt,PAGE-ADDLINKACTIVITY-F9EC19DF
CAND-BR-0269,app/src/main/java/com/capyreader/app/ui/articles/feeds/DrawerItem.kt:104,PAGE-ADDLINKACTIVITY-F9EC19DF,useMonochromeSelected,if 分支条件,if 条件 @app/src/main/java/com/capyreader/app/ui/articles/feeds/DrawerItem.kt,PAGE-ADDLINKACTIVITY-F9EC19DF
CAND-BR-0270,app/src/main/java/com/capyreader/app/ui/articles/feeds/DrawerItem.kt:109,PAGE-ADDLINKACTIVITY-F9EC19DF,useMonochromeSelected,if 分支条件,if 条件 @app/src/main/java/com/capyreader/app/ui/articles/feeds/DrawerItem.kt,PAGE-ADDLINKACTIVITY-F9EC19DF
CAND-BR-0271,app/src/main/java/com/capyreader/app/ui/articles/feeds/DrawerItem.kt:114,PAGE-ADDLINKACTIVITY-F9EC19DF,useMonochromeSelected,if 分支条件,if 条件 @app/src/main/java/com/capyreader/app/ui/articles/feeds/DrawerItem.kt,PAGE-ADDLINKACTIVITY-F9EC19DF
CAND-BR-0272,app/src/main/java/com/capyreader/app/ui/articles/feeds/DrawerItem.kt:119,PAGE-ADDLINKACTIVITY-F9EC19DF,useMonochromeSelected,if 分支条件,if 条件 @app/src/main/java/com/capyreader/app/ui/articles/feeds/DrawerItem.kt,PAGE-ADDLINKACTIVITY-F9EC19DF
CAND-BR-0273,app/src/main/java/com/capyreader/app/ui/articles/feeds/FeedList.kt:176,PAGE-ADDLINKACTIVITY-F9EC19DF,readLaterFeed != null,if 分支条件,if 条件 @app/src/main/java/com/capyreader/app/ui/articles/feeds/FeedList.kt,PAGE-ADDLINKACTIVITY-F9EC19DF
CAND-BR-0274,app/src/main/java/com/capyreader/app/ui/articles/feeds/FeedRow.kt:42,PAGE-ADDLINKACTIVITY-F9EC19DF,showContextMenu,if 分支条件,if 条件 @app/src/main/java/com/capyreader/app/ui/articles/feeds/FeedRow.kt,PAGE-ADDLINKACTIVITY-F9EC19DF
CAND-BR-0275,app/src/main/java/com/capyreader/app/ui/articles/feeds/FeedRow.kt:48,PAGE-ADDLINKACTIVITY-F9EC19DF,showContextMenu,if 分支条件,if 条件 @app/src/main/java/com/capyreader/app/ui/articles/feeds/FeedRow.kt,PAGE-ADDLINKACTIVITY-F9EC19DF
CAND-BR-0276,app/src/main/java/com/capyreader/app/ui/articles/feeds/IconDropdown.kt:34,PAGE-ADDLINKACTIVITY-F9EC19DF,expanded,if 分支条件,if 条件 @app/src/main/java/com/capyreader/app/ui/articles/feeds/IconDropdown.kt,PAGE-ADDLINKACTIVITY-F9EC19DF
CAND-BR-0277,app/src/main/java/com/capyreader/app/ui/articles/feeds/IconDropdown.kt:43,PAGE-ADDLINKACTIVITY-F9EC19DF,enabled,if 分支条件,if 条件 @app/src/main/java/com/capyreader/app/ui/articles/feeds/IconDropdown.kt,PAGE-ADDLINKACTIVITY-F9EC19DF
CAND-BR-0278,app/src/main/java/com/capyreader/app/ui/articles/feeds/RefreshButtonState.kt:26,PAGE-ADDLINKACTIVITY-F9EC19DF,!startRunning,if 分支条件,if 条件 @app/src/main/java/com/capyreader/app/ui/articles/feeds/RefreshButtonState.kt,PAGE-ADDLINKACTIVITY-F9EC19DF
CAND-BR-0279,app/src/main/java/com/capyreader/app/ui/articles/feeds/RefreshButtonState.kt:44,PAGE-ADDLINKACTIVITY-F9EC19DF,!isSettling,if 分支条件,if 条件 @app/src/main/java/com/capyreader/app/ui/articles/feeds/RefreshButtonState.kt,PAGE-ADDLINKACTIVITY-F9EC19DF
CAND-BR-0280,app/src/main/java/com/capyreader/app/ui/articles/feeds/edit/EditFeedView.kt:67,PAGE-ADDLINKACTIVITY-F9EC19DF,showMultiselect,if 分支条件,if 条件 @app/src/main/java/com/capyreader/app/ui/articles/feeds/edit/EditFeedView.kt,PAGE-ADDLINKACTIVITY-F9EC19DF
CAND-BR-0281,app/src/main/java/com/capyreader/app/ui/articles/feeds/edit/EditFeedView.kt:84,PAGE-ADDLINKACTIVITY-F9EC19DF,showMultiselect,if 分支条件,if 条件 @app/src/main/java/com/capyreader/app/ui/articles/feeds/edit/EditFeedView.kt,PAGE-ADDLINKACTIVITY-F9EC19DF
CAND-BR-0282,app/src/main/java/com/capyreader/app/ui/articles/feeds/edit/EditFeedView.kt:115,PAGE-ADDLINKACTIVITY-F9EC19DF,priority != null,if 分支条件,if 条件 @app/src/main/java/com/capyreader/app/ui/articles/feeds/edit/EditFeedView.kt,PAGE-ADDLINKACTIVITY-F9EC19DF
CAND-BR-0283,app/src/main/java/com/capyreader/app/ui/articles/feeds/edit/EditFeedView.kt:143,PAGE-ADDLINKACTIVITY-F9EC19DF,showMultiselect,if 分支条件,if 条件 @app/src/main/java/com/capyreader/app/ui/articles/feeds/edit/EditFeedView.kt,PAGE-ADDLINKACTIVITY-F9EC19DF
CAND-BR-0284,app/src/main/java/com/capyreader/app/ui/articles/feeds/edit/EditFeedView.kt:237,PAGE-ADDLINKACTIVITY-F9EC19DF,state.isFocused && !isFocused,if 分支条件,if 条件 @app/src/main/java/com/capyreader/app/ui/articles/feeds/edit/EditFeedView.kt,PAGE-ADDLINKACTIVITY-F9EC19DF
CAND-BR-0285,app/src/main/java/com/capyreader/app/ui/articles/feeds/edit/EditFeedView.kt:438,PAGE-ADDLINKACTIVITY-F9EC19DF,this,when 分支条件,when 条件 @app/src/main/java/com/capyreader/app/ui/articles/feeds/edit/EditFeedView.kt,PAGE-ADDLINKACTIVITY-F9EC19DF
CAND-BR-0286,app/src/main/java/com/capyreader/app/ui/articles/list/ArticleActionMenu.kt:55,PAGE-ADDLINKACTIVITY-F9EC19DF,showSaveForLater,if 分支条件,if 条件 @app/src/main/java/com/capyreader/app/ui/articles/list/ArticleActionMenu.kt,PAGE-ADDLINKACTIVITY-F9EC19DF
CAND-BR-0287,app/src/main/java/com/capyreader/app/ui/articles/list/ArticleActionMenu.kt:58,PAGE-ADDLINKACTIVITY-F9EC19DF,showLabels,if 分支条件,if 条件 @app/src/main/java/com/capyreader/app/ui/articles/list/ArticleActionMenu.kt,PAGE-ADDLINKACTIVITY-F9EC19DF
CAND-BR-0288,app/src/main/java/com/capyreader/app/ui/articles/list/ArticleActionMenu.kt:61,PAGE-ADDLINKACTIVITY-F9EC19DF,unreadCount > 0,if 分支条件,if 条件 @app/src/main/java/com/capyreader/app/ui/articles/list/ArticleActionMenu.kt,PAGE-ADDLINKACTIVITY-F9EC19DF
CAND-BR-0289,app/src/main/java/com/capyreader/app/ui/articles/list/ArticleActionMenu.kt:62,PAGE-ADDLINKACTIVITY-F9EC19DF,index > 0,if 分支条件,if 条件 @app/src/main/java/com/capyreader/app/ui/articles/list/ArticleActionMenu.kt,PAGE-ADDLINKACTIVITY-F9EC19DF
CAND-BR-0290,app/src/main/java/com/capyreader/app/ui/articles/list/ArticleLayoutScrollReset.kt:33,PAGE-ADDLINKACTIVITY-F9EC19DF,resetContentOffset,if 分支条件,if 条件 @app/src/main/java/com/capyreader/app/ui/articles/list/ArticleLayoutScrollReset.kt,PAGE-ADDLINKACTIVITY-F9EC19DF
CAND-BR-0291,app/src/main/java/com/capyreader/app/ui/articles/list/ArticleLayoutScrollReset.kt:44,PAGE-ADDLINKACTIVITY-F9EC19DF,jumped,if 分支条件,if 条件 @app/src/main/java/com/capyreader/app/ui/articles/list/ArticleLayoutScrollReset.kt,PAGE-ADDLINKACTIVITY-F9EC19DF
CAND-BR-0292,app/src/main/java/com/capyreader/app/ui/articles/list/ArticleListItem.kt:38,PAGE-ADDLINKACTIVITY-F9EC19DF,leadingContent != null,if 分支条件,if 条件 @app/src/main/java/com/capyreader/app/ui/articles/list/ArticleListItem.kt,PAGE-ADDLINKACTIVITY-F9EC19DF
CAND-BR-0293,app/src/main/java/com/capyreader/app/ui/articles/list/ArticleListTopBar.kt:65,PAGE-ADDLINKACTIVITY-F9EC19DF,enableSearch,if 分支条件,if 条件 @app/src/main/java/com/capyreader/app/ui/articles/list/ArticleListTopBar.kt,PAGE-ADDLINKACTIVITY-F9EC19DF
CAND-BR-0294,app/src/main/java/com/capyreader/app/ui/articles/list/ArticleListTopBar.kt:102,PAGE-ADDLINKACTIVITY-F9EC19DF,search.isActive,if 分支条件,if 条件 @app/src/main/java/com/capyreader/app/ui/articles/list/ArticleListTopBar.kt,PAGE-ADDLINKACTIVITY-F9EC19DF
CAND-BR-0295,app/src/main/java/com/capyreader/app/ui/articles/list/ArticleListTopBar.kt:117,PAGE-ADDLINKACTIVITY-F9EC19DF,enableSearch,if 分支条件,if 条件 @app/src/main/java/com/capyreader/app/ui/articles/list/ArticleListTopBar.kt,PAGE-ADDLINKACTIVITY-F9EC19DF
CAND-BR-0296,app/src/main/java/com/capyreader/app/ui/articles/list/ArticleRowSwipeBox.kt:15,PAGE-ADDLINKACTIVITY-F9EC19DF,swipeState.disabled,if 分支条件,if 条件 @app/src/main/java/com/capyreader/app/ui/articles/list/ArticleRowSwipeBox.kt,PAGE-ADDLINKACTIVITY-F9EC19DF
CAND-BR-0297,app/src/main/java/com/capyreader/app/ui/articles/list/ArticleRowSwipeState.kt:56,PAGE-ADDLINKACTIVITY-F9EC19DF,option == RowSwipeOption.DISABLED,if 分支条件,if 条件 @app/src/main/java/com/capyreader/app/ui/articles/list/ArticleRowSwipeState.kt,PAGE-ADDLINKACTIVITY-F9EC19DF
CAND-BR-0298,app/src/main/java/com/capyreader/app/ui/articles/list/ArticleRowSwipeState.kt:63,PAGE-ADDLINKACTIVITY-F9EC19DF,option,when 分支条件,when 条件 @app/src/main/java/com/capyreader/app/ui/articles/list/ArticleRowSwipeState.kt,PAGE-ADDLINKACTIVITY-F9EC19DF
CAND-BR-0299,app/src/main/java/com/capyreader/app/ui/articles/list/FeedActionMenu.kt:75,PAGE-ADDLINKACTIVITY-F9EC19DF,isRemoveDialogOpen,if 分支条件,if 条件 @app/src/main/java/com/capyreader/app/ui/articles/list/FeedActionMenu.kt,PAGE-ADDLINKACTIVITY-F9EC19DF
CAND-BR-0300,app/src/main/java/com/capyreader/app/ui/articles/list/FeedActionMenu.kt:86,PAGE-ADDLINKACTIVITY-F9EC19DF,isEditDialogOpen,if 分支条件,if 条件 @app/src/main/java/com/capyreader/app/ui/articles/list/FeedActionMenu.kt,PAGE-ADDLINKACTIVITY-F9EC19DF
CAND-BR-0301,app/src/main/java/com/capyreader/app/ui/articles/list/FolderActionMenu.kt:36,PAGE-ADDLINKACTIVITY-F9EC19DF,result.isFailure,if 分支条件,if 条件 @app/src/main/java/com/capyreader/app/ui/articles/list/FolderActionMenu.kt,PAGE-ADDLINKACTIVITY-F9EC19DF
CAND-BR-0302,app/src/main/java/com/capyreader/app/ui/articles/list/FolderActionMenu.kt:45,PAGE-ADDLINKACTIVITY-F9EC19DF,showMarkAllRead,if 分支条件,if 条件 @app/src/main/java/com/capyreader/app/ui/articles/list/FolderActionMenu.kt,PAGE-ADDLINKACTIVITY-F9EC19DF
CAND-BR-0303,app/src/main/java/com/capyreader/app/ui/articles/list/FolderActionMenu.kt:66,PAGE-ADDLINKACTIVITY-F9EC19DF,source.supportsTagDeletion,if 分支条件,if 条件 @app/src/main/java/com/capyreader/app/ui/articles/list/FolderActionMenu.kt,PAGE-ADDLINKACTIVITY-F9EC19DF
CAND-BR-0304,app/src/main/java/com/capyreader/app/ui/articles/list/FolderActionMenu.kt:79,PAGE-ADDLINKACTIVITY-F9EC19DF,isRemoveDialogOpen,if 分支条件,if 条件 @app/src/main/java/com/capyreader/app/ui/articles/list/FolderActionMenu.kt,PAGE-ADDLINKACTIVITY-F9EC19DF
CAND-BR-0305,app/src/main/java/com/capyreader/app/ui/articles/list/LabelBottomSheet.kt:97,PAGE-LABELBOTTOMSHEET-0225305A,isSelected,if 分支条件,if 条件 @app/src/main/java/com/capyreader/app/ui/articles/list/LabelBottomSheet.kt,PAGE-LABELBOTTOMSHEET-0225305A
CAND-BR-0306,app/src/main/java/com/capyreader/app/ui/articles/list/LabelBottomSheet.kt:114,PAGE-LABELBOTTOMSHEET-0225305A,showCreateDialog,if 分支条件,if 条件 @app/src/main/java/com/capyreader/app/ui/articles/list/LabelBottomSheet.kt,PAGE-LABELBOTTOMSHEET-0225305A
CAND-BR-0307,app/src/main/java/com/capyreader/app/ui/articles/list/LabelBottomSheet.kt:180,PAGE-LABELBOTTOMSHEET-0225305A,errorMessage != null,if 分支条件,if 条件 @app/src/main/java/com/capyreader/app/ui/articles/list/LabelBottomSheet.kt,PAGE-LABELBOTTOMSHEET-0225305A
CAND-BR-0308,app/src/main/java/com/capyreader/app/ui/articles/list/MarkAllReadButton.kt:26,PAGE-ADDLINKACTIVITY-F9EC19DF,position == MarkReadPosition.FLOATING_ACTION_BUTTON,if 分支条件,if 条件 @app/src/main/java/com/capyreader/app/ui/articles/list/MarkAllReadButton.kt,PAGE-ADDLINKACTIVITY-F9EC19DF
CAND-BR-0309,app/src/main/java/com/capyreader/app/ui/articles/list/SavedSearchActionMenu.kt:36,PAGE-ADDLINKACTIVITY-F9EC19DF,LocalBadgeStyle.current != BadgeStyle.SIMPLE,if 分支条件,if 条件 @app/src/main/java/com/capyreader/app/ui/articles/list/SavedSearchActionMenu.kt,PAGE-ADDLINKACTIVITY-F9EC19DF
CAND-BR-0310,app/src/main/java/com/capyreader/app/ui/articles/list/SavedSearchActionMenu.kt:45,PAGE-ADDLINKACTIVITY-F9EC19DF,savedSearch.showUnreadBadge,if 分支条件,if 条件 @app/src/main/java/com/capyreader/app/ui/articles/list/SavedSearchActionMenu.kt,PAGE-ADDLINKACTIVITY-F9EC19DF
CAND-BR-0311,app/src/main/java/com/capyreader/app/ui/articles/media/ArticleMediaView.kt:194,PAGE-ADDLINKACTIVITY-F9EC19DF,!imageState.isImageDisplayed && !showError,if 分支条件,if 条件 @app/src/main/java/com/capyreader/app/ui/articles/media/ArticleMediaView.kt,PAGE-ADDLINKACTIVITY-F9EC19DF
CAND-BR-0312,app/src/main/java/com/capyreader/app/ui/articles/media/ArticleMediaView.kt:196,PAGE-ADDLINKACTIVITY-F9EC19DF,showError,if 分支条件,if 条件 @app/src/main/java/com/capyreader/app/ui/articles/media/ArticleMediaView.kt,PAGE-ADDLINKACTIVITY-F9EC19DF
CAND-BR-0313,app/src/main/java/com/capyreader/app/ui/articles/media/ArticleMediaView.kt:375,PAGE-ADDLINKACTIVITY-F9EC19DF,direction,when 分支条件,when 条件 @app/src/main/java/com/capyreader/app/ui/articles/media/ArticleMediaView.kt,PAGE-ADDLINKACTIVITY-F9EC19DF
CAND-BR-0314,app/src/main/java/com/capyreader/app/ui/articles/media/ArticleMediaView.kt:379,PAGE-ADDLINKACTIVITY-F9EC19DF,direction,when 分支条件,when 条件 @app/src/main/java/com/capyreader/app/ui/articles/media/ArticleMediaView.kt,PAGE-ADDLINKACTIVITY-F9EC19DF
CAND-BR-0315,app/src/main/java/com/capyreader/app/ui/components/ArticleAction.kt:21,PAGE-ADDLINKACTIVITY-F9EC19DF,article.read,if 分支条件,if 条件 @app/src/main/java/com/capyreader/app/ui/components/ArticleAction.kt,PAGE-ADDLINKACTIVITY-F9EC19DF
CAND-BR-0316,app/src/main/java/com/capyreader/app/ui/components/ArticleAction.kt:38,PAGE-ADDLINKACTIVITY-F9EC19DF,article.starred,if 分支条件,if 条件 @app/src/main/java/com/capyreader/app/ui/components/ArticleAction.kt,PAGE-ADDLINKACTIVITY-F9EC19DF
CAND-BR-0317,app/src/main/java/com/capyreader/app/ui/components/CapyAnimatedPane.kt:35,PAGE-ADDLINKACTIVITY-F9EC19DF,this[role].motion,when 分支条件,when 条件 @app/src/main/java/com/capyreader/app/ui/components/CapyAnimatedPane.kt,PAGE-ADDLINKACTIVITY-F9EC19DF
CAND-BR-0318,app/src/main/java/com/capyreader/app/ui/components/CapyAnimatedPane.kt:49,PAGE-ADDLINKACTIVITY-F9EC19DF,this[role].motion,when 分支条件,when 条件 @app/src/main/java/com/capyreader/app/ui/components/CapyAnimatedPane.kt,PAGE-ADDLINKACTIVITY-F9EC19DF
CAND-BR-0319,app/src/main/java/com/capyreader/app/ui/components/EmptyView.kt:17,PAGE-ADDLINKACTIVITY-F9EC19DF,fillSize,if 分支条件,if 条件 @app/src/main/java/com/capyreader/app/ui/components/EmptyView.kt,PAGE-ADDLINKACTIVITY-F9EC19DF
CAND-BR-0320,app/src/main/java/com/capyreader/app/ui/components/EmptyView.kt:27,PAGE-ADDLINKACTIVITY-F9EC19DF,showLoading,if 分支条件,if 条件 @app/src/main/java/com/capyreader/app/ui/components/EmptyView.kt,PAGE-ADDLINKACTIVITY-F9EC19DF
CAND-BR-0321,app/src/main/java/com/capyreader/app/ui/components/FormSection.kt:30,PAGE-ADDLINKACTIVITY-F9EC19DF,title != null,if 分支条件,if 条件 @app/src/main/java/com/capyreader/app/ui/components/FormSection.kt,PAGE-ADDLINKACTIVITY-F9EC19DF
CAND-BR-0322,app/src/main/java/com/capyreader/app/ui/components/FormSection.kt:49,PAGE-ADDLINKACTIVITY-F9EC19DF,this,when 分支条件,when 条件 @app/src/main/java/com/capyreader/app/ui/components/FormSection.kt,PAGE-ADDLINKACTIVITY-F9EC19DF
CAND-BR-0323,app/src/main/java/com/capyreader/app/ui/components/LoadingView.kt:25,PAGE-ADDLINKACTIVITY-F9EC19DF,showLoading,if 分支条件,if 条件 @app/src/main/java/com/capyreader/app/ui/components/LoadingView.kt,PAGE-ADDLINKACTIVITY-F9EC19DF
CAND-BR-0324,app/src/main/java/com/capyreader/app/ui/components/SearchTextField.kt:50,PAGE-ADDLINKACTIVITY-F9EC19DF,singleLine,if 分支条件,if 条件 @app/src/main/java/com/capyreader/app/ui/components/SearchTextField.kt,PAGE-ADDLINKACTIVITY-F9EC19DF
CAND-BR-0325,app/src/main/java/com/capyreader/app/ui/components/SwiperState.kt:49,PAGE-ADDLINKACTIVITY-F9EC19DF,maxHeight == 0,if 分支条件,if 条件 @app/src/main/java/com/capyreader/app/ui/components/SwiperState.kt,PAGE-ADDLINKACTIVITY-F9EC19DF
CAND-BR-0326,app/src/main/java/com/capyreader/app/ui/components/TextSwitch.kt:45,PAGE-ADDLINKACTIVITY-F9EC19DF,enabled,if 分支条件,if 条件 @app/src/main/java/com/capyreader/app/ui/components/TextSwitch.kt,PAGE-ADDLINKACTIVITY-F9EC19DF
CAND-BR-0327,app/src/main/java/com/capyreader/app/ui/components/TextSwitch.kt:47,PAGE-ADDLINKACTIVITY-F9EC19DF,subtitle != null,if 分支条件,if 条件 @app/src/main/java/com/capyreader/app/ui/components/TextSwitch.kt,PAGE-ADDLINKACTIVITY-F9EC19DF
CAND-BR-0328,app/src/main/java/com/capyreader/app/ui/components/TextSwitch.kt:50,PAGE-ADDLINKACTIVITY-F9EC19DF,enabled,if 分支条件,if 条件 @app/src/main/java/com/capyreader/app/ui/components/TextSwitch.kt,PAGE-ADDLINKACTIVITY-F9EC19DF
CAND-BR-0329,app/src/main/java/com/capyreader/app/ui/components/WebView.kt:75,PAGE-ADDLINKACTIVITY-F9EC19DF,asset != null,if 分支条件,if 条件 @app/src/main/java/com/capyreader/app/ui/components/WebView.kt,PAGE-ADDLINKACTIVITY-F9EC19DF
CAND-BR-0330,app/src/main/java/com/capyreader/app/ui/components/WebView.kt:144,PAGE-ADDLINKACTIVITY-F9EC19DF,url != null,if 分支条件,if 条件 @app/src/main/java/com/capyreader/app/ui/components/WebView.kt,PAGE-ADDLINKACTIVITY-F9EC19DF
CAND-BR-0331,app/src/main/java/com/capyreader/app/ui/components/WebView.kt:172,PAGE-ADDLINKACTIVITY-F9EC19DF,id == htmlId && hash == contentHash,if 分支条件,if 条件 @app/src/main/java/com/capyreader/app/ui/components/WebView.kt,PAGE-ADDLINKACTIVITY-F9EC19DF
CAND-BR-0332,app/src/main/java/com/capyreader/app/ui/components/WebView.kt:208,PAGE-ADDLINKACTIVITY-F9EC19DF,htmlId == null,if 分支条件,if 条件 @app/src/main/java/com/capyreader/app/ui/components/WebView.kt,PAGE-ADDLINKACTIVITY-F9EC19DF
CAND-BR-0333,app/src/main/java/com/capyreader/app/ui/components/WebView.kt:212,PAGE-ADDLINKACTIVITY-F9EC19DF,url != null,if 分支条件,if 条件 @app/src/main/java/com/capyreader/app/ui/components/WebView.kt,PAGE-ADDLINKACTIVITY-F9EC19DF
CAND-BR-0334,app/src/main/java/com/capyreader/app/ui/components/WebView.kt:249,PAGE-ADDLINKACTIVITY-F9EC19DF,enableNativeScroll,if 分支条件,if 条件 @app/src/main/java/com/capyreader/app/ui/components/WebView.kt,PAGE-ADDLINKACTIVITY-F9EC19DF
CAND-BR-0335,app/src/main/java/com/capyreader/app/ui/components/pullrefresh/CircularProgressPainter.kt:77,PAGE-ADDLINKACTIVITY-F9EC19DF,arrowEnabled,if 分支条件,if 条件 @app/src/main/java/com/capyreader/app/ui/components/pullrefresh/CircularProgressPainter.kt,PAGE-ADDLINKACTIVITY-F9EC19DF
CAND-BR-0336,app/src/main/java/com/capyreader/app/ui/components/pullrefresh/PullRefreshIndicator.kt:101,PAGE-ADDLINKACTIVITY-F9EC19DF,largeIndication,if 分支条件,if 条件 @app/src/main/java/com/capyreader/app/ui/components/pullrefresh/PullRefreshIndicator.kt,PAGE-ADDLINKACTIVITY-F9EC19DF
CAND-BR-0337,app/src/main/java/com/capyreader/app/ui/components/pullrefresh/PullRefreshIndicator.kt:117,PAGE-ADDLINKACTIVITY-F9EC19DF,state.isSwipeInProgress,if 分支条件,if 条件 @app/src/main/java/com/capyreader/app/ui/components/pullrefresh/PullRefreshIndicator.kt,PAGE-ADDLINKACTIVITY-F9EC19DF
CAND-BR-0338,app/src/main/java/com/capyreader/app/ui/components/pullrefresh/PullRefreshIndicator.kt:123,PAGE-ADDLINKACTIVITY-F9EC19DF,!state.isSwipeInProgress,if 分支条件,if 条件 @app/src/main/java/com/capyreader/app/ui/components/pullrefresh/PullRefreshIndicator.kt,PAGE-ADDLINKACTIVITY-F9EC19DF
CAND-BR-0339,app/src/main/java/com/capyreader/app/ui/components/pullrefresh/PullRefreshIndicator.kt:142,PAGE-ADDLINKACTIVITY-F9EC19DF,clockwise,if 分支条件,if 条件 @app/src/main/java/com/capyreader/app/ui/components/pullrefresh/PullRefreshIndicator.kt,PAGE-ADDLINKACTIVITY-F9EC19DF
CAND-BR-0340,app/src/main/java/com/capyreader/app/ui/components/pullrefresh/PullRefreshIndicator.kt:148,PAGE-ADDLINKACTIVITY-F9EC19DF,scale && !state.isRefreshing,if 分支条件,if 条件 @app/src/main/java/com/capyreader/app/ui/components/pullrefresh/PullRefreshIndicator.kt,PAGE-ADDLINKACTIVITY-F9EC19DF
CAND-BR-0341,app/src/main/java/com/capyreader/app/ui/components/pullrefresh/PullRefreshIndicator.kt:164,PAGE-ADDLINKACTIVITY-F9EC19DF,fade,if 分支条件,if 条件 @app/src/main/java/com/capyreader/app/ui/components/pullrefresh/PullRefreshIndicator.kt,PAGE-ADDLINKACTIVITY-F9EC19DF
CAND-BR-0342,app/src/main/java/com/capyreader/app/ui/components/pullrefresh/SwipeRefresh.kt:154,PAGE-ADDLINKACTIVITY-F9EC19DF,dragConsumed.absoluteValue >= 0.5f,if 分支条件,if 条件 @app/src/main/java/com/capyreader/app/ui/components/pullrefresh/SwipeRefresh.kt,PAGE-ADDLINKACTIVITY-F9EC19DF
CAND-BR-0343,app/src/main/java/com/capyreader/app/ui/components/pullrefresh/SwipeRefresh.kt:159,PAGE-ADDLINKACTIVITY-F9EC19DF,scrollFromTop,if 分支条件,if 条件 @app/src/main/java/com/capyreader/app/ui/components/pullrefresh/SwipeRefresh.kt,PAGE-ADDLINKACTIVITY-F9EC19DF
CAND-BR-0344,app/src/main/java/com/capyreader/app/ui/components/pullrefresh/SwipeRefresh.kt:172,PAGE-ADDLINKACTIVITY-F9EC19DF,!state.isRefreshing && state.indicatorOffset >= refreshTrigger,if 分支条件,if 条件 @app/src/main/java/com/capyreader/app/ui/components/pullrefresh/SwipeRefresh.kt,PAGE-ADDLINKACTIVITY-F9EC19DF
CAND-BR-0345,app/src/main/java/com/capyreader/app/ui/components/pullrefresh/SwipeRefresh.kt:184,PAGE-ADDLINKACTIVITY-F9EC19DF,scrollFromTop,if 分支条件,if 条件 @app/src/main/java/com/capyreader/app/ui/components/pullrefresh/SwipeRefresh.kt,PAGE-ADDLINKACTIVITY-F9EC19DF
CAND-BR-0346,app/src/main/java/com/capyreader/app/ui/components/pullrefresh/SwipeRefresh.kt:258,PAGE-ADDLINKACTIVITY-F9EC19DF,!state.isSwipeInProgress,if 分支条件,if 条件 @app/src/main/java/com/capyreader/app/ui/components/pullrefresh/SwipeRefresh.kt,PAGE-ADDLINKACTIVITY-F9EC19DF
CAND-BR-0347,app/src/main/java/com/capyreader/app/ui/components/pullrefresh/SwipeRefresh.kt:285,PAGE-ADDLINKACTIVITY-F9EC19DF,atTrigger,if 分支条件,if 条件 @app/src/main/java/com/capyreader/app/ui/components/pullrefresh/SwipeRefresh.kt,PAGE-ADDLINKACTIVITY-F9EC19DF
CAND-BR-0348,app/src/main/java/com/capyreader/app/ui/components/pullrefresh/SwipeRefresh.kt:297,PAGE-ADDLINKACTIVITY-F9EC19DF,!clipIndicatorToPadding,if 分支条件,if 条件 @app/src/main/java/com/capyreader/app/ui/components/pullrefresh/SwipeRefresh.kt,PAGE-ADDLINKACTIVITY-F9EC19DF
CAND-BR-0349,app/src/main/java/com/capyreader/app/ui/components/pullrefresh/SwipeRefresh.kt:302,PAGE-ADDLINKACTIVITY-F9EC19DF,clipIndicatorToPadding,if 分支条件,if 条件 @app/src/main/java/com/capyreader/app/ui/components/pullrefresh/SwipeRefresh.kt,PAGE-ADDLINKACTIVITY-F9EC19DF
CAND-BR-0350,app/src/main/java/com/capyreader/app/ui/settings/AccountSettingsStrings.kt:15,PAGE-ADDLINKACTIVITY-F9EC19DF,source,when 分支条件,when 条件 @app/src/main/java/com/capyreader/app/ui/settings/AccountSettingsStrings.kt,PAGE-ADDLINKACTIVITY-F9EC19DF
CAND-BR-0351,app/src/main/java/com/capyreader/app/ui/settings/PreferenceSelect.kt:57,PAGE-ADDLINKACTIVITY-F9EC19DF,enabled,if 分支条件,if 条件 @app/src/main/java/com/capyreader/app/ui/settings/PreferenceSelect.kt,PAGE-ADDLINKACTIVITY-F9EC19DF
CAND-BR-0352,app/src/main/java/com/capyreader/app/ui/settings/PreferenceSelect.kt:58,PAGE-ADDLINKACTIVITY-F9EC19DF,enabled,if 分支条件,if 条件 @app/src/main/java/com/capyreader/app/ui/settings/PreferenceSelect.kt,PAGE-ADDLINKACTIVITY-F9EC19DF
CAND-BR-0353,app/src/main/java/com/capyreader/app/ui/settings/PreferenceSelect.kt:78,PAGE-ADDLINKACTIVITY-F9EC19DF,isOpen,if 分支条件,if 条件 @app/src/main/java/com/capyreader/app/ui/settings/PreferenceSelect.kt,PAGE-ADDLINKACTIVITY-F9EC19DF
CAND-BR-0354,app/src/main/java/com/capyreader/app/ui/settings/PreferenceSelect.kt:122,PAGE-ADDLINKACTIVITY-F9EC19DF,option == disabledOption,if 分支条件,if 条件 @app/src/main/java/com/capyreader/app/ui/settings/PreferenceSelect.kt,PAGE-ADDLINKACTIVITY-F9EC19DF
CAND-BR-0355,app/src/main/java/com/capyreader/app/ui/settings/SettingsView.kt:93,PAGE-ADDLINKACTIVITY-F9EC19DF,isSubPanelNavigation,if 分支条件,if 条件 @app/src/main/java/com/capyreader/app/ui/settings/SettingsView.kt,PAGE-ADDLINKACTIVITY-F9EC19DF
CAND-BR-0356,app/src/main/java/com/capyreader/app/ui/settings/SettingsView.kt:97,PAGE-ADDLINKACTIVITY-F9EC19DF,forward,if 分支条件,if 条件 @app/src/main/java/com/capyreader/app/ui/settings/SettingsView.kt,PAGE-ADDLINKACTIVITY-F9EC19DF
CAND-BR-0357,app/src/main/java/com/capyreader/app/ui/settings/SettingsView.kt:124,PAGE-ADDLINKACTIVITY-F9EC19DF,panel != null,if 分支条件,if 条件 @app/src/main/java/com/capyreader/app/ui/settings/SettingsView.kt,PAGE-ADDLINKACTIVITY-F9EC19DF
CAND-BR-0358,app/src/main/java/com/capyreader/app/ui/settings/SettingsView.kt:131,PAGE-ADDLINKACTIVITY-F9EC19DF,panel,when 分支条件,when 条件 @app/src/main/java/com/capyreader/app/ui/settings/SettingsView.kt,PAGE-ADDLINKACTIVITY-F9EC19DF
CAND-BR-0359,app/src/main/java/com/capyreader/app/ui/settings/filters/FiltersItem.kt:33,PAGE-ADDLINKACTIVITY-F9EC19DF,isOpen,if 分支条件,if 条件 @app/src/main/java/com/capyreader/app/ui/settings/filters/FiltersItem.kt,PAGE-ADDLINKACTIVITY-F9EC19DF
CAND-BR-0360,app/src/main/java/com/capyreader/app/ui/settings/panels/AccountSettingsPanel.kt:205,PAGE-ADDLINKACTIVITY-F9EC19DF,isRemoveDialogOpen,if 分支条件,if 条件 @app/src/main/java/com/capyreader/app/ui/settings/panels/AccountSettingsPanel.kt,PAGE-ADDLINKACTIVITY-F9EC19DF
CAND-BR-0361,app/src/main/java/com/capyreader/app/ui/settings/panels/AccountSettingsPanel.kt:231,PAGE-ADDLINKACTIVITY-F9EC19DF,source == Source.LOCAL,if 分支条件,if 条件 @app/src/main/java/com/capyreader/app/ui/settings/panels/AccountSettingsPanel.kt,PAGE-ADDLINKACTIVITY-F9EC19DF
CAND-BR-0362,app/src/main/java/com/capyreader/app/ui/settings/panels/AccountSettingsPanel.kt:253,PAGE-ADDLINKACTIVITY-F9EC19DF,lastRefreshed,when 分支条件,when 条件 @app/src/main/java/com/capyreader/app/ui/settings/panels/AccountSettingsPanel.kt,PAGE-ADDLINKACTIVITY-F9EC19DF
CAND-BR-0363,app/src/main/java/com/capyreader/app/ui/settings/panels/AccountSettingsViewModel.kt:60,PAGE-ADDLINKACTIVITY-F9EC19DF,workInfo == null || workInfo.state.isFinished,if 分支条件,if 条件 @app/src/main/java/com/capyreader/app/ui/settings/panels/AccountSettingsViewModel.kt,PAGE-ADDLINKACTIVITY-F9EC19DF
CAND-BR-0364,app/src/main/java/com/capyreader/app/ui/settings/panels/ArticleListSettings.kt:155,PAGE-ARTICLELISTSETTINGS-ACD03C79,options.shortenTitles,if 分支条件,if 条件 @app/src/main/java/com/capyreader/app/ui/settings/panels/ArticleListSettings.kt,PAGE-ARTICLELISTSETTINGS-ACD03C79
CAND-BR-0365,app/src/main/java/com/capyreader/app/ui/settings/panels/ArticleListSettings.kt:168,PAGE-ARTICLELISTSETTINGS-ACD03C79,options.showFeedName,if 分支条件,if 条件 @app/src/main/java/com/capyreader/app/ui/settings/panels/ArticleListSettings.kt,PAGE-ARTICLELISTSETTINGS-ACD03C79
CAND-BR-0366,app/src/main/java/com/capyreader/app/ui/settings/panels/ArticleListSettings.kt:185,PAGE-ARTICLELISTSETTINGS-ACD03C79,options.showSummary || options.imagePreview == ImagePreview.LARGE,if 分支条件,if 条件 @app/src/main/java/com/capyreader/app/ui/settings/panels/ArticleListSettings.kt,PAGE-ARTICLELISTSETTINGS-ACD03C79
CAND-BR-0367,app/src/main/java/com/capyreader/app/ui/settings/panels/ArticleListSettings.kt:191,PAGE-ARTICLELISTSETTINGS-ACD03C79,options.showSummary,if 分支条件,if 条件 @app/src/main/java/com/capyreader/app/ui/settings/panels/ArticleListSettings.kt,PAGE-ARTICLELISTSETTINGS-ACD03C79
CAND-BR-0368,app/src/main/java/com/capyreader/app/ui/settings/panels/ArticleListSettings.kt:198,PAGE-ARTICLELISTSETTINGS-ACD03C79,options.imagePreview == ImagePreview.LARGE,if 分支条件,if 条件 @app/src/main/java/com/capyreader/app/ui/settings/panels/ArticleListSettings.kt,PAGE-ARTICLELISTSETTINGS-ACD03C79
CAND-BR-0369,app/src/main/java/com/capyreader/app/ui/settings/panels/ArticleListSettings.kt:206,PAGE-ARTICLELISTSETTINGS-ACD03C79,options.showFeedIcons,if 分支条件,if 条件 @app/src/main/java/com/capyreader/app/ui/settings/panels/ArticleListSettings.kt,PAGE-ARTICLELISTSETTINGS-ACD03C79
CAND-BR-0370,app/src/main/java/com/capyreader/app/ui/settings/panels/ArticleListSettings.kt:257,PAGE-ARTICLELISTSETTINGS-ACD03C79,isMonochrome,if 分支条件,if 条件 @app/src/main/java/com/capyreader/app/ui/settings/panels/ArticleListSettings.kt,PAGE-ARTICLELISTSETTINGS-ACD03C79
CAND-BR-0371,app/src/main/java/com/capyreader/app/ui/settings/panels/ArticleListSettings.kt:223,PAGE-ARTICLELISTSETTINGS-ACD03C79,imagePreview,when 分支条件,when 条件 @app/src/main/java/com/capyreader/app/ui/settings/panels/ArticleListSettings.kt,PAGE-ARTICLELISTSETTINGS-ACD03C79
CAND-BR-0372,app/src/main/java/com/capyreader/app/ui/settings/panels/ArticleListSettings.kt:243,PAGE-ARTICLELISTSETTINGS-ACD03C79,imagePreview,when 分支条件,when 条件 @app/src/main/java/com/capyreader/app/ui/settings/panels/ArticleListSettings.kt,PAGE-ARTICLELISTSETTINGS-ACD03C79
CAND-BR-0373,app/src/main/java/com/capyreader/app/ui/settings/panels/AutoDeleteMenu.kt:38,PAGE-ADDLINKACTIVITY-F9EC19DF,autoDelete,when 分支条件,when 条件 @app/src/main/java/com/capyreader/app/ui/settings/panels/AutoDeleteMenu.kt,PAGE-ADDLINKACTIVITY-F9EC19DF
CAND-BR-0374,app/src/main/java/com/capyreader/app/ui/settings/panels/DisplaySettingsPanel.kt:107,PAGE-ADDLINKACTIVITY-F9EC19DF,appPreferences != null,if 分支条件,if 条件 @app/src/main/java/com/capyreader/app/ui/settings/panels/DisplaySettingsPanel.kt,PAGE-ADDLINKACTIVITY-F9EC19DF
CAND-BR-0375,app/src/main/java/com/capyreader/app/ui/settings/panels/DisplaySettingsPanel.kt:199,PAGE-ADDLINKACTIVITY-F9EC19DF,index,when 分支条件,when 条件 @app/src/main/java/com/capyreader/app/ui/settings/panels/DisplaySettingsPanel.kt,PAGE-ADDLINKACTIVITY-F9EC19DF
CAND-BR-0376,app/src/main/java/com/capyreader/app/ui/settings/panels/GeneralSettingsPanel.kt:170,PAGE-ADDLINKACTIVITY-F9EC19DF,source == Source.LOCAL,if 分支条件,if 条件 @app/src/main/java/com/capyreader/app/ui/settings/panels/GeneralSettingsPanel.kt,PAGE-ADDLINKACTIVITY-F9EC19DF
CAND-BR-0377,app/src/main/java/com/capyreader/app/ui/settings/panels/GeneralSettingsPanel.kt:176,PAGE-ADDLINKACTIVITY-F9EC19DF,CrashReporting.isAvailable,if 分支条件,if 条件 @app/src/main/java/com/capyreader/app/ui/settings/panels/GeneralSettingsPanel.kt,PAGE-ADDLINKACTIVITY-F9EC19DF
CAND-BR-0378,app/src/main/java/com/capyreader/app/ui/settings/panels/GeneralSettingsPanel.kt:256,PAGE-ADDLINKACTIVITY-F9EC19DF,BuildConfig.DEBUG && !LocalView.current.isInEditMode,if 分支条件,if 条件 @app/src/main/java/com/capyreader/app/ui/settings/panels/GeneralSettingsPanel.kt,PAGE-ADDLINKACTIVITY-F9EC19DF
CAND-BR-0379,app/src/main/java/com/capyreader/app/ui/settings/panels/GeneralSettingsPanel.kt:263,PAGE-ADDLINKACTIVITY-F9EC19DF,isClearArticlesDialogOpen,if 分支条件,if 条件 @app/src/main/java/com/capyreader/app/ui/settings/panels/GeneralSettingsPanel.kt,PAGE-ADDLINKACTIVITY-F9EC19DF
CAND-BR-0380,app/src/main/java/com/capyreader/app/ui/settings/panels/GeneralSettingsPanel.kt:299,PAGE-ADDLINKACTIVITY-F9EC19DF,result == SnackbarResult.ActionPerformed,if 分支条件,if 条件 @app/src/main/java/com/capyreader/app/ui/settings/panels/GeneralSettingsPanel.kt,PAGE-ADDLINKACTIVITY-F9EC19DF
CAND-BR-0381,app/src/main/java/com/capyreader/app/ui/settings/panels/GeneralSettingsPanel.kt:307,PAGE-ADDLINKACTIVITY-F9EC19DF,enabled,if 分支条件,if 条件 @app/src/main/java/com/capyreader/app/ui/settings/panels/GeneralSettingsPanel.kt,PAGE-ADDLINKACTIVITY-F9EC19DF
CAND-BR-0382,app/src/main/java/com/capyreader/app/ui/settings/panels/GeneralSettingsPanel.kt:308,PAGE-ADDLINKACTIVITY-F9EC19DF,enabled,if 分支条件,if 条件 @app/src/main/java/com/capyreader/app/ui/settings/panels/GeneralSettingsPanel.kt,PAGE-ADDLINKACTIVITY-F9EC19DF
CAND-BR-0383,app/src/main/java/com/capyreader/app/ui/settings/panels/GeneralSettingsPanel.kt:312,PAGE-ADDLINKACTIVITY-F9EC19DF,allowed,if 分支条件,if 条件 @app/src/main/java/com/capyreader/app/ui/settings/panels/GeneralSettingsPanel.kt,PAGE-ADDLINKACTIVITY-F9EC19DF
CAND-BR-0384,app/src/main/java/com/capyreader/app/ui/settings/panels/GeneralSettingsPanel.kt:323,PAGE-ADDLINKACTIVITY-F9EC19DF,Notifications.askForPermission,if 分支条件,if 条件 @app/src/main/java/com/capyreader/app/ui/settings/panels/GeneralSettingsPanel.kt,PAGE-ADDLINKACTIVITY-F9EC19DF
CAND-BR-0385,app/src/main/java/com/capyreader/app/ui/settings/panels/GeneralSettingsPanel.kt:336,PAGE-ADDLINKACTIVITY-F9EC19DF,!enabled,if 分支条件,if 条件 @app/src/main/java/com/capyreader/app/ui/settings/panels/GeneralSettingsPanel.kt,PAGE-ADDLINKACTIVITY-F9EC19DF
CAND-BR-0386,app/src/main/java/com/capyreader/app/ui/settings/panels/GeneralSettingsPanel.kt:341,PAGE-ADDLINKACTIVITY-F9EC19DF,enabled,if 分支条件,if 条件 @app/src/main/java/com/capyreader/app/ui/settings/panels/GeneralSettingsPanel.kt,PAGE-ADDLINKACTIVITY-F9EC19DF
CAND-BR-0387,app/src/main/java/com/capyreader/app/ui/settings/panels/GeneralSettingsViewModel.kt:111,PAGE-ADDLINKACTIVITY-F9EC19DF,!enable,if 分支条件,if 条件 @app/src/main/java/com/capyreader/app/ui/settings/panels/GeneralSettingsViewModel.kt,PAGE-ADDLINKACTIVITY-F9EC19DF
CAND-BR-0388,app/src/main/java/com/capyreader/app/ui/settings/panels/GesturesSettingsViewModel.kt:54,PAGE-ADDLINKACTIVITY-F9EC19DF,improve,if 分支条件,if 条件 @app/src/main/java/com/capyreader/app/ui/settings/panels/GesturesSettingsViewModel.kt,PAGE-ADDLINKACTIVITY-F9EC19DF
CAND-BR-0389,app/src/main/java/com/capyreader/app/ui/settings/panels/LastRefreshed.kt:21,PAGE-ADDLINKACTIVITY-F9EC19DF,epochSeconds == 0L,if 分支条件,if 条件 @app/src/main/java/com/capyreader/app/ui/settings/panels/LastRefreshed.kt,PAGE-ADDLINKACTIVITY-F9EC19DF
CAND-BR-0390,app/src/main/java/com/capyreader/app/ui/settings/panels/NotificationGroupCheckbox.kt:28,PAGE-ADDLINKACTIVITY-F9EC19DF,groupSelection,when 分支条件,when 条件 @app/src/main/java/com/capyreader/app/ui/settings/panels/NotificationGroupCheckbox.kt,PAGE-ADDLINKACTIVITY-F9EC19DF
CAND-BR-0391,app/src/main/java/com/capyreader/app/ui/settings/panels/NotificationGroupCheckbox.kt:41,PAGE-ADDLINKACTIVITY-F9EC19DF,groupSelection,when 分支条件,when 条件 @app/src/main/java/com/capyreader/app/ui/settings/panels/NotificationGroupCheckbox.kt,PAGE-ADDLINKACTIVITY-F9EC19DF
CAND-BR-0392,app/src/main/java/com/capyreader/app/ui/settings/panels/NotificationGroupCheckbox.kt:63,PAGE-ADDLINKACTIVITY-F9EC19DF,count,when 分支条件,when 条件 @app/src/main/java/com/capyreader/app/ui/settings/panels/NotificationGroupCheckbox.kt,PAGE-ADDLINKACTIVITY-F9EC19DF
CAND-BR-0393,app/src/main/java/com/capyreader/app/ui/settings/panels/OPMLImportButton.kt:32,PAGE-ADDLINKACTIVITY-F9EC19DF,Notifications.askForPermission,if 分支条件,if 条件 @app/src/main/java/com/capyreader/app/ui/settings/panels/OPMLImportButton.kt,PAGE-ADDLINKACTIVITY-F9EC19DF
CAND-BR-0394,app/src/main/java/com/capyreader/app/ui/settings/panels/OPMLImportButton.kt:46,PAGE-ADDLINKACTIVITY-F9EC19DF,progress != null,if 分支条件,if 条件 @app/src/main/java/com/capyreader/app/ui/settings/panels/OPMLImportButton.kt,PAGE-ADDLINKACTIVITY-F9EC19DF
CAND-BR-0395,app/src/main/java/com/capyreader/app/ui/settings/panels/OPMLImportButton.kt:58,PAGE-ADDLINKACTIVITY-F9EC19DF,progress.total == 0,if 分支条件,if 条件 @app/src/main/java/com/capyreader/app/ui/settings/panels/OPMLImportButton.kt,PAGE-ADDLINKACTIVITY-F9EC19DF
CAND-BR-0396,app/src/main/java/com/capyreader/app/ui/settings/panels/RefreshIntervalMenu.kt:36,PAGE-ADDLINKACTIVITY-F9EC19DF,refreshInterval,when 分支条件,when 条件 @app/src/main/java/com/capyreader/app/ui/settings/panels/RefreshIntervalMenu.kt,PAGE-ADDLINKACTIVITY-F9EC19DF
CAND-BR-0397,app/src/main/java/com/capyreader/app/ui/settings/panels/SettingsViewModel.kt:28,PAGE-ADDLINKACTIVITY-F9EC19DF,style == BadgeStyle.EXACT,if 分支条件,if 条件 @app/src/main/java/com/capyreader/app/ui/settings/panels/SettingsViewModel.kt,PAGE-ADDLINKACTIVITY-F9EC19DF
CAND-BR-0398,app/src/main/java/com/capyreader/app/ui/settings/panels/UnreadBadgesSettingsPanel.kt:83,PAGE-ADDLINKACTIVITY-F9EC19DF,badgeStyle == BadgeStyle.SIMPLE,if 分支条件,if 条件 @app/src/main/java/com/capyreader/app/ui/settings/panels/UnreadBadgesSettingsPanel.kt,PAGE-ADDLINKACTIVITY-F9EC19DF
CAND-BR-0399,app/src/main/java/com/capyreader/app/ui/settings/panels/UnreadBadgesSettingsPanel.kt:54,PAGE-ADDLINKACTIVITY-F9EC19DF,enabled,when 分支条件,when 条件 @app/src/main/java/com/capyreader/app/ui/settings/panels/UnreadBadgesSettingsPanel.kt,PAGE-ADDLINKACTIVITY-F9EC19DF
CAND-BR-0400,app/src/main/java/com/capyreader/app/ui/settings/panels/UnreadBadgesSettingsPanel.kt:150,PAGE-ADDLINKACTIVITY-F9EC19DF,groupSelection,when 分支条件,when 条件 @app/src/main/java/com/capyreader/app/ui/settings/panels/UnreadBadgesSettingsPanel.kt,PAGE-ADDLINKACTIVITY-F9EC19DF
CAND-BR-0401,app/src/main/java/com/capyreader/app/ui/settings/panels/UnreadBadgesSettingsPanel.kt:163,PAGE-ADDLINKACTIVITY-F9EC19DF,groupSelection,when 分支条件,when 条件 @app/src/main/java/com/capyreader/app/ui/settings/panels/UnreadBadgesSettingsPanel.kt,PAGE-ADDLINKACTIVITY-F9EC19DF
CAND-BR-0402,app/src/main/java/com/capyreader/app/ui/settings/panels/UnreadSortOrderSelect.kt:24,PAGE-ADDLINKACTIVITY-F9EC19DF,sortOrder,when 分支条件,when 条件 @app/src/main/java/com/capyreader/app/ui/settings/panels/UnreadSortOrderSelect.kt,PAGE-ADDLINKACTIVITY-F9EC19DF
CAND-BR-0403,app/src/main/java/com/capyreader/app/ui/theme/Theme.kt:99,PAGE-ADDLINKACTIVITY-F9EC19DF,theme == AppTheme.MONET && Build.VERSION.SDK_INT >= Build.VERSION_CODES.S,if 分支条件,if 条件 @app/src/main/java/com/capyreader/app/ui/theme/Theme.kt,PAGE-ADDLINKACTIVITY-F9EC19DF
CAND-BR-0404,app/src/main/java/com/capyreader/app/ui/theme/Theme.kt:100,PAGE-ADDLINKACTIVITY-F9EC19DF,isDark,if 分支条件,if 条件 @app/src/main/java/com/capyreader/app/ui/theme/Theme.kt,PAGE-ADDLINKACTIVITY-F9EC19DF
CAND-BR-0405,app/src/main/java/com/capyreader/app/ui/theme/Theme.kt:135,PAGE-ADDLINKACTIVITY-F9EC19DF,!view.isInEditMode,if 分支条件,if 条件 @app/src/main/java/com/capyreader/app/ui/theme/Theme.kt,PAGE-ADDLINKACTIVITY-F9EC19DF
CAND-BR-0406,app/src/main/java/com/capyreader/app/ui/theme/Theme.kt:156,PAGE-ADDLINKACTIVITY-F9EC19DF,isLightStatusBar || !pureBlack,if 分支条件,if 条件 @app/src/main/java/com/capyreader/app/ui/theme/Theme.kt,PAGE-ADDLINKACTIVITY-F9EC19DF
CAND-BR-0407,app/src/main/java/com/capyreader/app/ui/theme/Theme.kt:48,PAGE-ADDLINKACTIVITY-F9EC19DF,themeMode,when 分支条件,when 条件 @app/src/main/java/com/capyreader/app/ui/theme/Theme.kt,PAGE-ADDLINKACTIVITY-F9EC19DF
CAND-BR-0408,app/src/main/java/com/capyreader/app/ui/theme/colorschemes/BaseColorScheme.kt:18,PAGE-ADDLINKACTIVITY-F9EC19DF,!isDark,if 分支条件,if 条件 @app/src/main/java/com/capyreader/app/ui/theme/colorschemes/BaseColorScheme.kt,PAGE-ADDLINKACTIVITY-F9EC19DF
CAND-BR-0409,app/src/main/java/com/capyreader/app/ui/theme/colorschemes/BaseColorScheme.kt:20,PAGE-ADDLINKACTIVITY-F9EC19DF,!isAmoled,if 分支条件,if 条件 @app/src/main/java/com/capyreader/app/ui/theme/colorschemes/BaseColorScheme.kt,PAGE-ADDLINKACTIVITY-F9EC19DF
CAND-BR-0410,app/src/main/java/com/capyreader/app/ui/theme/colorschemes/DynamicPureBlackTheme.kt:7,PAGE-ADDLINKACTIVITY-F9EC19DF,!pureBlack,if 分支条件,if 条件 @app/src/main/java/com/capyreader/app/ui/theme/colorschemes/DynamicPureBlackTheme.kt,PAGE-ADDLINKACTIVITY-F9EC19DF
CAND-BR-0411,app/src/main/java/com/capyreader/app/ui/widget/ArticleHeadline.kt:108,PAGE-ADDLINKACTIVITY-F9EC19DF,article.openInBrowser && article.url != null,if 分支条件,if 条件 @app/src/main/java/com/capyreader/app/ui/widget/ArticleHeadline.kt,PAGE-ADDLINKACTIVITY-F9EC19DF
CAND-BR-0412,app/src/main/java/com/capyreader/app/ui/widget/HeadlinesWidget.kt:51,PAGE-ADDLINKACTIVITY-F9EC19DF,viewModel.isLoggedIn,if 分支条件,if 条件 @app/src/main/java/com/capyreader/app/ui/widget/HeadlinesWidget.kt,PAGE-ADDLINKACTIVITY-F9EC19DF
CAND-BR-0413,app/src/main/java/com/capyreader/app/ui/widget/SpotlightLayout.kt:65,PAGE-ADDLINKACTIVITY-F9EC19DF,entry == null,if 分支条件,if 条件 @app/src/main/java/com/capyreader/app/ui/widget/SpotlightLayout.kt,PAGE-ADDLINKACTIVITY-F9EC19DF
CAND-BR-0414,app/src/main/java/com/capyreader/app/ui/widget/SpotlightLayout.kt:70,PAGE-ADDLINKACTIVITY-F9EC19DF,imageBitmap != null,if 分支条件,if 条件 @app/src/main/java/com/capyreader/app/ui/widget/SpotlightLayout.kt,PAGE-ADDLINKACTIVITY-F9EC19DF
CAND-BR-0415,app/src/main/java/com/capyreader/app/ui/widget/SpotlightLayout.kt:208,PAGE-ADDLINKACTIVITY-F9EC19DF,entry.openInBrowser && entry.articleURL != null,if 分支条件,if 条件 @app/src/main/java/com/capyreader/app/ui/widget/SpotlightLayout.kt,PAGE-ADDLINKACTIVITY-F9EC19DF
CAND-BR-0416,app/src/main/java/com/capyreader/app/ui/widget/SpotlightWidget.kt:48,PAGE-ADDLINKACTIVITY-F9EC19DF,viewModel.isLoggedIn,if 分支条件,if 条件 @app/src/main/java/com/capyreader/app/ui/widget/SpotlightWidget.kt,PAGE-ADDLINKACTIVITY-F9EC19DF
CAND-BR-0417,app/src/main/java/com/capyreader/app/ui/widget/SpotlightWidget.kt:58,PAGE-ADDLINKACTIVITY-F9EC19DF,!viewModel.isLoggedIn,if 分支条件,if 条件 @app/src/main/java/com/capyreader/app/ui/widget/SpotlightWidget.kt,PAGE-ADDLINKACTIVITY-F9EC19DF
CAND-BR-0418,app/src/main/java/me/saket/swipe/ActionFinder.kt:16,PAGE-ADDLINKACTIVITY-F9EC19DF,offset == 0f,if 分支条件,if 条件 @app/src/main/java/me/saket/swipe/ActionFinder.kt,PAGE-ADDLINKACTIVITY-F9EC19DF
CAND-BR-0419,app/src/main/java/me/saket/swipe/ActionFinder.kt:21,PAGE-ADDLINKACTIVITY-F9EC19DF,isOnRightSide,if 分支条件,if 条件 @app/src/main/java/me/saket/swipe/ActionFinder.kt,PAGE-ADDLINKACTIVITY-F9EC19DF
CAND-BR-0420,app/src/main/java/me/saket/swipe/ActionFinder.kt:49,PAGE-ADDLINKACTIVITY-F9EC19DF,offset <= actionEndX,if 分支条件,if 条件 @app/src/main/java/me/saket/swipe/ActionFinder.kt,PAGE-ADDLINKACTIVITY-F9EC19DF
CAND-BR-0421,app/src/main/java/me/saket/swipe/SwipeRipple.kt:35,PAGE-ADDLINKACTIVITY-F9EC19DF,action.isUndo,if 分支条件,if 条件 @app/src/main/java/me/saket/swipe/SwipeRipple.kt,PAGE-ADDLINKACTIVITY-F9EC19DF
CAND-BR-0422,app/src/main/java/me/saket/swipe/SwipeRipple.kt:48,PAGE-ADDLINKACTIVITY-F9EC19DF,action.isUndo,if 分支条件,if 条件 @app/src/main/java/me/saket/swipe/SwipeRipple.kt,PAGE-ADDLINKACTIVITY-F9EC19DF
CAND-BR-0423,app/src/main/java/me/saket/swipe/SwipeRipple.kt:49,PAGE-ADDLINKACTIVITY-F9EC19DF,action.isUndo,if 分支条件,if 条件 @app/src/main/java/me/saket/swipe/SwipeRipple.kt,PAGE-ADDLINKACTIVITY-F9EC19DF
CAND-BR-0424,app/src/main/java/me/saket/swipe/SwipeRipple.kt:52,PAGE-ADDLINKACTIVITY-F9EC19DF,action.isUndo,if 分支条件,if 条件 @app/src/main/java/me/saket/swipe/SwipeRipple.kt,PAGE-ADDLINKACTIVITY-F9EC19DF
CAND-BR-0425,app/src/main/java/me/saket/swipe/SwipeRipple.kt:67,PAGE-ADDLINKACTIVITY-F9EC19DF,isUndo,if 分支条件,if 条件 @app/src/main/java/me/saket/swipe/SwipeRipple.kt,PAGE-ADDLINKACTIVITY-F9EC19DF
CAND-BR-0426,app/src/main/java/me/saket/swipe/SwipeRipple.kt:68,PAGE-ADDLINKACTIVITY-F9EC19DF,!isUndo,if 分支条件,if 条件 @app/src/main/java/me/saket/swipe/SwipeRipple.kt,PAGE-ADDLINKACTIVITY-F9EC19DF
CAND-BR-0427,app/src/main/java/me/saket/swipe/SwipeRipple.kt:75,PAGE-ADDLINKACTIVITY-F9EC19DF,rightSide,if 分支条件,if 条件 @app/src/main/java/me/saket/swipe/SwipeRipple.kt,PAGE-ADDLINKACTIVITY-F9EC19DF
CAND-BR-0428,app/src/main/java/me/saket/swipe/SwipeableActionsBox.kt:58,PAGE-ADDLINKACTIVITY-F9EC19DF,isRtl,if 分支条件,if 条件 @app/src/main/java/me/saket/swipe/SwipeableActionsBox.kt,PAGE-ADDLINKACTIVITY-F9EC19DF
CAND-BR-0429,app/src/main/java/me/saket/swipe/SwipeableActionsBox.kt:59,PAGE-ADDLINKACTIVITY-F9EC19DF,isRtl,if 分支条件,if 条件 @app/src/main/java/me/saket/swipe/SwipeableActionsBox.kt,PAGE-ADDLINKACTIVITY-F9EC19DF
CAND-BR-0430,app/src/main/java/me/saket/swipe/SwipeableActionsBox.kt:70,PAGE-ADDLINKACTIVITY-F9EC19DF,state.layoutWidth == 0,if 分支条件,if 条件 @app/src/main/java/me/saket/swipe/SwipeableActionsBox.kt,PAGE-ADDLINKACTIVITY-F9EC19DF
CAND-BR-0431,app/src/main/java/me/saket/swipe/SwipeableActionsBox.kt:84,PAGE-ADDLINKACTIVITY-F9EC19DF,disableRipple,if 分支条件,if 条件 @app/src/main/java/me/saket/swipe/SwipeableActionsBox.kt,PAGE-ADDLINKACTIVITY-F9EC19DF
CAND-BR-0432,app/src/main/java/me/saket/swipe/SwipeableActionsBox.kt:134,PAGE-ADDLINKACTIVITY-F9EC19DF,action.isOnRightSide,if 分支条件,if 条件 @app/src/main/java/me/saket/swipe/SwipeableActionsBox.kt,PAGE-ADDLINKACTIVITY-F9EC19DF
CAND-BR-0433,app/src/main/java/me/saket/swipe/SwipeableActionsBox.kt:139,PAGE-ADDLINKACTIVITY-F9EC19DF,action.isOnRightSide,if 分支条件,if 条件 @app/src/main/java/me/saket/swipe/SwipeableActionsBox.kt,PAGE-ADDLINKACTIVITY-F9EC19DF
CAND-BR-0434,app/src/main/java/me/saket/swipe/SwipeableActionsState.kt:66,PAGE-ADDLINKACTIVITY-F9EC19DF,isAllowed,if 分支条件,if 条件 @app/src/main/java/me/saket/swipe/SwipeableActionsState.kt,PAGE-ADDLINKACTIVITY-F9EC19DF
CAND-BR-0435,app/src/main/java/me/saket/swipe/horizontalDraggable.kt:107,PAGE-ADDLINKACTIVITY-F9EC19DF,!enabled,if 分支条件,if 条件 @app/src/main/java/me/saket/swipe/horizontalDraggable.kt,PAGE-ADDLINKACTIVITY-F9EC19DF
CAND-BR-0436,app/src/main/java/me/saket/swipe/horizontalDraggable.kt:115,PAGE-ADDLINKACTIVITY-F9EC19DF,event !is DragStarted,if 分支条件,if 条件 @app/src/main/java/me/saket/swipe/horizontalDraggable.kt,PAGE-ADDLINKACTIVITY-F9EC19DF
CAND-BR-0437,app/src/main/java/me/saket/swipe/horizontalDraggable.kt:125,PAGE-ADDLINKACTIVITY-F9EC19DF,event is DragStopped,if 分支条件,if 条件 @app/src/main/java/me/saket/swipe/horizontalDraggable.kt,PAGE-ADDLINKACTIVITY-F9EC19DF
CAND-BR-0438,app/src/main/java/me/saket/swipe/horizontalDraggable.kt:127,PAGE-ADDLINKACTIVITY-F9EC19DF,event is DragCancelled,if 分支条件,if 条件 @app/src/main/java/me/saket/swipe/horizontalDraggable.kt,PAGE-ADDLINKACTIVITY-F9EC19DF
CAND-BR-0439,app/src/main/java/me/saket/swipe/horizontalDraggable.kt:143,PAGE-ADDLINKACTIVITY-F9EC19DF,awaited != null,if 分支条件,if 条件 @app/src/main/java/me/saket/swipe/horizontalDraggable.kt,PAGE-ADDLINKACTIVITY-F9EC19DF
CAND-BR-0440,app/src/main/java/me/saket/swipe/horizontalDraggable.kt:155,PAGE-ADDLINKACTIVITY-F9EC19DF,!isActive,if 分支条件,if 条件 @app/src/main/java/me/saket/swipe/horizontalDraggable.kt,PAGE-ADDLINKACTIVITY-F9EC19DF
CAND-BR-0441,app/src/main/java/me/saket/swipe/horizontalDraggable.kt:157,PAGE-ADDLINKACTIVITY-F9EC19DF,isDragSuccessful,if 分支条件,if 条件 @app/src/main/java/me/saket/swipe/horizontalDraggable.kt,PAGE-ADDLINKACTIVITY-F9EC19DF
CAND-BR-0442,app/src/main/java/me/saket/swipe/horizontalDraggable.kt:195,PAGE-ADDLINKACTIVITY-F9EC19DF,this.state != state,if 分支条件,if 条件 @app/src/main/java/me/saket/swipe/horizontalDraggable.kt,PAGE-ADDLINKACTIVITY-F9EC19DF
CAND-BR-0443,app/src/main/java/me/saket/swipe/horizontalDraggable.kt:199,PAGE-ADDLINKACTIVITY-F9EC19DF,this.enabled != enabled,if 分支条件,if 条件 @app/src/main/java/me/saket/swipe/horizontalDraggable.kt,PAGE-ADDLINKACTIVITY-F9EC19DF
CAND-BR-0444,app/src/main/java/me/saket/swipe/horizontalDraggable.kt:206,PAGE-ADDLINKACTIVITY-F9EC19DF,resetPointerInputHandling,if 分支条件,if 条件 @app/src/main/java/me/saket/swipe/horizontalDraggable.kt,PAGE-ADDLINKACTIVITY-F9EC19DF
CAND-BR-0445,app/src/main/java/me/saket/swipe/horizontalDraggable.kt:230,PAGE-ADDLINKACTIVITY-F9EC19DF,isHorizontalSwipe,if 分支条件,if 条件 @app/src/main/java/me/saket/swipe/horizontalDraggable.kt,PAGE-ADDLINKACTIVITY-F9EC19DF
CAND-BR-0446,app/src/main/java/me/saket/swipe/horizontalDraggable.kt:244,PAGE-ADDLINKACTIVITY-F9EC19DF,afterSlopResult != null,if 分支条件,if 条件 @app/src/main/java/me/saket/swipe/horizontalDraggable.kt,PAGE-ADDLINKACTIVITY-F9EC19DF
CAND-BR-0447,app/src/main/java/me/saket/swipe/horizontalDraggable.kt:262,PAGE-ADDLINKACTIVITY-F9EC19DF,reverseDirection,if 分支条件,if 条件 @app/src/main/java/me/saket/swipe/horizontalDraggable.kt,PAGE-ADDLINKACTIVITY-F9EC19DF
CAND-BR-0448,app/src/main/java/me/saket/swipe/horizontalDraggable.kt:272,PAGE-ADDLINKACTIVITY-F9EC19DF,reverseDirection,if 分支条件,if 条件 @app/src/main/java/me/saket/swipe/horizontalDraggable.kt,PAGE-ADDLINKACTIVITY-F9EC19DF
CAND-BR-0449,bench/src/main/kotlin/com/jocmp/bench/Commands.kt:118,PAGE-ADDLINKACTIVITY-F9EC19DF,firstArticleID != null,if 分支条件,if 条件 @bench/src/main/kotlin/com/jocmp/bench/Commands.kt,PAGE-ADDLINKACTIVITY-F9EC19DF
CAND-BR-0450,bench/src/main/kotlin/com/jocmp/bench/FileDatabaseProvider.kt:19,PAGE-ADDLINKACTIVITY-F9EC19DF,isNew,if 分支条件,if 条件 @bench/src/main/kotlin/com/jocmp/bench/FileDatabaseProvider.kt,PAGE-ADDLINKACTIVITY-F9EC19DF
CAND-BR-0451,bench/src/main/kotlin/com/jocmp/bench/Main.kt:17,PAGE-ADDLINKACTIVITY-F9EC19DF,"command == ""reset""",if 分支条件,if 条件 @bench/src/main/kotlin/com/jocmp/bench/Main.kt,PAGE-ADDLINKACTIVITY-F9EC19DF
CAND-BR-0452,bench/src/main/kotlin/com/jocmp/bench/Main.kt:26,PAGE-ADDLINKACTIVITY-F9EC19DF,command,when 分支条件,when 条件 @bench/src/main/kotlin/com/jocmp/bench/Main.kt,PAGE-ADDLINKACTIVITY-F9EC19DF
CAND-BR-0453,capy/src/main/java/com/jocmp/capy/Account.kt:232,PAGE-ADDLINKACTIVITY-F9EC19DF,cutoffDate != null,if 分支条件,if 条件 @capy/src/main/java/com/jocmp/capy/Account.kt,PAGE-ADDLINKACTIVITY-F9EC19DF
CAND-BR-0454,capy/src/main/java/com/jocmp/capy/Account.kt:393,PAGE-ADDLINKACTIVITY-F9EC19DF,source == Source.LOCAL,if 分支条件,if 条件 @capy/src/main/java/com/jocmp/capy/Account.kt,PAGE-ADDLINKACTIVITY-F9EC19DF
CAND-BR-0455,capy/src/main/java/com/jocmp/capy/Account.kt:67,PAGE-ADDLINKACTIVITY-F9EC19DF,source,when 分支条件,when 条件 @capy/src/main/java/com/jocmp/capy/Account.kt,PAGE-ADDLINKACTIVITY-F9EC19DF
CAND-BR-0456,capy/src/main/java/com/jocmp/capy/Account.kt:547,PAGE-ADDLINKACTIVITY-F9EC19DF,this,when 分支条件,when 条件 @capy/src/main/java/com/jocmp/capy/Account.kt,PAGE-ADDLINKACTIVITY-F9EC19DF
CAND-BR-0457,capy/src/main/java/com/jocmp/capy/ArticleFilter.kt:28,PAGE-ADDLINKACTIVITY-F9EC19DF,this,when 分支条件,when 条件 @capy/src/main/java/com/jocmp/capy/ArticleFilter.kt,PAGE-ADDLINKACTIVITY-F9EC19DF
CAND-BR-0458,capy/src/main/java/com/jocmp/capy/EnclosureType.kt:9,PAGE-ADDLINKACTIVITY-F9EC19DF,mimeType == null,if 分支条件,if 条件 @capy/src/main/java/com/jocmp/capy/EnclosureType.kt,PAGE-ADDLINKACTIVITY-F9EC19DF
CAND-BR-0459,capy/src/main/java/com/jocmp/capy/MacroProcessor.kt:65,PAGE-ADDLINKACTIVITY-F9EC19DF,queue.size < openTag.length,if 分支条件,if 条件 @capy/src/main/java/com/jocmp/capy/MacroProcessor.kt,PAGE-ADDLINKACTIVITY-F9EC19DF
CAND-BR-0460,capy/src/main/java/com/jocmp/capy/MacroProcessor.kt:70,PAGE-ADDLINKACTIVITY-F9EC19DF,queue.size < closeTag.length,if 分支条件,if 条件 @capy/src/main/java/com/jocmp/capy/MacroProcessor.kt,PAGE-ADDLINKACTIVITY-F9EC19DF
CAND-BR-0461,capy/src/main/java/com/jocmp/capy/MarkRead.kt:16,PAGE-ADDLINKACTIVITY-F9EC19DF,this,when 分支条件,when 条件 @capy/src/main/java/com/jocmp/capy/MarkRead.kt,PAGE-ADDLINKACTIVITY-F9EC19DF
CAND-BR-0462,capy/src/main/java/com/jocmp/capy/MarkRead.kt:24,PAGE-ADDLINKACTIVITY-F9EC19DF,this,when 分支条件,when 条件 @capy/src/main/java/com/jocmp/capy/MarkRead.kt,PAGE-ADDLINKACTIVITY-F9EC19DF
CAND-BR-0463,capy/src/main/java/com/jocmp/capy/accounts/Credentials.kt:27,PAGE-ADDLINKACTIVITY-F9EC19DF,source,when 分支条件,when 条件 @capy/src/main/java/com/jocmp/capy/accounts/Credentials.kt,PAGE-ADDLINKACTIVITY-F9EC19DF
CAND-BR-0464,capy/src/main/java/com/jocmp/capy/accounts/WithErrorHandling.kt:12,PAGE-ADDLINKACTIVITY-F9EC19DF,result != null,if 分支条件,if 条件 @capy/src/main/java/com/jocmp/capy/accounts/WithErrorHandling.kt,PAGE-ADDLINKACTIVITY-F9EC19DF
CAND-BR-0465,capy/src/main/java/com/jocmp/capy/accounts/feedbin/FeedbinAccountDelegate.kt:126,PAGE-ADDLINKACTIVITY-F9EC19DF,!response.isSuccessful || entry == null,if 分支条件,if 条件 @capy/src/main/java/com/jocmp/capy/accounts/feedbin/FeedbinAccountDelegate.kt,PAGE-ADDLINKACTIVITY-F9EC19DF
CAND-BR-0466,capy/src/main/java/com/jocmp/capy/accounts/feedbin/FeedbinAccountDelegate.kt:150,PAGE-ADDLINKACTIVITY-F9EC19DF,subscription != null,if 分支条件,if 条件 @capy/src/main/java/com/jocmp/capy/accounts/feedbin/FeedbinAccountDelegate.kt,PAGE-ADDLINKACTIVITY-F9EC19DF
CAND-BR-0467,capy/src/main/java/com/jocmp/capy/accounts/feedbin/FeedbinAccountDelegate.kt:156,PAGE-ADDLINKACTIVITY-F9EC19DF,feed != null,if 分支条件,if 条件 @capy/src/main/java/com/jocmp/capy/accounts/feedbin/FeedbinAccountDelegate.kt,PAGE-ADDLINKACTIVITY-F9EC19DF
CAND-BR-0468,capy/src/main/java/com/jocmp/capy/accounts/feedbin/FeedbinAccountDelegate.kt:184,PAGE-ADDLINKACTIVITY-F9EC19DF,title != feed.title,if 分支条件,if 条件 @capy/src/main/java/com/jocmp/capy/accounts/feedbin/FeedbinAccountDelegate.kt,PAGE-ADDLINKACTIVITY-F9EC19DF
CAND-BR-0469,capy/src/main/java/com/jocmp/capy/accounts/feedbin/FeedbinAccountDelegate.kt:216,PAGE-ADDLINKACTIVITY-F9EC19DF,result.isSuccessful,if 分支条件,if 条件 @capy/src/main/java/com/jocmp/capy/accounts/feedbin/FeedbinAccountDelegate.kt,PAGE-ADDLINKACTIVITY-F9EC19DF
CAND-BR-0470,capy/src/main/java/com/jocmp/capy/accounts/feedbin/FeedbinAccountDelegate.kt:248,PAGE-ADDLINKACTIVITY-F9EC19DF,response.isSuccessful,if 分支条件,if 条件 @capy/src/main/java/com/jocmp/capy/accounts/feedbin/FeedbinAccountDelegate.kt,PAGE-ADDLINKACTIVITY-F9EC19DF
CAND-BR-0471,capy/src/main/java/com/jocmp/capy/accounts/feedbin/FeedbinAccountDelegate.kt:435,PAGE-ADDLINKACTIVITY-F9EC19DF,entries != null,if 分支条件,if 条件 @capy/src/main/java/com/jocmp/capy/accounts/feedbin/FeedbinAccountDelegate.kt,PAGE-ADDLINKACTIVITY-F9EC19DF
CAND-BR-0472,capy/src/main/java/com/jocmp/capy/accounts/feedbin/FeedbinAccountDelegate.kt:478,PAGE-ADDLINKACTIVITY-F9EC19DF,enclosure != null && enclosureType != null,if 分支条件,if 条件 @capy/src/main/java/com/jocmp/capy/accounts/feedbin/FeedbinAccountDelegate.kt,PAGE-ADDLINKACTIVITY-F9EC19DF
CAND-BR-0473,capy/src/main/java/com/jocmp/capy/accounts/feedbin/FeedbinAccountDelegate.kt:488,PAGE-ADDLINKACTIVITY-F9EC19DF,savedSearchID != null,if 分支条件,if 条件 @capy/src/main/java/com/jocmp/capy/accounts/feedbin/FeedbinAccountDelegate.kt,PAGE-ADDLINKACTIVITY-F9EC19DF
CAND-BR-0474,capy/src/main/java/com/jocmp/capy/accounts/feedbin/FeedbinAccountDelegate.kt:509,PAGE-ADDLINKACTIVITY-F9EC19DF,refreshedAt == 0L,if 分支条件,if 条件 @capy/src/main/java/com/jocmp/capy/accounts/feedbin/FeedbinAccountDelegate.kt,PAGE-ADDLINKACTIVITY-F9EC19DF
CAND-BR-0475,capy/src/main/java/com/jocmp/capy/accounts/feedbin/FeedbinAccountDelegate.kt:522,PAGE-ADDLINKACTIVITY-F9EC19DF,!response.isSuccessful || result == null,if 分支条件,if 条件 @capy/src/main/java/com/jocmp/capy/accounts/feedbin/FeedbinAccountDelegate.kt,PAGE-ADDLINKACTIVITY-F9EC19DF
CAND-BR-0476,capy/src/main/java/com/jocmp/capy/accounts/feedbin/FeedbinCredentials.kt:22,PAGE-ADDLINKACTIVITY-F9EC19DF,response.isSuccessful,if 分支条件,if 条件 @capy/src/main/java/com/jocmp/capy/accounts/feedbin/FeedbinCredentials.kt,PAGE-ADDLINKACTIVITY-F9EC19DF
CAND-BR-0477,capy/src/main/java/com/jocmp/capy/accounts/local/ArticleURL.kt:13,PAGE-ADDLINKACTIVITY-F9EC19DF,url.host != GOOGLE_ALERTS_DOMAIN,if 分支条件,if 条件 @capy/src/main/java/com/jocmp/capy/accounts/local/ArticleURL.kt,PAGE-ADDLINKACTIVITY-F9EC19DF
CAND-BR-0478,capy/src/main/java/com/jocmp/capy/accounts/local/LocalAccountDelegate.kt:75,PAGE-ADDLINKACTIVITY-F9EC19DF,exception != null && exception is UnknownHostException,if 分支条件,if 条件 @capy/src/main/java/com/jocmp/capy/accounts/local/LocalAccountDelegate.kt,PAGE-ADDLINKACTIVITY-F9EC19DF
CAND-BR-0479,capy/src/main/java/com/jocmp/capy/accounts/local/LocalAccountDelegate.kt:82,PAGE-ADDLINKACTIVITY-F9EC19DF,feeds.size > 1,if 分支条件,if 条件 @capy/src/main/java/com/jocmp/capy/accounts/local/LocalAccountDelegate.kt,PAGE-ADDLINKACTIVITY-F9EC19DF
CAND-BR-0480,capy/src/main/java/com/jocmp/capy/accounts/local/LocalAccountDelegate.kt:94,PAGE-ADDLINKACTIVITY-F9EC19DF,feed != null,if 分支条件,if 条件 @capy/src/main/java/com/jocmp/capy/accounts/local/LocalAccountDelegate.kt,PAGE-ADDLINKACTIVITY-F9EC19DF
CAND-BR-0481,capy/src/main/java/com/jocmp/capy/accounts/local/LocalAccountDelegate.kt:238,PAGE-ADDLINKACTIVITY-F9EC19DF,channel == null,if 分支条件,if 条件 @capy/src/main/java/com/jocmp/capy/accounts/local/LocalAccountDelegate.kt,PAGE-ADDLINKACTIVITY-F9EC19DF
CAND-BR-0482,capy/src/main/java/com/jocmp/capy/accounts/local/LocalAccountDelegate.kt:250,PAGE-ADDLINKACTIVITY-F9EC19DF,itunesImageURL != null,if 分支条件,if 条件 @capy/src/main/java/com/jocmp/capy/accounts/local/LocalAccountDelegate.kt,PAGE-ADDLINKACTIVITY-F9EC19DF
CAND-BR-0483,capy/src/main/java/com/jocmp/capy/accounts/local/LocalAccountDelegate.kt:290,PAGE-ADDLINKACTIVITY-F9EC19DF,parsedItem.id != null && withinCutoff && !blocked,if 分支条件,if 条件 @capy/src/main/java/com/jocmp/capy/accounts/local/LocalAccountDelegate.kt,PAGE-ADDLINKACTIVITY-F9EC19DF
CAND-BR-0484,capy/src/main/java/com/jocmp/capy/accounts/local/LocalAccountDelegate.kt:44,PAGE-ADDLINKACTIVITY-F9EC19DF,filter,when 分支条件,when 条件 @capy/src/main/java/com/jocmp/capy/accounts/local/LocalAccountDelegate.kt,PAGE-ADDLINKACTIVITY-F9EC19DF
CAND-BR-0485,capy/src/main/java/com/jocmp/capy/accounts/local/ParsedItem.kt:29,PAGE-ADDLINKACTIVITY-F9EC19DF,isAudio,if 分支条件,if 条件 @capy/src/main/java/com/jocmp/capy/accounts/local/ParsedItem.kt,PAGE-ADDLINKACTIVITY-F9EC19DF
CAND-BR-0486,capy/src/main/java/com/jocmp/capy/accounts/local/ParsedItem.kt:30,PAGE-ADDLINKACTIVITY-F9EC19DF,isAudio,if 分支条件,if 条件 @capy/src/main/java/com/jocmp/capy/accounts/local/ParsedItem.kt,PAGE-ADDLINKACTIVITY-F9EC19DF
CAND-BR-0487,capy/src/main/java/com/jocmp/capy/accounts/local/ParsedItem.kt:52,PAGE-ADDLINKACTIVITY-F9EC19DF,mediaContent != null,if 分支条件,if 条件 @capy/src/main/java/com/jocmp/capy/accounts/local/ParsedItem.kt,PAGE-ADDLINKACTIVITY-F9EC19DF
CAND-BR-0488,capy/src/main/java/com/jocmp/capy/accounts/local/ParsedItem.kt:96,PAGE-ADDLINKACTIVITY-F9EC19DF,uri.isAbsolute,if 分支条件,if 条件 @capy/src/main/java/com/jocmp/capy/accounts/local/ParsedItem.kt,PAGE-ADDLINKACTIVITY-F9EC19DF
CAND-BR-0489,capy/src/main/java/com/jocmp/capy/accounts/local/ParsedItem.kt:116,PAGE-ADDLINKACTIVITY-F9EC19DF,parts.size,when 分支条件,when 条件 @capy/src/main/java/com/jocmp/capy/accounts/local/ParsedItem.kt,PAGE-ADDLINKACTIVITY-F9EC19DF
CAND-BR-0490,capy/src/main/java/com/jocmp/capy/accounts/miniflux/MinifluxAccountDelegate.kt:134,PAGE-ADDLINKACTIVITY-F9EC19DF,response.isSuccessful,if 分支条件,if 条件 @capy/src/main/java/com/jocmp/capy/accounts/miniflux/MinifluxAccountDelegate.kt,PAGE-ADDLINKACTIVITY-F9EC19DF
CAND-BR-0491,capy/src/main/java/com/jocmp/capy/accounts/miniflux/MinifluxAccountDelegate.kt:166,PAGE-ADDLINKACTIVITY-F9EC19DF,feed != null,if 分支条件,if 条件 @capy/src/main/java/com/jocmp/capy/accounts/miniflux/MinifluxAccountDelegate.kt,PAGE-ADDLINKACTIVITY-F9EC19DF
CAND-BR-0492,capy/src/main/java/com/jocmp/capy/accounts/miniflux/MinifluxAccountDelegate.kt:172,PAGE-ADDLINKACTIVITY-F9EC19DF,localFeed != null,if 分支条件,if 条件 @capy/src/main/java/com/jocmp/capy/accounts/miniflux/MinifluxAccountDelegate.kt,PAGE-ADDLINKACTIVITY-F9EC19DF
CAND-BR-0493,capy/src/main/java/com/jocmp/capy/accounts/miniflux/MinifluxAccountDelegate.kt:209,PAGE-ADDLINKACTIVITY-F9EC19DF,categoryId != null,if 分支条件,if 条件 @capy/src/main/java/com/jocmp/capy/accounts/miniflux/MinifluxAccountDelegate.kt,PAGE-ADDLINKACTIVITY-F9EC19DF
CAND-BR-0494,capy/src/main/java/com/jocmp/capy/accounts/miniflux/MinifluxAccountDelegate.kt:239,PAGE-ADDLINKACTIVITY-F9EC19DF,category != null,if 分支条件,if 条件 @capy/src/main/java/com/jocmp/capy/accounts/miniflux/MinifluxAccountDelegate.kt,PAGE-ADDLINKACTIVITY-F9EC19DF
CAND-BR-0495,capy/src/main/java/com/jocmp/capy/accounts/miniflux/MinifluxAccountDelegate.kt:261,PAGE-ADDLINKACTIVITY-F9EC19DF,category != null,if 分支条件,if 条件 @capy/src/main/java/com/jocmp/capy/accounts/miniflux/MinifluxAccountDelegate.kt,PAGE-ADDLINKACTIVITY-F9EC19DF
CAND-BR-0496,capy/src/main/java/com/jocmp/capy/accounts/miniflux/MinifluxAccountDelegate.kt:273,PAGE-ADDLINKACTIVITY-F9EC19DF,response.isSuccessful && status != null,if 分支条件,if 条件 @capy/src/main/java/com/jocmp/capy/accounts/miniflux/MinifluxAccountDelegate.kt,PAGE-ADDLINKACTIVITY-F9EC19DF
CAND-BR-0497,capy/src/main/java/com/jocmp/capy/accounts/miniflux/MinifluxAccountDelegate.kt:285,PAGE-ADDLINKACTIVITY-F9EC19DF,!feedsResponse.isSuccessful || feeds == null,if 分支条件,if 条件 @capy/src/main/java/com/jocmp/capy/accounts/miniflux/MinifluxAccountDelegate.kt,PAGE-ADDLINKACTIVITY-F9EC19DF
CAND-BR-0498,capy/src/main/java/com/jocmp/capy/accounts/miniflux/MinifluxAccountDelegate.kt:456,PAGE-ADDLINKACTIVITY-F9EC19DF,existing != null,if 分支条件,if 条件 @capy/src/main/java/com/jocmp/capy/accounts/miniflux/MinifluxAccountDelegate.kt,PAGE-ADDLINKACTIVITY-F9EC19DF
CAND-BR-0499,capy/src/main/java/com/jocmp/capy/accounts/miniflux/MinifluxAccountDelegate.kt:475,PAGE-ADDLINKACTIVITY-F9EC19DF,response.isSuccessful && iconData != null,if 分支条件,if 条件 @capy/src/main/java/com/jocmp/capy/accounts/miniflux/MinifluxAccountDelegate.kt,PAGE-ADDLINKACTIVITY-F9EC19DF
CAND-BR-0500,capy/src/main/java/com/jocmp/capy/accounts/miniflux/MinifluxCredentials.kt:24,PAGE-ADDLINKACTIVITY-F9EC19DF,source == Source.MINIFLUX_TOKEN,if 分支条件,if 条件 @capy/src/main/java/com/jocmp/capy/accounts/miniflux/MinifluxCredentials.kt,PAGE-ADDLINKACTIVITY-F9EC19DF
CAND-BR-0501,capy/src/main/java/com/jocmp/capy/accounts/miniflux/MinifluxCredentials.kt:33,PAGE-ADDLINKACTIVITY-F9EC19DF,response?.isSuccessful == true && username != null,if 分支条件,if 条件 @capy/src/main/java/com/jocmp/capy/accounts/miniflux/MinifluxCredentials.kt,PAGE-ADDLINKACTIVITY-F9EC19DF
CAND-BR-0502,capy/src/main/java/com/jocmp/capy/accounts/miniflux/MinifluxCredentials.kt:44,PAGE-ADDLINKACTIVITY-F9EC19DF,verified,if 分支条件,if 条件 @capy/src/main/java/com/jocmp/capy/accounts/miniflux/MinifluxCredentials.kt,PAGE-ADDLINKACTIVITY-F9EC19DF
CAND-BR-0503,capy/src/main/java/com/jocmp/capy/accounts/miniflux/MinifluxEnclosureParsing.kt:11,PAGE-ADDLINKACTIVITY-F9EC19DF,imageEnclosure != null,if 分支条件,if 条件 @capy/src/main/java/com/jocmp/capy/accounts/miniflux/MinifluxEnclosureParsing.kt,PAGE-ADDLINKACTIVITY-F9EC19DF
CAND-BR-0504,capy/src/main/java/com/jocmp/capy/accounts/miniflux/MinifluxOkHttpClient.kt:23,PAGE-ADDLINKACTIVITY-F9EC19DF,source == Source.MINIFLUX_TOKEN,if 分支条件,if 条件 @capy/src/main/java/com/jocmp/capy/accounts/miniflux/MinifluxOkHttpClient.kt,PAGE-ADDLINKACTIVITY-F9EC19DF
CAND-BR-0505,capy/src/main/java/com/jocmp/capy/accounts/reader/ReaderAccountDelegate.kt:138,PAGE-ADDLINKACTIVITY-F9EC19DF,subscription == null,if 分支条件,if 条件 @capy/src/main/java/com/jocmp/capy/accounts/reader/ReaderAccountDelegate.kt,PAGE-ADDLINKACTIVITY-F9EC19DF
CAND-BR-0506,capy/src/main/java/com/jocmp/capy/accounts/reader/ReaderAccountDelegate.kt:158,PAGE-ADDLINKACTIVITY-F9EC19DF,feed != null,if 分支条件,if 条件 @capy/src/main/java/com/jocmp/capy/accounts/reader/ReaderAccountDelegate.kt,PAGE-ADDLINKACTIVITY-F9EC19DF
CAND-BR-0507,capy/src/main/java/com/jocmp/capy/accounts/reader/ReaderAccountDelegate.kt:177,PAGE-ADDLINKACTIVITY-F9EC19DF,folderTitles.size != 1,if 分支条件,if 条件 @capy/src/main/java/com/jocmp/capy/accounts/reader/ReaderAccountDelegate.kt,PAGE-ADDLINKACTIVITY-F9EC19DF
CAND-BR-0508,capy/src/main/java/com/jocmp/capy/accounts/reader/ReaderAccountDelegate.kt:196,PAGE-ADDLINKACTIVITY-F9EC19DF,!response.isSuccessful,if 分支条件,if 条件 @capy/src/main/java/com/jocmp/capy/accounts/reader/ReaderAccountDelegate.kt,PAGE-ADDLINKACTIVITY-F9EC19DF
CAND-BR-0509,capy/src/main/java/com/jocmp/capy/accounts/reader/ReaderAccountDelegate.kt:238,PAGE-ADDLINKACTIVITY-F9EC19DF,!response.isSuccessful,if 分支条件,if 条件 @capy/src/main/java/com/jocmp/capy/accounts/reader/ReaderAccountDelegate.kt,PAGE-ADDLINKACTIVITY-F9EC19DF
CAND-BR-0510,capy/src/main/java/com/jocmp/capy/accounts/reader/ReaderAccountDelegate.kt:255,PAGE-ADDLINKACTIVITY-F9EC19DF,!response.isSuccessful,if 分支条件,if 条件 @capy/src/main/java/com/jocmp/capy/accounts/reader/ReaderAccountDelegate.kt,PAGE-ADDLINKACTIVITY-F9EC19DF
CAND-BR-0511,capy/src/main/java/com/jocmp/capy/accounts/reader/ReaderAccountDelegate.kt:270,PAGE-ADDLINKACTIVITY-F9EC19DF,!response.isSuccessful,if 分支条件,if 条件 @capy/src/main/java/com/jocmp/capy/accounts/reader/ReaderAccountDelegate.kt,PAGE-ADDLINKACTIVITY-F9EC19DF
CAND-BR-0512,capy/src/main/java/com/jocmp/capy/accounts/reader/ReaderAccountDelegate.kt:386,PAGE-ADDLINKACTIVITY-F9EC19DF,stream !is Stream.Feed,if 分支条件,if 条件 @capy/src/main/java/com/jocmp/capy/accounts/reader/ReaderAccountDelegate.kt,PAGE-ADDLINKACTIVITY-F9EC19DF
CAND-BR-0513,capy/src/main/java/com/jocmp/capy/accounts/reader/ReaderAccountDelegate.kt:390,PAGE-ADDLINKACTIVITY-F9EC19DF,stream is UserLabel,if 分支条件,if 条件 @capy/src/main/java/com/jocmp/capy/accounts/reader/ReaderAccountDelegate.kt,PAGE-ADDLINKACTIVITY-F9EC19DF
CAND-BR-0514,capy/src/main/java/com/jocmp/capy/accounts/reader/ReaderAccountDelegate.kt:423,PAGE-ADDLINKACTIVITY-F9EC19DF,!response.isSuccessful || result == null,if 分支条件,if 条件 @capy/src/main/java/com/jocmp/capy/accounts/reader/ReaderAccountDelegate.kt,PAGE-ADDLINKACTIVITY-F9EC19DF
CAND-BR-0515,capy/src/main/java/com/jocmp/capy/accounts/reader/ReaderAccountDelegate.kt:585,PAGE-ADDLINKACTIVITY-F9EC19DF,!response.isSuccessful,if 分支条件,if 条件 @capy/src/main/java/com/jocmp/capy/accounts/reader/ReaderAccountDelegate.kt,PAGE-ADDLINKACTIVITY-F9EC19DF
CAND-BR-0516,capy/src/main/java/com/jocmp/capy/accounts/reader/ReaderAccountDelegate.kt:604,PAGE-ADDLINKACTIVITY-F9EC19DF,!isBadToken,if 分支条件,if 条件 @capy/src/main/java/com/jocmp/capy/accounts/reader/ReaderAccountDelegate.kt,PAGE-ADDLINKACTIVITY-F9EC19DF
CAND-BR-0517,capy/src/main/java/com/jocmp/capy/accounts/reader/ReaderAccountDelegate.kt:679,PAGE-ADDLINKACTIVITY-F9EC19DF,source == Source.FRESHRSS,if 分支条件,if 条件 @capy/src/main/java/com/jocmp/capy/accounts/reader/ReaderAccountDelegate.kt,PAGE-ADDLINKACTIVITY-F9EC19DF
CAND-BR-0518,capy/src/main/java/com/jocmp/capy/accounts/reader/ReaderAccountDelegate.kt:667,PAGE-ADDLINKACTIVITY-F9EC19DF,this,when 分支条件,when 条件 @capy/src/main/java/com/jocmp/capy/accounts/reader/ReaderAccountDelegate.kt,PAGE-ADDLINKACTIVITY-F9EC19DF
CAND-BR-0519,capy/src/main/java/com/jocmp/capy/accounts/reader/ReaderCredentials.kt:33,PAGE-ADDLINKACTIVITY-F9EC19DF,response.isSuccessful && responseBody != null,if 分支条件,if 条件 @capy/src/main/java/com/jocmp/capy/accounts/reader/ReaderCredentials.kt,PAGE-ADDLINKACTIVITY-F9EC19DF
CAND-BR-0520,capy/src/main/java/com/jocmp/capy/accounts/reader/ReaderCredentials.kt:50,PAGE-ADDLINKACTIVITY-F9EC19DF,auth != null,if 分支条件,if 条件 @capy/src/main/java/com/jocmp/capy/accounts/reader/ReaderCredentials.kt,PAGE-ADDLINKACTIVITY-F9EC19DF
CAND-BR-0521,capy/src/main/java/com/jocmp/capy/accounts/reader/ReaderEnclosureParsing.kt:13,PAGE-ADDLINKACTIVITY-F9EC19DF,imageHref != null,if 分支条件,if 条件 @capy/src/main/java/com/jocmp/capy/accounts/reader/ReaderEnclosureParsing.kt,PAGE-ADDLINKACTIVITY-F9EC19DF
CAND-BR-0522,capy/src/main/java/com/jocmp/capy/articles/ArticleContent.kt:31,PAGE-ADDLINKACTIVITY-F9EC19DF,!response.isSuccessful,if 分支条件,if 条件 @capy/src/main/java/com/jocmp/capy/articles/ArticleContent.kt,PAGE-ADDLINKACTIVITY-F9EC19DF
CAND-BR-0523,capy/src/main/java/com/jocmp/capy/articles/ArticleContent.kt:37,PAGE-ADDLINKACTIVITY-F9EC19DF,body == null,if 分支条件,if 条件 @capy/src/main/java/com/jocmp/capy/articles/ArticleContent.kt,PAGE-ADDLINKACTIVITY-F9EC19DF
CAND-BR-0524,capy/src/main/java/com/jocmp/capy/articles/ArticleContent.kt:53,PAGE-ADDLINKACTIVITY-F9EC19DF,"contentType?.subtype != ""html""",if 分支条件,if 条件 @capy/src/main/java/com/jocmp/capy/articles/ArticleContent.kt,PAGE-ADDLINKACTIVITY-F9EC19DF
CAND-BR-0525,capy/src/main/java/com/jocmp/capy/articles/ArticleEnclosuresExt.kt:97,PAGE-ADDLINKACTIVITY-F9EC19DF,hours > 0,if 分支条件,if 条件 @capy/src/main/java/com/jocmp/capy/articles/ArticleEnclosuresExt.kt,PAGE-ADDLINKACTIVITY-F9EC19DF
CAND-BR-0526,capy/src/main/java/com/jocmp/capy/articles/ArticleRenderer.kt:29,PAGE-ADDLINKACTIVITY-F9EC19DF,showPlaceholderTitle,if 分支条件,if 条件 @capy/src/main/java/com/jocmp/capy/articles/ArticleRenderer.kt,PAGE-ADDLINKACTIVITY-F9EC19DF
CAND-BR-0527,capy/src/main/java/com/jocmp/capy/articles/ArticleRenderer.kt:35,PAGE-ADDLINKACTIVITY-F9EC19DF,showPlaceholderTitle,if 分支条件,if 条件 @capy/src/main/java/com/jocmp/capy/articles/ArticleRenderer.kt,PAGE-ADDLINKACTIVITY-F9EC19DF
CAND-BR-0528,capy/src/main/java/com/jocmp/capy/articles/ArticleRenderer.kt:69,PAGE-ADDLINKACTIVITY-F9EC19DF,article.parseFullContent,if 分支条件,if 条件 @capy/src/main/java/com/jocmp/capy/articles/ArticleRenderer.kt,PAGE-ADDLINKACTIVITY-F9EC19DF
CAND-BR-0529,capy/src/main/java/com/jocmp/capy/articles/ArticleRenderer.kt:82,PAGE-ADDLINKACTIVITY-F9EC19DF,horizontalScroll,if 分支条件,if 条件 @capy/src/main/java/com/jocmp/capy/articles/ArticleRenderer.kt,PAGE-ADDLINKACTIVITY-F9EC19DF
CAND-BR-0530,capy/src/main/java/com/jocmp/capy/articles/ArticleRenderer.kt:90,PAGE-ADDLINKACTIVITY-F9EC19DF,horizontalScroll,if 分支条件,if 条件 @capy/src/main/java/com/jocmp/capy/articles/ArticleRenderer.kt,PAGE-ADDLINKACTIVITY-F9EC19DF
CAND-BR-0531,capy/src/main/java/com/jocmp/capy/articles/ArticleRenderer.kt:98,PAGE-ADDLINKACTIVITY-F9EC19DF,fontFamily,when 分支条件,when 条件 @capy/src/main/java/com/jocmp/capy/articles/ArticleRenderer.kt,PAGE-ADDLINKACTIVITY-F9EC19DF
CAND-BR-0532,capy/src/main/java/com/jocmp/capy/articles/FontOption.kt:13,PAGE-ADDLINKACTIVITY-F9EC19DF,this,when 分支条件,when 条件 @capy/src/main/java/com/jocmp/capy/articles/FontOption.kt,PAGE-ADDLINKACTIVITY-F9EC19DF
CAND-BR-0533,capy/src/main/java/com/jocmp/capy/articles/SidebarItem.kt:38,PAGE-ADDLINKACTIVITY-F9EC19DF,folder.expanded,if 分支条件,if 条件 @capy/src/main/java/com/jocmp/capy/articles/SidebarItem.kt,PAGE-ADDLINKACTIVITY-F9EC19DF
CAND-BR-0534,capy/src/main/java/com/jocmp/capy/articles/TextAlignment.kt:8,PAGE-ADDLINKACTIVITY-F9EC19DF,this,when 分支条件,when 条件 @capy/src/main/java/com/jocmp/capy/articles/TextAlignment.kt,PAGE-ADDLINKACTIVITY-F9EC19DF
CAND-BR-0535,capy/src/main/java/com/jocmp/capy/common/CallExecuteAsyncExt.kt:27,PAGE-ADDLINKACTIVITY-F9EC19DF,continuation.isCancelled,if 分支条件,if 条件 @capy/src/main/java/com/jocmp/capy/common/CallExecuteAsyncExt.kt,PAGE-ADDLINKACTIVITY-F9EC19DF
CAND-BR-0536,capy/src/main/java/com/jocmp/capy/common/ContentFormatter.kt:25,PAGE-ADDLINKACTIVITY-F9EC19DF,text.length <= MAX_LENGTH,if 分支条件,if 条件 @capy/src/main/java/com/jocmp/capy/common/ContentFormatter.kt,PAGE-ADDLINKACTIVITY-F9EC19DF
CAND-BR-0537,capy/src/main/java/com/jocmp/capy/common/ContentFormatter.kt:32,PAGE-ADDLINKACTIVITY-F9EC19DF,lastSpace <= 0,if 分支条件,if 条件 @capy/src/main/java/com/jocmp/capy/common/ContentFormatter.kt,PAGE-ADDLINKACTIVITY-F9EC19DF
CAND-BR-0538,capy/src/main/java/com/jocmp/capy/common/MutableListExt.kt:6,PAGE-ADDLINKACTIVITY-F9EC19DF,index > -1,if 分支条件,if 条件 @capy/src/main/java/com/jocmp/capy/common/MutableListExt.kt,PAGE-ADDLINKACTIVITY-F9EC19DF
CAND-BR-0539,capy/src/main/java/com/jocmp/capy/common/MutableListExt.kt:14,PAGE-ADDLINKACTIVITY-F9EC19DF,index > -1,if 分支条件,if 条件 @capy/src/main/java/com/jocmp/capy/common/MutableListExt.kt,PAGE-ADDLINKACTIVITY-F9EC19DF
CAND-BR-0540,capy/src/main/java/com/jocmp/capy/common/OptionalURL.kt:7,PAGE-ADDLINKACTIVITY-F9EC19DF,port != -1,if 分支条件,if 条件 @capy/src/main/java/com/jocmp/capy/common/OptionalURL.kt,PAGE-ADDLINKACTIVITY-F9EC19DF
CAND-BR-0541,capy/src/main/java/com/jocmp/capy/common/StringCharactersExt.kt:13,PAGE-ADDLINKACTIVITY-F9EC19DF,char,when 分支条件,when 条件 @capy/src/main/java/com/jocmp/capy/common/StringCharactersExt.kt,PAGE-ADDLINKACTIVITY-F9EC19DF
CAND-BR-0542,capy/src/main/java/com/jocmp/capy/common/StringPrependingExt.kt:4,PAGE-ADDLINKACTIVITY-F9EC19DF,tabCount < 1,if 分支条件,if 条件 @capy/src/main/java/com/jocmp/capy/common/StringPrependingExt.kt,PAGE-ADDLINKACTIVITY-F9EC19DF
CAND-BR-0543,capy/src/main/java/com/jocmp/capy/common/TimeHelpers.kt:43,PAGE-ADDLINKACTIVITY-F9EC19DF,dateTime != null,if 分支条件,if 条件 @capy/src/main/java/com/jocmp/capy/common/TimeHelpers.kt,PAGE-ADDLINKACTIVITY-F9EC19DF
CAND-BR-0544,capy/src/main/java/com/jocmp/capy/common/TitleMarkup.kt:30,PAGE-ADDLINKACTIVITY-F9EC19DF,hasUnclosedTag,if 分支条件,if 条件 @capy/src/main/java/com/jocmp/capy/common/TitleMarkup.kt,PAGE-ADDLINKACTIVITY-F9EC19DF
CAND-BR-0545,capy/src/main/java/com/jocmp/capy/common/WithResult.kt:12,PAGE-ADDLINKACTIVITY-F9EC19DF,!response.isSuccessful || result == null,if 分支条件,if 条件 @capy/src/main/java/com/jocmp/capy/common/WithResult.kt,PAGE-ADDLINKACTIVITY-F9EC19DF
CAND-BR-0546,capy/src/main/java/com/jocmp/capy/opml/OPMLHandler.kt:16,PAGE-ADDLINKACTIVITY-F9EC19DF,element.isFeed,if 分支条件,if 条件 @capy/src/main/java/com/jocmp/capy/opml/OPMLHandler.kt,PAGE-ADDLINKACTIVITY-F9EC19DF
CAND-BR-0547,capy/src/main/java/com/jocmp/capy/opml/OPMLHandler.kt:37,PAGE-ADDLINKACTIVITY-F9EC19DF,child.isFeed,if 分支条件,if 条件 @capy/src/main/java/com/jocmp/capy/opml/OPMLHandler.kt,PAGE-ADDLINKACTIVITY-F9EC19DF
CAND-BR-0548,capy/src/main/java/com/jocmp/capy/opml/OPMLImporter.kt:43,PAGE-ADDLINKACTIVITY-F9EC19DF,outline is Outline.FeedOutline,if 分支条件,if 条件 @capy/src/main/java/com/jocmp/capy/opml/OPMLImporter.kt,PAGE-ADDLINKACTIVITY-F9EC19DF
CAND-BR-0549,capy/src/main/java/com/jocmp/capy/opml/OPMLImporter.kt:47,PAGE-ADDLINKACTIVITY-F9EC19DF,xmlURL != null,if 分支条件,if 条件 @capy/src/main/java/com/jocmp/capy/opml/OPMLImporter.kt,PAGE-ADDLINKACTIVITY-F9EC19DF
CAND-BR-0550,capy/src/main/java/com/jocmp/capy/opml/OPMLImporter.kt:55,PAGE-ADDLINKACTIVITY-F9EC19DF,outline is Outline.FolderOutline,if 分支条件,if 条件 @capy/src/main/java/com/jocmp/capy/opml/OPMLImporter.kt,PAGE-ADDLINKACTIVITY-F9EC19DF
CAND-BR-0551,capy/src/main/java/com/jocmp/capy/opml/OPMLImporter.kt:61,PAGE-ADDLINKACTIVITY-F9EC19DF,xmlURL != null,if 分支条件,if 条件 @capy/src/main/java/com/jocmp/capy/opml/OPMLImporter.kt,PAGE-ADDLINKACTIVITY-F9EC19DF
CAND-BR-0552,capy/src/main/java/com/jocmp/capy/persistence/ArticleRecords.kt:72,PAGE-ADDLINKACTIVITY-F9EC19DF,read,if 分支条件,if 条件 @capy/src/main/java/com/jocmp/capy/persistence/ArticleRecords.kt,PAGE-ADDLINKACTIVITY-F9EC19DF
CAND-BR-0553,capy/src/main/java/com/jocmp/capy/persistence/ArticleRecords.kt:262,PAGE-ADDLINKACTIVITY-F9EC19DF,filter,when 分支条件,when 条件 @capy/src/main/java/com/jocmp/capy/persistence/ArticleRecords.kt,PAGE-ADDLINKACTIVITY-F9EC19DF
CAND-BR-0554,capy/src/main/java/com/jocmp/capy/persistence/ArticleRecords.kt:329,PAGE-ADDLINKACTIVITY-F9EC19DF,filter,when 分支条件,when 条件 @capy/src/main/java/com/jocmp/capy/persistence/ArticleRecords.kt,PAGE-ADDLINKACTIVITY-F9EC19DF
CAND-BR-0555,capy/src/main/java/com/jocmp/capy/persistence/ArticleStatusPair.kt:11,PAGE-ADDLINKACTIVITY-F9EC19DF,this,when 分支条件,when 条件 @capy/src/main/java/com/jocmp/capy/persistence/ArticleStatusPair.kt,PAGE-ADDLINKACTIVITY-F9EC19DF
CAND-BR-0556,capy/src/main/java/com/jocmp/capy/persistence/ArticleStatusPair.kt:18,PAGE-ADDLINKACTIVITY-F9EC19DF,this,when 分支条件,when 条件 @capy/src/main/java/com/jocmp/capy/persistence/ArticleStatusPair.kt,PAGE-ADDLINKACTIVITY-F9EC19DF
CAND-BR-0557,capy/src/main/java/com/jocmp/capy/persistence/articles/ArticleHelpers.kt:10,PAGE-ADDLINKACTIVITY-F9EC19DF,read != null,if 分支条件,if 条件 @capy/src/main/java/com/jocmp/capy/persistence/articles/ArticleHelpers.kt,PAGE-ADDLINKACTIVITY-F9EC19DF
CAND-BR-0558,capy/src/main/java/com/jocmp/capy/persistence/articles/ArticleHelpers.kt:18,PAGE-ADDLINKACTIVITY-F9EC19DF,starred != null,if 分支条件,if 条件 @capy/src/main/java/com/jocmp/capy/persistence/articles/ArticleHelpers.kt,PAGE-ADDLINKACTIVITY-F9EC19DF
CAND-BR-0559,feedbinclient/src/main/java/com/jocmp/feedbinclient/Feedbin.kt:25,PAGE-ADDLINKACTIVITY-F9EC19DF,SQL: page,数据查询 @Query,@Query @feedbinclient/src/main/java/com/jocmp/feedbinclient/Feedbin.kt,PAGE-ADDLINKACTIVITY-F9EC19DF
CAND-BR-0560,feedbinclient/src/main/java/com/jocmp/feedbinclient/Feedbin.kt:26,PAGE-ADDLINKACTIVITY-F9EC19DF,SQL: since,数据查询 @Query,@Query @feedbinclient/src/main/java/com/jocmp/feedbinclient/Feedbin.kt,PAGE-ADDLINKACTIVITY-F9EC19DF
CAND-BR-0561,feedbinclient/src/main/java/com/jocmp/feedbinclient/Feedbin.kt:27,PAGE-ADDLINKACTIVITY-F9EC19DF,SQL: mode,数据查询 @Query,@Query @feedbinclient/src/main/java/com/jocmp/feedbinclient/Feedbin.kt,PAGE-ADDLINKACTIVITY-F9EC19DF
CAND-BR-0562,feedbinclient/src/main/java/com/jocmp/feedbinclient/Feedbin.kt:28,PAGE-ADDLINKACTIVITY-F9EC19DF,SQL: per_page,数据查询 @Query,@Query @feedbinclient/src/main/java/com/jocmp/feedbinclient/Feedbin.kt,PAGE-ADDLINKACTIVITY-F9EC19DF
CAND-BR-0563,feedbinclient/src/main/java/com/jocmp/feedbinclient/Feedbin.kt:30,PAGE-ADDLINKACTIVITY-F9EC19DF,SQL: ids,数据查询 @Query,@Query @feedbinclient/src/main/java/com/jocmp/feedbinclient/Feedbin.kt,PAGE-ADDLINKACTIVITY-F9EC19DF
CAND-BR-0564,feedbinclient/src/main/java/com/jocmp/feedbinclient/Feedbin.kt:104,PAGE-ADDLINKACTIVITY-F9EC19DF,SQL: page,数据查询 @Query,@Query @feedbinclient/src/main/java/com/jocmp/feedbinclient/Feedbin.kt,PAGE-ADDLINKACTIVITY-F9EC19DF
CAND-BR-0565,feedbinclient/src/main/java/com/jocmp/feedbinclient/Feedbin.kt:105,PAGE-ADDLINKACTIVITY-F9EC19DF,SQL: mode,数据查询 @Query,@Query @feedbinclient/src/main/java/com/jocmp/feedbinclient/Feedbin.kt,PAGE-ADDLINKACTIVITY-F9EC19DF
CAND-BR-0566,feedbinclient/src/main/java/com/jocmp/feedbinclient/Feedbin.kt:106,PAGE-ADDLINKACTIVITY-F9EC19DF,SQL: per_page,数据查询 @Query,@Query @feedbinclient/src/main/java/com/jocmp/feedbinclient/Feedbin.kt,PAGE-ADDLINKACTIVITY-F9EC19DF
CAND-BR-0567,feedfinder/src/main/java/com/jocmp/feedfinder/DefaultRequest.kt:24,PAGE-ADDLINKACTIVITY-F9EC19DF,userInfo.size == 2,if 分支条件,if 条件 @feedfinder/src/main/java/com/jocmp/feedfinder/DefaultRequest.kt,PAGE-ADDLINKACTIVITY-F9EC19DF
CAND-BR-0568,feedfinder/src/main/java/com/jocmp/feedfinder/Response.kt:15,PAGE-ADDLINKACTIVITY-F9EC19DF,parsed == null,if 分支条件,if 条件 @feedfinder/src/main/java/com/jocmp/feedfinder/Response.kt,PAGE-ADDLINKACTIVITY-F9EC19DF
CAND-BR-0569,feedfinder/src/main/java/com/jocmp/feedfinder/parser/Parser.kt:22,PAGE-ADDLINKACTIVITY-F9EC19DF,document != null,if 分支条件,if 条件 @feedfinder/src/main/java/com/jocmp/feedfinder/parser/Parser.kt,PAGE-ADDLINKACTIVITY-F9EC19DF
CAND-BR-0570,feedfinder/src/main/java/com/jocmp/feedfinder/parser/Parser.kt:26,PAGE-ADDLINKACTIVITY-F9EC19DF,validate,if 分支条件,if 条件 @feedfinder/src/main/java/com/jocmp/feedfinder/parser/Parser.kt,PAGE-ADDLINKACTIVITY-F9EC19DF
CAND-BR-0571,feedfinder/src/main/java/com/jocmp/feedfinder/sources/KnownPatterns.kt:20,PAGE-ADDLINKACTIVITY-F9EC19DF,match != null,if 分支条件,if 条件 @feedfinder/src/main/java/com/jocmp/feedfinder/sources/KnownPatterns.kt,PAGE-ADDLINKACTIVITY-F9EC19DF
CAND-BR-0572,feedfinder/src/main/java/com/jocmp/feedfinder/sources/KnownPatterns.kt:28,PAGE-ADDLINKACTIVITY-F9EC19DF,result != null,if 分支条件,if 条件 @feedfinder/src/main/java/com/jocmp/feedfinder/sources/KnownPatterns.kt,PAGE-ADDLINKACTIVITY-F9EC19DF
CAND-BR-0573,feedfinder/src/main/java/com/jocmp/feedfinder/sources/KnownPatterns.kt:34,PAGE-ADDLINKACTIVITY-F9EC19DF,feed != null,if 分支条件,if 条件 @feedfinder/src/main/java/com/jocmp/feedfinder/sources/KnownPatterns.kt,PAGE-ADDLINKACTIVITY-F9EC19DF
CAND-BR-0574,feedfinder/src/main/java/com/jocmp/feedfinder/sources/KnownPatterns.kt:41,PAGE-ADDLINKACTIVITY-F9EC19DF,document != null && isYouTubeDomain,if 分支条件,if 条件 @feedfinder/src/main/java/com/jocmp/feedfinder/sources/KnownPatterns.kt,PAGE-ADDLINKACTIVITY-F9EC19DF
CAND-BR-0575,feedfinder/src/main/java/com/jocmp/feedfinder/sources/KnownPatterns.kt:46,PAGE-ADDLINKACTIVITY-F9EC19DF,feed != null,if 分支条件,if 条件 @feedfinder/src/main/java/com/jocmp/feedfinder/sources/KnownPatterns.kt,PAGE-ADDLINKACTIVITY-F9EC19DF
CAND-BR-0576,feedfinder/src/main/java/com/jocmp/feedfinder/sources/KnownPatterns.kt:51,PAGE-ADDLINKACTIVITY-F9EC19DF,isMastodonServer,if 分支条件,if 条件 @feedfinder/src/main/java/com/jocmp/feedfinder/sources/KnownPatterns.kt,PAGE-ADDLINKACTIVITY-F9EC19DF
CAND-BR-0577,feedfinder/src/main/java/com/jocmp/feedfinder/sources/KnownPatterns.kt:55,PAGE-ADDLINKACTIVITY-F9EC19DF,feed != null,if 分支条件,if 条件 @feedfinder/src/main/java/com/jocmp/feedfinder/sources/KnownPatterns.kt,PAGE-ADDLINKACTIVITY-F9EC19DF
CAND-BR-0578,feedfinder/src/main/java/com/jocmp/feedfinder/sources/ResponseDocumentExt.kt:10,PAGE-ADDLINKACTIVITY-F9EC19DF,result is Parser.Result.HTMLDocument,if 分支条件,if 条件 @feedfinder/src/main/java/com/jocmp/feedfinder/sources/ResponseDocumentExt.kt,PAGE-ADDLINKACTIVITY-F9EC19DF
CAND-BR-0579,minifluxclient/src/main/java/com/jocmp/minifluxclient/Miniflux.kt:47,PAGE-ADDLINKACTIVITY-F9EC19DF,SQL: status,数据查询 @Query,@Query @minifluxclient/src/main/java/com/jocmp/minifluxclient/Miniflux.kt,PAGE-ADDLINKACTIVITY-F9EC19DF
CAND-BR-0580,minifluxclient/src/main/java/com/jocmp/minifluxclient/Miniflux.kt:48,PAGE-ADDLINKACTIVITY-F9EC19DF,SQL: offset,数据查询 @Query,@Query @minifluxclient/src/main/java/com/jocmp/minifluxclient/Miniflux.kt,PAGE-ADDLINKACTIVITY-F9EC19DF
CAND-BR-0581,minifluxclient/src/main/java/com/jocmp/minifluxclient/Miniflux.kt:49,PAGE-ADDLINKACTIVITY-F9EC19DF,SQL: limit,数据查询 @Query,@Query @minifluxclient/src/main/java/com/jocmp/minifluxclient/Miniflux.kt,PAGE-ADDLINKACTIVITY-F9EC19DF
CAND-BR-0582,minifluxclient/src/main/java/com/jocmp/minifluxclient/Miniflux.kt:50,PAGE-ADDLINKACTIVITY-F9EC19DF,SQL: order,数据查询 @Query,@Query @minifluxclient/src/main/java/com/jocmp/minifluxclient/Miniflux.kt,PAGE-ADDLINKACTIVITY-F9EC19DF
CAND-BR-0583,minifluxclient/src/main/java/com/jocmp/minifluxclient/Miniflux.kt:51,PAGE-ADDLINKACTIVITY-F9EC19DF,SQL: direction,数据查询 @Query,@Query @minifluxclient/src/main/java/com/jocmp/minifluxclient/Miniflux.kt,PAGE-ADDLINKACTIVITY-F9EC19DF
CAND-BR-0584,minifluxclient/src/main/java/com/jocmp/minifluxclient/Miniflux.kt:52,PAGE-ADDLINKACTIVITY-F9EC19DF,SQL: before,数据查询 @Query,@Query @minifluxclient/src/main/java/com/jocmp/minifluxclient/Miniflux.kt,PAGE-ADDLINKACTIVITY-F9EC19DF
CAND-BR-0585,minifluxclient/src/main/java/com/jocmp/minifluxclient/Miniflux.kt:53,PAGE-ADDLINKACTIVITY-F9EC19DF,SQL: after,数据查询 @Query,@Query @minifluxclient/src/main/java/com/jocmp/minifluxclient/Miniflux.kt,PAGE-ADDLINKACTIVITY-F9EC19DF
CAND-BR-0586,minifluxclient/src/main/java/com/jocmp/minifluxclient/Miniflux.kt:54,PAGE-ADDLINKACTIVITY-F9EC19DF,SQL: before_entry_id,数据查询 @Query,@Query @minifluxclient/src/main/java/com/jocmp/minifluxclient/Miniflux.kt,PAGE-ADDLINKACTIVITY-F9EC19DF
CAND-BR-0587,minifluxclient/src/main/java/com/jocmp/minifluxclient/Miniflux.kt:55,PAGE-ADDLINKACTIVITY-F9EC19DF,SQL: after_entry_id,数据查询 @Query,@Query @minifluxclient/src/main/java/com/jocmp/minifluxclient/Miniflux.kt,PAGE-ADDLINKACTIVITY-F9EC19DF
CAND-BR-0588,minifluxclient/src/main/java/com/jocmp/minifluxclient/Miniflux.kt:56,PAGE-ADDLINKACTIVITY-F9EC19DF,SQL: starred,数据查询 @Query,@Query @minifluxclient/src/main/java/com/jocmp/minifluxclient/Miniflux.kt,PAGE-ADDLINKACTIVITY-F9EC19DF
CAND-BR-0589,minifluxclient/src/main/java/com/jocmp/minifluxclient/Miniflux.kt:57,PAGE-ADDLINKACTIVITY-F9EC19DF,SQL: search,数据查询 @Query,@Query @minifluxclient/src/main/java/com/jocmp/minifluxclient/Miniflux.kt,PAGE-ADDLINKACTIVITY-F9EC19DF
CAND-BR-0590,minifluxclient/src/main/java/com/jocmp/minifluxclient/Miniflux.kt:58,PAGE-ADDLINKACTIVITY-F9EC19DF,SQL: category_id,数据查询 @Query,@Query @minifluxclient/src/main/java/com/jocmp/minifluxclient/Miniflux.kt,PAGE-ADDLINKACTIVITY-F9EC19DF
CAND-BR-0591,minifluxclient/src/main/java/com/jocmp/minifluxclient/Miniflux.kt:59,PAGE-ADDLINKACTIVITY-F9EC19DF,SQL: changed_after,数据查询 @Query,@Query @minifluxclient/src/main/java/com/jocmp/minifluxclient/Miniflux.kt,PAGE-ADDLINKACTIVITY-F9EC19DF
CAND-BR-0592,minifluxclient/src/main/java/com/jocmp/minifluxclient/Miniflux.kt:65,PAGE-ADDLINKACTIVITY-F9EC19DF,SQL: status,数据查询 @Query,@Query @minifluxclient/src/main/java/com/jocmp/minifluxclient/Miniflux.kt,PAGE-ADDLINKACTIVITY-F9EC19DF
CAND-BR-0593,minifluxclient/src/main/java/com/jocmp/minifluxclient/Miniflux.kt:66,PAGE-ADDLINKACTIVITY-F9EC19DF,SQL: offset,数据查询 @Query,@Query @minifluxclient/src/main/java/com/jocmp/minifluxclient/Miniflux.kt,PAGE-ADDLINKACTIVITY-F9EC19DF
CAND-BR-0594,minifluxclient/src/main/java/com/jocmp/minifluxclient/Miniflux.kt:67,PAGE-ADDLINKACTIVITY-F9EC19DF,SQL: limit,数据查询 @Query,@Query @minifluxclient/src/main/java/com/jocmp/minifluxclient/Miniflux.kt,PAGE-ADDLINKACTIVITY-F9EC19DF
CAND-BR-0595,minifluxclient/src/main/java/com/jocmp/minifluxclient/Miniflux.kt:68,PAGE-ADDLINKACTIVITY-F9EC19DF,SQL: order,数据查询 @Query,@Query @minifluxclient/src/main/java/com/jocmp/minifluxclient/Miniflux.kt,PAGE-ADDLINKACTIVITY-F9EC19DF
CAND-BR-0596,minifluxclient/src/main/java/com/jocmp/minifluxclient/Miniflux.kt:69,PAGE-ADDLINKACTIVITY-F9EC19DF,SQL: direction,数据查询 @Query,@Query @minifluxclient/src/main/java/com/jocmp/minifluxclient/Miniflux.kt,PAGE-ADDLINKACTIVITY-F9EC19DF
CAND-BR-0597,minifluxclient/src/main/java/com/jocmp/minifluxclient/Miniflux.kt:70,PAGE-ADDLINKACTIVITY-F9EC19DF,SQL: before,数据查询 @Query,@Query @minifluxclient/src/main/java/com/jocmp/minifluxclient/Miniflux.kt,PAGE-ADDLINKACTIVITY-F9EC19DF
CAND-BR-0598,minifluxclient/src/main/java/com/jocmp/minifluxclient/Miniflux.kt:71,PAGE-ADDLINKACTIVITY-F9EC19DF,SQL: after,数据查询 @Query,@Query @minifluxclient/src/main/java/com/jocmp/minifluxclient/Miniflux.kt,PAGE-ADDLINKACTIVITY-F9EC19DF
CAND-BR-0599,minifluxclient/src/main/java/com/jocmp/minifluxclient/Miniflux.kt:72,PAGE-ADDLINKACTIVITY-F9EC19DF,SQL: starred,数据查询 @Query,@Query @minifluxclient/src/main/java/com/jocmp/minifluxclient/Miniflux.kt,PAGE-ADDLINKACTIVITY-F9EC19DF
CAND-BR-0600,minifluxclient/src/main/java/com/jocmp/minifluxclient/Miniflux.kt:73,PAGE-ADDLINKACTIVITY-F9EC19DF,SQL: search,数据查询 @Query,@Query @minifluxclient/src/main/java/com/jocmp/minifluxclient/Miniflux.kt,PAGE-ADDLINKACTIVITY-F9EC19DF
CAND-BR-0601,minifluxclient/src/main/java/com/jocmp/minifluxclient/Miniflux.kt:92,PAGE-ADDLINKACTIVITY-F9EC19DF,SQL: counts,数据查询 @Query,@Query @minifluxclient/src/main/java/com/jocmp/minifluxclient/Miniflux.kt,PAGE-ADDLINKACTIVITY-F9EC19DF
CAND-BR-0602,minifluxclient/src/main/java/com/jocmp/minifluxclient/Miniflux.kt:115,PAGE-ADDLINKACTIVITY-F9EC19DF,SQL: status,数据查询 @Query,@Query @minifluxclient/src/main/java/com/jocmp/minifluxclient/Miniflux.kt,PAGE-ADDLINKACTIVITY-F9EC19DF
CAND-BR-0603,minifluxclient/src/main/java/com/jocmp/minifluxclient/Miniflux.kt:116,PAGE-ADDLINKACTIVITY-F9EC19DF,SQL: offset,数据查询 @Query,@Query @minifluxclient/src/main/java/com/jocmp/minifluxclient/Miniflux.kt,PAGE-ADDLINKACTIVITY-F9EC19DF
CAND-BR-0604,minifluxclient/src/main/java/com/jocmp/minifluxclient/Miniflux.kt:117,PAGE-ADDLINKACTIVITY-F9EC19DF,SQL: limit,数据查询 @Query,@Query @minifluxclient/src/main/java/com/jocmp/minifluxclient/Miniflux.kt,PAGE-ADDLINKACTIVITY-F9EC19DF
CAND-BR-0605,minifluxclient/src/main/java/com/jocmp/minifluxclient/Miniflux.kt:118,PAGE-ADDLINKACTIVITY-F9EC19DF,SQL: order,数据查询 @Query,@Query @minifluxclient/src/main/java/com/jocmp/minifluxclient/Miniflux.kt,PAGE-ADDLINKACTIVITY-F9EC19DF
CAND-BR-0606,minifluxclient/src/main/java/com/jocmp/minifluxclient/Miniflux.kt:119,PAGE-ADDLINKACTIVITY-F9EC19DF,SQL: direction,数据查询 @Query,@Query @minifluxclient/src/main/java/com/jocmp/minifluxclient/Miniflux.kt,PAGE-ADDLINKACTIVITY-F9EC19DF
CAND-BR-0607,minifluxclient/src/main/java/com/jocmp/minifluxclient/Miniflux.kt:120,PAGE-ADDLINKACTIVITY-F9EC19DF,SQL: starred,数据查询 @Query,@Query @minifluxclient/src/main/java/com/jocmp/minifluxclient/Miniflux.kt,PAGE-ADDLINKACTIVITY-F9EC19DF
CAND-BR-0608,minifluxclient/src/main/java/com/jocmp/minifluxclient/Miniflux.kt:121,PAGE-ADDLINKACTIVITY-F9EC19DF,SQL: search,数据查询 @Query,@Query @minifluxclient/src/main/java/com/jocmp/minifluxclient/Miniflux.kt,PAGE-ADDLINKACTIVITY-F9EC19DF
CAND-BR-0609,readerclient/src/main/java/com/jocmp/readerclient/GoogleReader.kt:19,PAGE-ADDLINKACTIVITY-F9EC19DF,SQL: output,数据查询 @Query,@Query @readerclient/src/main/java/com/jocmp/readerclient/GoogleReader.kt,PAGE-ADDLINKACTIVITY-F9EC19DF
CAND-BR-0610,readerclient/src/main/java/com/jocmp/readerclient/GoogleReader.kt:24,PAGE-ADDLINKACTIVITY-F9EC19DF,SQL: output,数据查询 @Query,@Query @readerclient/src/main/java/com/jocmp/readerclient/GoogleReader.kt,PAGE-ADDLINKACTIVITY-F9EC19DF
CAND-BR-0611,readerclient/src/main/java/com/jocmp/readerclient/GoogleReader.kt:29,PAGE-ADDLINKACTIVITY-F9EC19DF,SQL: s,数据查询 @Query,@Query @readerclient/src/main/java/com/jocmp/readerclient/GoogleReader.kt,PAGE-ADDLINKACTIVITY-F9EC19DF
CAND-BR-0612,readerclient/src/main/java/com/jocmp/readerclient/GoogleReader.kt:31,PAGE-ADDLINKACTIVITY-F9EC19DF,SQL: ot,数据查询 @Query,@Query @readerclient/src/main/java/com/jocmp/readerclient/GoogleReader.kt,PAGE-ADDLINKACTIVITY-F9EC19DF
CAND-BR-0613,readerclient/src/main/java/com/jocmp/readerclient/GoogleReader.kt:32,PAGE-ADDLINKACTIVITY-F9EC19DF,SQL: c,数据查询 @Query,@Query @readerclient/src/main/java/com/jocmp/readerclient/GoogleReader.kt,PAGE-ADDLINKACTIVITY-F9EC19DF
CAND-BR-0614,readerclient/src/main/java/com/jocmp/readerclient/GoogleReader.kt:33,PAGE-ADDLINKACTIVITY-F9EC19DF,SQL: n,数据查询 @Query,@Query @readerclient/src/main/java/com/jocmp/readerclient/GoogleReader.kt,PAGE-ADDLINKACTIVITY-F9EC19DF
CAND-BR-0615,readerclient/src/main/java/com/jocmp/readerclient/GoogleReader.kt:35,PAGE-ADDLINKACTIVITY-F9EC19DF,SQL: xt,数据查询 @Query,@Query @readerclient/src/main/java/com/jocmp/readerclient/GoogleReader.kt,PAGE-ADDLINKACTIVITY-F9EC19DF
CAND-BR-0616,readerclient/src/main/java/com/jocmp/readerclient/GoogleReader.kt:36,PAGE-ADDLINKACTIVITY-F9EC19DF,SQL: output,数据查询 @Query,@Query @readerclient/src/main/java/com/jocmp/readerclient/GoogleReader.kt,PAGE-ADDLINKACTIVITY-F9EC19DF
CAND-BR-0617,readerclient/src/main/java/com/jocmp/readerclient/GoogleReader.kt:44,PAGE-ADDLINKACTIVITY-F9EC19DF,SQL: output,数据查询 @Query,@Query @readerclient/src/main/java/com/jocmp/readerclient/GoogleReader.kt,PAGE-ADDLINKACTIVITY-F9EC19DF
CAND-BR-0618,readerclient/src/main/java/com/jocmp/readerclient/GoogleReader.kt:54,PAGE-ADDLINKACTIVITY-F9EC19DF,SQL: output,数据查询 @Query,@Query @readerclient/src/main/java/com/jocmp/readerclient/GoogleReader.kt,PAGE-ADDLINKACTIVITY-F9EC19DF
CAND-BR-0619,readerclient/src/main/java/com/jocmp/readerclient/GoogleReader.kt:77,PAGE-ADDLINKACTIVITY-F9EC19DF,SQL: output,数据查询 @Query,@Query @readerclient/src/main/java/com/jocmp/readerclient/GoogleReader.kt,PAGE-ADDLINKACTIVITY-F9EC19DF
CAND-BR-0620,rssparser/src/main/kotlin/com/jocmp/rssparser/RssParser.kt:44,PAGE-ADDLINKACTIVITY-F9EC19DF,response.notModified,if 分支条件,if 条件 @rssparser/src/main/kotlin/com/jocmp/rssparser/RssParser.kt,PAGE-ADDLINKACTIVITY-F9EC19DF
CAND-BR-0621,rssparser/src/main/kotlin/com/jocmp/rssparser/internal/BufferedSourceExt.kt:31,PAGE-ADDLINKACTIVITY-F9EC19DF,available <= 0,if 分支条件,if 条件 @rssparser/src/main/kotlin/com/jocmp/rssparser/internal/BufferedSourceExt.kt,PAGE-ADDLINKACTIVITY-F9EC19DF
CAND-BR-0622,rssparser/src/main/kotlin/com/jocmp/rssparser/internal/ChannelFactory.kt:97,PAGE-ADDLINKACTIVITY-F9EC19DF,imageUrl == null || baseUrl == null,if 分支条件,if 条件 @rssparser/src/main/kotlin/com/jocmp/rssparser/internal/ChannelFactory.kt,PAGE-ADDLINKACTIVITY-F9EC19DF
CAND-BR-0623,rssparser/src/main/kotlin/com/jocmp/rssparser/internal/ChannelFactory.kt:101,PAGE-ADDLINKACTIVITY-F9EC19DF,imageUri.isAbsolute,if 分支条件,if 条件 @rssparser/src/main/kotlin/com/jocmp/rssparser/internal/ChannelFactory.kt,PAGE-ADDLINKACTIVITY-F9EC19DF
CAND-BR-0624,rssparser/src/main/kotlin/com/jocmp/rssparser/internal/DefaultFetcher.kt:43,PAGE-ADDLINKACTIVITY-F9EC19DF,response.code == 304,if 分支条件,if 条件 @rssparser/src/main/kotlin/com/jocmp/rssparser/internal/DefaultFetcher.kt,PAGE-ADDLINKACTIVITY-F9EC19DF
CAND-BR-0625,rssparser/src/main/kotlin/com/jocmp/rssparser/internal/DefaultFetcher.kt:51,PAGE-ADDLINKACTIVITY-F9EC19DF,!response.isSuccessful,if 分支条件,if 条件 @rssparser/src/main/kotlin/com/jocmp/rssparser/internal/DefaultFetcher.kt,PAGE-ADDLINKACTIVITY-F9EC19DF
CAND-BR-0626,rssparser/src/main/kotlin/com/jocmp/rssparser/internal/DefaultParser.kt:32,PAGE-ADDLINKACTIVITY-F9EC19DF,handler == null,if 分支条件,if 条件 @rssparser/src/main/kotlin/com/jocmp/rssparser/internal/DefaultParser.kt,PAGE-ADDLINKACTIVITY-F9EC19DF
CAND-BR-0627,rssparser/src/main/kotlin/com/jocmp/rssparser/internal/atom/AtomFeedHandler.kt:63,PAGE-ADDLINKACTIVITY-F9EC19DF,name != null,if 分支条件,if 条件 @rssparser/src/main/kotlin/com/jocmp/rssparser/internal/atom/AtomFeedHandler.kt,PAGE-ADDLINKACTIVITY-F9EC19DF
CAND-BR-0628,rssparser/src/main/kotlin/com/jocmp/rssparser/model/RssItem.kt:75,PAGE-ADDLINKACTIVITY-F9EC19DF,this.pubDate == null,if 分支条件,if 条件 @rssparser/src/main/kotlin/com/jocmp/rssparser/model/RssItem.kt,PAGE-ADDLINKACTIVITY-F9EC19DF
CAND-BR-0629,rssparser/src/main/kotlin/com/jocmp/rssparser/model/RssItem.kt:90,PAGE-ADDLINKACTIVITY-F9EC19DF,this.audio == null,if 分支条件,if 条件 @rssparser/src/main/kotlin/com/jocmp/rssparser/model/RssItem.kt,PAGE-ADDLINKACTIVITY-F9EC19DF
CAND-BR-0630,rssparser/src/main/kotlin/com/jocmp/rssparser/model/RssItem.kt:97,PAGE-ADDLINKACTIVITY-F9EC19DF,this.video == null,if 分支条件,if 条件 @rssparser/src/main/kotlin/com/jocmp/rssparser/model/RssItem.kt,PAGE-ADDLINKACTIVITY-F9EC19DF
CAND-BR-0631,rssparser/src/main/kotlin/com/jocmp/rssparser/model/RssItem.kt:106,PAGE-ADDLINKACTIVITY-F9EC19DF,category != null,if 分支条件,if 条件 @rssparser/src/main/kotlin/com/jocmp/rssparser/model/RssItem.kt,PAGE-ADDLINKACTIVITY-F9EC19DF
CAND-BR-0632,app/build.gradle.kts:26,PAGE-ADDLINKACTIVITY-F9EC19DF,compileSdk = 36,构建/SDK 配置,构建配置 compileSdk = 36 @app/build.gradle.kts,PAGE-ADDLINKACTIVITY-F9EC19DF
CAND-BR-0633,app/build.gradle.kts:29,PAGE-ADDLINKACTIVITY-F9EC19DF,"applicationId = ""com.capyreader.app""",构建/SDK 配置,"构建配置 applicationId = ""com.capyreader.app"" @app/build.gradle.kts",PAGE-ADDLINKACTIVITY-F9EC19DF
CAND-BR-0634,app/build.gradle.kts:30,PAGE-ADDLINKACTIVITY-F9EC19DF,minSdk = 30,构建/SDK 配置,构建配置 minSdk = 30 @app/build.gradle.kts,PAGE-ADDLINKACTIVITY-F9EC19DF
CAND-BR-0635,app/build.gradle.kts:31,PAGE-ADDLINKACTIVITY-F9EC19DF,targetSdk = 36,构建/SDK 配置,构建配置 targetSdk = 36 @app/build.gradle.kts,PAGE-ADDLINKACTIVITY-F9EC19DF
CAND-BR-0636,app/build.gradle.kts:32,PAGE-ADDLINKACTIVITY-F9EC19DF,versionCode = 1212,构建/SDK 配置,构建配置 versionCode = 1212 @app/build.gradle.kts,PAGE-ADDLINKACTIVITY-F9EC19DF
CAND-BR-0637,app/build.gradle.kts:33,PAGE-ADDLINKACTIVITY-F9EC19DF,"versionName = ""2026.07.1212""",构建/SDK 配置,"构建配置 versionName = ""2026.07.1212"" @app/build.gradle.kts",PAGE-ADDLINKACTIVITY-F9EC19DF
CAND-BR-0638,app/build.gradle.kts:98,PAGE-ADDLINKACTIVITY-F9EC19DF,"applicationIdSuffix = "".debug""",构建/SDK 配置,"构建配置 applicationIdSuffix = "".debug"" @app/build.gradle.kts",PAGE-ADDLINKACTIVITY-F9EC19DF
CAND-BR-0639,app/build.gradle.kts:102,PAGE-ADDLINKACTIVITY-F9EC19DF,"applicationIdSuffix = "".nightly""",构建/SDK 配置,"构建配置 applicationIdSuffix = "".nightly"" @app/build.gradle.kts",PAGE-ADDLINKACTIVITY-F9EC19DF
CAND-BR-0640,app/build.gradle.kts:125,PAGE-ADDLINKACTIVITY-F9EC19DF,dependency androidx.activity:activity-compose:(见catalog),第三方依赖(implementation),Gradle 依赖 androidx.activity:activity-compose@? [implementation] @app/build.gradle.kts:125 (alias libs.androidx-activity-compose),PAGE-ADDLINKACTIVITY-F9EC19DF
CAND-BR-0641,app/build.gradle.kts:126,PAGE-ADDLINKACTIVITY-F9EC19DF,dependency androidx.compose.material3.adaptive:adaptive:(见catalog),第三方依赖(implementation),Gradle 依赖 androidx.compose.material3.adaptive:adaptive@? [implementation] @app/build.gradle.kts:126 (alias libs.androidx-adaptive),PAGE-ADDLINKACTIVITY-F9EC19DF
CAND-BR-0642,app/build.gradle.kts:127,PAGE-ADDLINKACTIVITY-F9EC19DF,dependency androidx.compose.material3.adaptive:adaptive-layout:(见catalog),第三方依赖(implementation),Gradle 依赖 androidx.compose.material3.adaptive:adaptive-layout@? [implementation] @app/build.gradle.kts:127 (alias libs.androidx-adaptive-layout),PAGE-ADDLINKACTIVITY-F9EC19DF
CAND-BR-0643,app/build.gradle.kts:128,PAGE-ADDLINKACTIVITY-F9EC19DF,dependency androidx.compose.material3.adaptive:adaptive-navigation:(见catalog),第三方依赖(implementation),Gradle 依赖 androidx.compose.material3.adaptive:adaptive-navigation@? [implementation] @app/build.gradle.kts:128 (alias libs.androidx-adaptive-navigation),PAGE-ADDLINKACTIVITY-F9EC19DF
CAND-BR-0644,app/build.gradle.kts:129,PAGE-ADDLINKACTIVITY-F9EC19DF,dependency androidx.browser:browser:(见catalog),第三方依赖(implementation),Gradle 依赖 androidx.browser:browser@? [implementation] @app/build.gradle.kts:129 (alias libs.androidx-browser),PAGE-ADDLINKACTIVITY-F9EC19DF
CAND-BR-0645,app/build.gradle.kts:130,PAGE-ADDLINKACTIVITY-F9EC19DF,dependency androidx.core:core-ktx:(见catalog),第三方依赖(implementation),Gradle 依赖 androidx.core:core-ktx@? [implementation] @app/build.gradle.kts:130 (alias libs.androidx-core-ktx),PAGE-ADDLINKACTIVITY-F9EC19DF
CAND-BR-0646,app/build.gradle.kts:131,PAGE-ADDLINKACTIVITY-F9EC19DF,dependency androidx.lifecycle:lifecycle-runtime-compose:2.10.0,第三方依赖(implementation),Gradle 依赖 androidx.lifecycle:lifecycle-runtime-compose@2.10.0 [implementation] @app/build.gradle.kts:131 (alias libs.androidx-lifecycle-runtime-compose),PAGE-ADDLINKACTIVITY-F9EC19DF
CAND-BR-0647,app/build.gradle.kts:132,PAGE-ADDLINKACTIVITY-F9EC19DF,dependency androidx.lifecycle:lifecycle-runtime-ktx:2.10.0,第三方依赖(implementation),Gradle 依赖 androidx.lifecycle:lifecycle-runtime-ktx@2.10.0 [implementation] @app/build.gradle.kts:132 (alias libs.androidx-lifecycle-runtime-ktx),PAGE-ADDLINKACTIVITY-F9EC19DF
CAND-BR-0648,app/build.gradle.kts:133,PAGE-ADDLINKACTIVITY-F9EC19DF,dependency com.google.android.material:material:(见catalog),第三方依赖(implementation),Gradle 依赖 com.google.android.material:material@? [implementation] @app/build.gradle.kts:133 (alias libs.androidx-material),PAGE-ADDLINKACTIVITY-F9EC19DF
CAND-BR-0649,app/build.gradle.kts:134,PAGE-ADDLINKACTIVITY-F9EC19DF,dependency androidx.compose.material:material-icons-extended:(见catalog),第三方依赖(implementation),Gradle 依赖 androidx.compose.material:material-icons-extended@? [implementation] @app/build.gradle.kts:134 (alias libs.androidx-material-icons-extended),PAGE-ADDLINKACTIVITY-F9EC19DF
CAND-BR-0650,app/build.gradle.kts:135,PAGE-ADDLINKACTIVITY-F9EC19DF,dependency androidx.compose.material3:material3:(见catalog),第三方依赖(implementation),Gradle 依赖 androidx.compose.material3:material3@? [implementation] @app/build.gradle.kts:135 (alias libs.androidx-material3),PAGE-ADDLINKACTIVITY-F9EC19DF
CAND-BR-0651,app/build.gradle.kts:136,PAGE-ADDLINKACTIVITY-F9EC19DF,dependency androidx.compose.material3:material3-window-size-class-android:(见catalog),第三方依赖(implementation),Gradle 依赖 androidx.compose.material3:material3-window-size-class-android@? [implementation] @app/build.gradle.kts:136 (alias libs.androidx-material3-window-size),PAGE-ADDLINKACTIVITY-F9EC19DF
CAND-BR-0652,app/build.gradle.kts:137,PAGE-ADDLINKACTIVITY-F9EC19DF,dependency androidx.media3:media3-datasource-okhttp:1.10.0,第三方依赖(implementation),Gradle 依赖 androidx.media3:media3-datasource-okhttp@1.10.0 [implementation] @app/build.gradle.kts:137 (alias libs.androidx-media3-datasource-okhttp),PAGE-ADDLINKACTIVITY-F9EC19DF
CAND-BR-0653,app/build.gradle.kts:138,PAGE-ADDLINKACTIVITY-F9EC19DF,dependency androidx.media3:media3-exoplayer:1.10.0,第三方依赖(implementation),Gradle 依赖 androidx.media3:media3-exoplayer@1.10.0 [implementation] @app/build.gradle.kts:138 (alias libs.androidx-media3-exoplayer),PAGE-ADDLINKACTIVITY-F9EC19DF
CAND-BR-0654,app/build.gradle.kts:139,PAGE-ADDLINKACTIVITY-F9EC19DF,dependency androidx.media3:media3-session:1.10.0,第三方依赖(implementation),Gradle 依赖 androidx.media3:media3-session@1.10.0 [implementation] @app/build.gradle.kts:139 (alias libs.androidx-media3-session),PAGE-ADDLINKACTIVITY-F9EC19DF
CAND-BR-0655,app/build.gradle.kts:140,PAGE-ADDLINKACTIVITY-F9EC19DF,dependency androidx.navigation:navigation-compose:2.9.7,第三方依赖(implementation),Gradle 依赖 androidx.navigation:navigation-compose@2.9.7 [implementation] @app/build.gradle.kts:140 (alias libs.androidx-navigation-compose),PAGE-ADDLINKACTIVITY-F9EC19DF
CAND-BR-0656,app/build.gradle.kts:141,PAGE-ADDLINKACTIVITY-F9EC19DF,dependency androidx.palette:palette-ktx:(见catalog),第三方依赖(implementation),Gradle 依赖 androidx.palette:palette-ktx@? [implementation] @app/build.gradle.kts:141 (alias libs.androidx-palette),PAGE-ADDLINKACTIVITY-F9EC19DF
CAND-BR-0657,app/build.gradle.kts:142,PAGE-ADDLINKACTIVITY-F9EC19DF,dependency androidx.paging:paging-compose:3.4.2,第三方依赖(implementation),Gradle 依赖 androidx.paging:paging-compose@3.4.2 [implementation] @app/build.gradle.kts:142 (alias libs.androidx-paging-compose),PAGE-ADDLINKACTIVITY-F9EC19DF
CAND-BR-0658,app/build.gradle.kts:143,PAGE-ADDLINKACTIVITY-F9EC19DF,dependency androidx.paging:paging-runtime-ktx:3.4.2,第三方依赖(implementation),Gradle 依赖 androidx.paging:paging-runtime-ktx@3.4.2 [implementation] @app/build.gradle.kts:143 (alias libs.androidx-paging-runtime-ktx),PAGE-ADDLINKACTIVITY-F9EC19DF
CAND-BR-0659,app/build.gradle.kts:144,PAGE-ADDLINKACTIVITY-F9EC19DF,dependency androidx.preference:preference-ktx:(见catalog),第三方依赖(implementation),Gradle 依赖 androidx.preference:preference-ktx@? [implementation] @app/build.gradle.kts:144 (alias libs.androidx-preferences),PAGE-ADDLINKACTIVITY-F9EC19DF
CAND-BR-0660,app/build.gradle.kts:145,PAGE-ADDLINKACTIVITY-F9EC19DF,dependency androidx.compose.ui:ui:(见catalog),第三方依赖(implementation),Gradle 依赖 androidx.compose.ui:ui@? [implementation] @app/build.gradle.kts:145 (alias libs.androidx-ui),PAGE-ADDLINKACTIVITY-F9EC19DF
CAND-BR-0661,app/build.gradle.kts:146,PAGE-ADDLINKACTIVITY-F9EC19DF,dependency androidx.compose.ui:ui-graphics:(见catalog),第三方依赖(implementation),Gradle 依赖 androidx.compose.ui:ui-graphics@? [implementation] @app/build.gradle.kts:146 (alias libs.androidx-ui-graphics),PAGE-ADDLINKACTIVITY-F9EC19DF
CAND-BR-0662,app/build.gradle.kts:147,PAGE-ADDLINKACTIVITY-F9EC19DF,dependency androidx.compose.ui:ui-tooling-preview:(见catalog),第三方依赖(implementation),Gradle 依赖 androidx.compose.ui:ui-tooling-preview@? [implementation] @app/build.gradle.kts:147 (alias libs.androidx-ui-tooling-preview),PAGE-ADDLINKACTIVITY-F9EC19DF
CAND-BR-0663,app/build.gradle.kts:148,PAGE-ADDLINKACTIVITY-F9EC19DF,dependency androidx.webkit:webkit:(见catalog),第三方依赖(implementation),Gradle 依赖 androidx.webkit:webkit@? [implementation] @app/build.gradle.kts:148 (alias libs.androidx-webkit),PAGE-ADDLINKACTIVITY-F9EC19DF
CAND-BR-0664,app/build.gradle.kts:149,PAGE-ADDLINKACTIVITY-F9EC19DF,dependency androidx.work:work-runtime-ktx:(见catalog),第三方依赖(implementation),Gradle 依赖 androidx.work:work-runtime-ktx@? [implementation] @app/build.gradle.kts:149 (alias libs.androidx-work-runtime-ktx),PAGE-ADDLINKACTIVITY-F9EC19DF
CAND-BR-0665,app/build.gradle.kts:150,PAGE-ADDLINKACTIVITY-F9EC19DF,dependency io.coil-kt.coil3:coil-compose:3.4.0,第三方依赖(implementation),Gradle 依赖 io.coil-kt.coil3:coil-compose@3.4.0 [implementation] @app/build.gradle.kts:150 (alias libs.coil-compose),PAGE-ADDLINKACTIVITY-F9EC19DF
CAND-BR-0666,app/build.gradle.kts:151,PAGE-ADDLINKACTIVITY-F9EC19DF,dependency io.coil-kt.coil3:coil-gif:3.4.0,第三方依赖(implementation),Gradle 依赖 io.coil-kt.coil3:coil-gif@3.4.0 [implementation] @app/build.gradle.kts:151 (alias libs.coil-gif),PAGE-ADDLINKACTIVITY-F9EC19DF
CAND-BR-0667,app/build.gradle.kts:152,PAGE-ADDLINKACTIVITY-F9EC19DF,dependency io.coil-kt.coil3:coil-network-okhttp:3.4.0,第三方依赖(implementation),Gradle 依赖 io.coil-kt.coil3:coil-network-okhttp@3.4.0 [implementation] @app/build.gradle.kts:152 (alias libs.coil-network-okhttp),PAGE-ADDLINKACTIVITY-F9EC19DF
CAND-BR-0668,app/build.gradle.kts:153,PAGE-ADDLINKACTIVITY-F9EC19DF,dependency io.coil-kt.coil3:coil-svg:3.4.0,第三方依赖(implementation),Gradle 依赖 io.coil-kt.coil3:coil-svg@3.4.0 [implementation] @app/build.gradle.kts:153 (alias libs.coil-svg),PAGE-ADDLINKACTIVITY-F9EC19DF
CAND-BR-0669,app/build.gradle.kts:154,PAGE-ADDLINKACTIVITY-F9EC19DF,dependency io.coil-kt.coil3:coil-video:3.4.0,第三方依赖(implementation),Gradle 依赖 io.coil-kt.coil3:coil-video@3.4.0 [implementation] @app/build.gradle.kts:154 (alias libs.coil-video),PAGE-ADDLINKACTIVITY-F9EC19DF
CAND-BR-0670,app/build.gradle.kts:155,PAGE-ADDLINKACTIVITY-F9EC19DF,dependency com.github.nanihadesuka:LazyColumnScrollbar:(见catalog),第三方依赖(implementation),Gradle 依赖 com.github.nanihadesuka:LazyColumnScrollbar@? [implementation] @app/build.gradle.kts:155 (alias libs.lazycolumnscrollbar),PAGE-ADDLINKACTIVITY-F9EC19DF
CAND-BR-0671,app/build.gradle.kts:156,PAGE-ADDLINKACTIVITY-F9EC19DF,dependency io.insert-koin:koin-android:(见catalog),第三方依赖(implementation),Gradle 依赖 io.insert-koin:koin-android@? [implementation] @app/build.gradle.kts:156 (alias libs.koin-android),PAGE-ADDLINKACTIVITY-F9EC19DF
CAND-BR-0672,app/build.gradle.kts:157,PAGE-ADDLINKACTIVITY-F9EC19DF,dependency io.insert-koin:koin-androidx-compose:(见catalog),第三方依赖(implementation),Gradle 依赖 io.insert-koin:koin-androidx-compose@? [implementation] @app/build.gradle.kts:157 (alias libs.koin-androidx-compose),PAGE-ADDLINKACTIVITY-F9EC19DF
CAND-BR-0673,app/build.gradle.kts:158,PAGE-ADDLINKACTIVITY-F9EC19DF,dependency io.insert-koin:koin-androidx-workmanager:(见catalog),第三方依赖(implementation),Gradle 依赖 io.insert-koin:koin-androidx-workmanager@? [implementation] @app/build.gradle.kts:158 (alias libs.koin-androidx-workmanager),PAGE-ADDLINKACTIVITY-F9EC19DF
CAND-BR-0674,app/build.gradle.kts:159,PAGE-ADDLINKACTIVITY-F9EC19DF,dependency io.insert-koin:koin-bom:(见catalog),第三方依赖(implementation),Gradle 依赖 io.insert-koin:koin-bom@? [implementation] @app/build.gradle.kts:159 (alias libs.koin-bom),PAGE-ADDLINKACTIVITY-F9EC19DF
CAND-BR-0675,app/build.gradle.kts:160,PAGE-ADDLINKACTIVITY-F9EC19DF,dependency io.insert-koin:koin-core:(见catalog),第三方依赖(implementation),Gradle 依赖 io.insert-koin:koin-core@? [implementation] @app/build.gradle.kts:160 (alias libs.koin-core),PAGE-ADDLINKACTIVITY-F9EC19DF
CAND-BR-0676,app/build.gradle.kts:161,PAGE-ADDLINKACTIVITY-F9EC19DF,dependency org.jetbrains.kotlinx:kotlinx-coroutines-android:1.10.2,第三方依赖(implementation),Gradle 依赖 org.jetbrains.kotlinx:kotlinx-coroutines-android@1.10.2 [implementation] @app/build.gradle.kts:161 (alias libs.kotlinx-coroutines-android),PAGE-ADDLINKACTIVITY-F9EC19DF
CAND-BR-0677,app/build.gradle.kts:162,PAGE-ADDLINKACTIVITY-F9EC19DF,dependency org.jetbrains.kotlinx:kotlinx-coroutines-core:1.10.2,第三方依赖(implementation),Gradle 依赖 org.jetbrains.kotlinx:kotlinx-coroutines-core@1.10.2 [implementation] @app/build.gradle.kts:162 (alias libs.kotlinx-coroutines-core),PAGE-ADDLINKACTIVITY-F9EC19DF
CAND-BR-0678,app/build.gradle.kts:163,PAGE-ADDLINKACTIVITY-F9EC19DF,dependency org.jetbrains.kotlinx:kotlinx-serialization-json:(见catalog),第三方依赖(implementation),Gradle 依赖 org.jetbrains.kotlinx:kotlinx-serialization-json@? [implementation] @app/build.gradle.kts:163 (alias libs.kotlinx-serialization-json),PAGE-ADDLINKACTIVITY-F9EC19DF
CAND-BR-0679,app/build.gradle.kts:164,PAGE-ADDLINKACTIVITY-F9EC19DF,dependency com.squareup.okhttp3:okhttp:5.3.2,第三方依赖(implementation),Gradle 依赖 com.squareup.okhttp3:okhttp@5.3.2 [implementation] @app/build.gradle.kts:164 (alias libs.okhttp-client),PAGE-ADDLINKACTIVITY-F9EC19DF
CAND-BR-0680,app/build.gradle.kts:165,PAGE-ADDLINKACTIVITY-F9EC19DF,dependency app.cash.sqldelight:android-driver:2.3.2,第三方依赖(implementation),Gradle 依赖 app.cash.sqldelight:android-driver@2.3.2 [implementation] @app/build.gradle.kts:165 (alias libs.sqldelight-android-driver),PAGE-ADDLINKACTIVITY-F9EC19DF
CAND-BR-0681,app/build.gradle.kts:166,PAGE-ADDLINKACTIVITY-F9EC19DF,dependency app.cash.sqldelight:androidx-paging3-extensions:2.3.2,第三方依赖(implementation),Gradle 依赖 app.cash.sqldelight:androidx-paging3-extensions@2.3.2 [implementation] @app/build.gradle.kts:166 (alias libs.sqldelight-androidx-paging-extensions),PAGE-ADDLINKACTIVITY-F9EC19DF
CAND-BR-0682,app/build.gradle.kts:167,PAGE-ADDLINKACTIVITY-F9EC19DF,dependency me.saket.telephoto:zoomable:0.19.0,第三方依赖(implementation),Gradle 依赖 me.saket.telephoto:zoomable@0.19.0 [implementation] @app/build.gradle.kts:167 (alias libs.zoomable),PAGE-ADDLINKACTIVITY-F9EC19DF
CAND-BR-0683,app/build.gradle.kts:168,PAGE-ADDLINKACTIVITY-F9EC19DF,dependency me.saket.telephoto:zoomable-image-coil3:0.19.0,第三方依赖(implementation),Gradle 依赖 me.saket.telephoto:zoomable-image-coil3@0.19.0 [implementation] @app/build.gradle.kts:168 (alias libs.zoomable-image-coil),PAGE-ADDLINKACTIVITY-F9EC19DF
CAND-BR-0684,app/build.gradle.kts:169,PAGE-ADDLINKACTIVITY-F9EC19DF,dependency androidx.compose:compose-bom:(见catalog),第三方依赖(implementation),Gradle 依赖 androidx.compose:compose-bom@? [implementation] @app/build.gradle.kts:169 (alias libs.androidx-compose-bom),PAGE-ADDLINKACTIVITY-F9EC19DF
CAND-BR-0685,app/build.gradle.kts:170,PAGE-ADDLINKACTIVITY-F9EC19DF,dependency :capy:(见catalog),第三方依赖(implementation),Gradle 依赖 :capy@? [implementation] @app/build.gradle.kts:170,PAGE-ADDLINKACTIVITY-F9EC19DF
CAND-BR-0686,app/build.gradle.kts:171,PAGE-ADDLINKACTIVITY-F9EC19DF,dependency :feedfinder:(见catalog),第三方依赖(implementation),Gradle 依赖 :feedfinder@? [implementation] @app/build.gradle.kts:171,PAGE-ADDLINKACTIVITY-F9EC19DF
CAND-BR-0687,app/build.gradle.kts:172,PAGE-ADDLINKACTIVITY-F9EC19DF,dependency androidx.glance:glance-appwidget:1.2.0-rc01,第三方依赖(implementation),Gradle 依赖 androidx.glance:glance-appwidget@1.2.0-rc01 [implementation] @app/build.gradle.kts:172 (alias libs.androidx-glance-appwidget),PAGE-ADDLINKACTIVITY-F9EC19DF
CAND-BR-0688,app/build.gradle.kts:173,PAGE-ADDLINKACTIVITY-F9EC19DF,dependency androidx.glance:glance-material3:1.2.0-rc01,第三方依赖(implementation),Gradle 依赖 androidx.glance:glance-material3@1.2.0-rc01 [implementation] @app/build.gradle.kts:173 (alias libs.androidx-glance-material3),PAGE-ADDLINKACTIVITY-F9EC19DF
CAND-BR-0689,app/build.gradle.kts:174,PAGE-ADDLINKACTIVITY-F9EC19DF,dependency androidx.glance:glance-preview:1.2.0-rc01,第三方依赖(implementation),Gradle 依赖 androidx.glance:glance-preview@1.2.0-rc01 [implementation] @app/build.gradle.kts:174 (alias libs.androidx-glance-preview),PAGE-ADDLINKACTIVITY-F9EC19DF
CAND-BR-0690,app/build.gradle.kts:175,PAGE-ADDLINKACTIVITY-F9EC19DF,dependency androidx.glance:glance-appwidget-preview:1.2.0-rc01,第三方依赖(implementation),Gradle 依赖 androidx.glance:glance-appwidget-preview@1.2.0-rc01 [implementation] @app/build.gradle.kts:175 (alias libs.androidx-glance-appwidget-preview),PAGE-ADDLINKACTIVITY-F9EC19DF
CAND-BR-0691,app/build.gradle.kts:177,PAGE-ADDLINKACTIVITY-F9EC19DF,dependency junit:junit:(见catalog),第三方依赖(testImplementation),Gradle 依赖 junit:junit@? [testImplementation] @app/build.gradle.kts:177 (alias libs.tests-junit),PAGE-ADDLINKACTIVITY-F9EC19DF
CAND-BR-0692,app/build.gradle.kts:178,PAGE-ADDLINKACTIVITY-F9EC19DF,dependency org.jetbrains.kotlinx:kotlinx-coroutines-test:1.10.2,第三方依赖(testImplementation),Gradle 依赖 org.jetbrains.kotlinx:kotlinx-coroutines-test@1.10.2 [testImplementation] @app/build.gradle.kts:178 (alias libs.tests-kotlinx-coroutines),PAGE-ADDLINKACTIVITY-F9EC19DF
CAND-BR-0693,app/build.gradle.kts:179,PAGE-ADDLINKACTIVITY-F9EC19DF,dependency io.mockk:mockk:1.14.9,第三方依赖(testImplementation),Gradle 依赖 io.mockk:mockk@1.14.9 [testImplementation] @app/build.gradle.kts:179 (alias libs.tests-mockk-mockk),PAGE-ADDLINKACTIVITY-F9EC19DF
CAND-BR-0694,app/build.gradle.kts:180,PAGE-ADDLINKACTIVITY-F9EC19DF,dependency org.robolectric:robolectric:(见catalog),第三方依赖(testImplementation),Gradle 依赖 org.robolectric:robolectric@? [testImplementation] @app/build.gradle.kts:180 (alias libs.tests-robolectric),PAGE-ADDLINKACTIVITY-F9EC19DF
CAND-BR-0695,app/build.gradle.kts:181,PAGE-ADDLINKACTIVITY-F9EC19DF,dependency app.cash.turbine:turbine:(见catalog),第三方依赖(testImplementation),Gradle 依赖 app.cash.turbine:turbine@? [testImplementation] @app/build.gradle.kts:181 (alias libs.tests-turbine),PAGE-ADDLINKACTIVITY-F9EC19DF
CAND-BR-0696,app/build.gradle.kts:182,PAGE-ADDLINKACTIVITY-F9EC19DF,dependency androidx.work:work-testing:(见catalog),第三方依赖(testImplementation),Gradle 依赖 androidx.work:work-testing@? [testImplementation] @app/build.gradle.kts:182 (alias libs.tests-work-testing),PAGE-ADDLINKACTIVITY-F9EC19DF
CAND-BR-0697,app/build.gradle.kts:183,PAGE-ADDLINKACTIVITY-F9EC19DF,dependency androidx.test.ext:junit:(见catalog),第三方依赖(androidTestImplementation),Gradle 依赖 androidx.test.ext:junit@? [androidTestImplementation] @app/build.gradle.kts:183 (alias libs.tests-androidx-test-ext),PAGE-ADDLINKACTIVITY-F9EC19DF
CAND-BR-0698,app/build.gradle.kts:184,PAGE-ADDLINKACTIVITY-F9EC19DF,dependency androidx.test.espresso:espresso-core:(见catalog),第三方依赖(androidTestImplementation),Gradle 依赖 androidx.test.espresso:espresso-core@? [androidTestImplementation] @app/build.gradle.kts:184 (alias libs.tests-androidx-espresso-core),PAGE-ADDLINKACTIVITY-F9EC19DF
CAND-BR-0699,app/build.gradle.kts:185,PAGE-ADDLINKACTIVITY-F9EC19DF,dependency androidx.compose:compose-bom:(见catalog),第三方依赖(androidTestImplementation),Gradle 依赖 androidx.compose:compose-bom@? [androidTestImplementation] @app/build.gradle.kts:185 (alias libs.androidx-compose-bom),PAGE-ADDLINKACTIVITY-F9EC19DF
CAND-BR-0700,app/build.gradle.kts:186,PAGE-ADDLINKACTIVITY-F9EC19DF,dependency androidx.compose.ui:ui-test-junit4:(见catalog),第三方依赖(androidTestImplementation),Gradle 依赖 androidx.compose.ui:ui-test-junit4@? [androidTestImplementation] @app/build.gradle.kts:186 (alias libs.tests-androidx-ui-junit4),PAGE-ADDLINKACTIVITY-F9EC19DF
CAND-BR-0701,app/build.gradle.kts:187,PAGE-ADDLINKACTIVITY-F9EC19DF,dependency androidx.compose.ui:ui-tooling:(见catalog),第三方依赖(debugImplementation),Gradle 依赖 androidx.compose.ui:ui-tooling@? [debugImplementation] @app/build.gradle.kts:187 (alias libs.androidx-ui-tooling),PAGE-ADDLINKACTIVITY-F9EC19DF
CAND-BR-0702,app/build.gradle.kts:188,PAGE-ADDLINKACTIVITY-F9EC19DF,dependency androidx.compose.ui:ui-test-manifest:(见catalog),第三方依赖(debugImplementation),Gradle 依赖 androidx.compose.ui:ui-test-manifest@? [debugImplementation] @app/build.gradle.kts:188 (alias libs.tests-androidx-ui-manifest),PAGE-ADDLINKACTIVITY-F9EC19DF
CAND-BR-0703,bench/build.gradle.kts:16,PAGE-ADDLINKACTIVITY-F9EC19DF,dependency :capy:(见catalog),第三方依赖(implementation),Gradle 依赖 :capy@? [implementation] @bench/build.gradle.kts:16,PAGE-ADDLINKACTIVITY-F9EC19DF
CAND-BR-0704,bench/build.gradle.kts:17,PAGE-ADDLINKACTIVITY-F9EC19DF,dependency app.cash.sqldelight:sqlite-driver:2.3.2,第三方依赖(implementation),Gradle 依赖 app.cash.sqldelight:sqlite-driver@2.3.2 [implementation] @bench/build.gradle.kts:17 (alias libs.sqldelight-sqlite-driver),PAGE-ADDLINKACTIVITY-F9EC19DF
CAND-BR-0705,bench/build.gradle.kts:18,PAGE-ADDLINKACTIVITY-F9EC19DF,dependency org.jetbrains.kotlinx:kotlinx-coroutines-core:1.10.2,第三方依赖(implementation),Gradle 依赖 org.jetbrains.kotlinx:kotlinx-coroutines-core@1.10.2 [implementation] @bench/build.gradle.kts:18 (alias libs.kotlinx-coroutines-core),PAGE-ADDLINKACTIVITY-F9EC19DF
CAND-BR-0706,capy/build.gradle.kts:28,PAGE-ADDLINKACTIVITY-F9EC19DF,dependency org.jsoup:jsoup:(见catalog),第三方依赖(implementation),Gradle 依赖 org.jsoup:jsoup@? [implementation] @capy/build.gradle.kts:28 (alias libs.jsoup),PAGE-ADDLINKACTIVITY-F9EC19DF
CAND-BR-0707,capy/build.gradle.kts:29,PAGE-ADDLINKACTIVITY-F9EC19DF,dependency org.jetbrains.kotlinx:kotlinx-coroutines-core:1.10.2,第三方依赖(implementation),Gradle 依赖 org.jetbrains.kotlinx:kotlinx-coroutines-core@1.10.2 [implementation] @capy/build.gradle.kts:29 (alias libs.kotlinx-coroutines-core),PAGE-ADDLINKACTIVITY-F9EC19DF
CAND-BR-0708,capy/build.gradle.kts:30,PAGE-ADDLINKACTIVITY-F9EC19DF,dependency org.jetbrains.kotlinx:kotlinx-serialization-json:(见catalog),第三方依赖(implementation),Gradle 依赖 org.jetbrains.kotlinx:kotlinx-serialization-json@? [implementation] @capy/build.gradle.kts:30 (alias libs.kotlinx-serialization-json),PAGE-ADDLINKACTIVITY-F9EC19DF
CAND-BR-0709,capy/build.gradle.kts:31,PAGE-ADDLINKACTIVITY-F9EC19DF,dependency com.squareup.retrofit2:retrofit:3.0.0,第三方依赖(implementation),Gradle 依赖 com.squareup.retrofit2:retrofit@3.0.0 [implementation] @capy/build.gradle.kts:31 (alias libs.retrofit2-retrofit),PAGE-ADDLINKACTIVITY-F9EC19DF
CAND-BR-0710,capy/build.gradle.kts:32,PAGE-ADDLINKACTIVITY-F9EC19DF,dependency app.cash.sqldelight:coroutines-extensions:2.3.2,第三方依赖(implementation),Gradle 依赖 app.cash.sqldelight:coroutines-extensions@2.3.2 [implementation] @capy/build.gradle.kts:32 (alias libs.sqldelight-coroutines-extensions),PAGE-ADDLINKACTIVITY-F9EC19DF
CAND-BR-0711,capy/build.gradle.kts:33,PAGE-ADDLINKACTIVITY-F9EC19DF,dependency com.squareup.okhttp3:okhttp-brotli:5.3.2,第三方依赖(implementation),Gradle 依赖 com.squareup.okhttp3:okhttp-brotli@5.3.2 [implementation] @capy/build.gradle.kts:33 (alias libs.okhttp-brotli),PAGE-ADDLINKACTIVITY-F9EC19DF
CAND-BR-0712,capy/build.gradle.kts:34,PAGE-ADDLINKACTIVITY-F9EC19DF,dependency :feedbinclient:(见catalog),第三方依赖(implementation),Gradle 依赖 :feedbinclient@? [implementation] @capy/build.gradle.kts:34,PAGE-ADDLINKACTIVITY-F9EC19DF
CAND-BR-0713,capy/build.gradle.kts:35,PAGE-ADDLINKACTIVITY-F9EC19DF,dependency :feedfinder:(见catalog),第三方依赖(implementation),Gradle 依赖 :feedfinder@? [implementation] @capy/build.gradle.kts:35,PAGE-ADDLINKACTIVITY-F9EC19DF
CAND-BR-0714,capy/build.gradle.kts:36,PAGE-ADDLINKACTIVITY-F9EC19DF,dependency :minifluxclient:(见catalog),第三方依赖(implementation),Gradle 依赖 :minifluxclient@? [implementation] @capy/build.gradle.kts:36,PAGE-ADDLINKACTIVITY-F9EC19DF
CAND-BR-0715,capy/build.gradle.kts:37,PAGE-ADDLINKACTIVITY-F9EC19DF,dependency :rssparser:(见catalog),第三方依赖(implementation),Gradle 依赖 :rssparser@? [implementation] @capy/build.gradle.kts:37,PAGE-ADDLINKACTIVITY-F9EC19DF
CAND-BR-0716,capy/build.gradle.kts:38,PAGE-ADDLINKACTIVITY-F9EC19DF,dependency :readerclient:(见catalog),第三方依赖(implementation),Gradle 依赖 :readerclient@? [implementation] @capy/build.gradle.kts:38,PAGE-ADDLINKACTIVITY-F9EC19DF
CAND-BR-0717,capy/build.gradle.kts:40,PAGE-ADDLINKACTIVITY-F9EC19DF,dependency app.cash.sqldelight:sqlite-driver:2.3.2,第三方依赖(testImplementation),Gradle 依赖 app.cash.sqldelight:sqlite-driver@2.3.2 [testImplementation] @capy/build.gradle.kts:40 (alias libs.sqldelight-sqlite-driver),PAGE-ADDLINKACTIVITY-F9EC19DF
CAND-BR-0718,capy/build.gradle.kts:41,PAGE-ADDLINKACTIVITY-F9EC19DF,dependency junit:junit:(见catalog),第三方依赖(testImplementation),Gradle 依赖 junit:junit@? [testImplementation] @capy/build.gradle.kts:41 (alias libs.tests-junit),PAGE-ADDLINKACTIVITY-F9EC19DF
CAND-BR-0719,capy/build.gradle.kts:42,PAGE-ADDLINKACTIVITY-F9EC19DF,dependency org.jetbrains.kotlinx:kotlinx-coroutines-test:1.10.2,第三方依赖(testImplementation),Gradle 依赖 org.jetbrains.kotlinx:kotlinx-coroutines-test@1.10.2 [testImplementation] @capy/build.gradle.kts:42 (alias libs.tests-kotlinx-coroutines),PAGE-ADDLINKACTIVITY-F9EC19DF
CAND-BR-0720,capy/build.gradle.kts:43,PAGE-ADDLINKACTIVITY-F9EC19DF,dependency io.mockk:mockk-agent:1.14.9,第三方依赖(testImplementation),Gradle 依赖 io.mockk:mockk-agent@1.14.9 [testImplementation] @capy/build.gradle.kts:43 (alias libs.tests-mockk-agent),PAGE-ADDLINKACTIVITY-F9EC19DF
CAND-BR-0721,capy/build.gradle.kts:44,PAGE-ADDLINKACTIVITY-F9EC19DF,dependency io.mockk:mockk:1.14.9,第三方依赖(testImplementation),Gradle 依赖 io.mockk:mockk@1.14.9 [testImplementation] @capy/build.gradle.kts:44 (alias libs.tests-mockk-mockk),PAGE-ADDLINKACTIVITY-F9EC19DF
CAND-BR-0722,capy/build.gradle.kts:45,PAGE-ADDLINKACTIVITY-F9EC19DF,dependency com.github.gmazzo.okhttp.mock:mock-client:(见catalog),第三方依赖(testImplementation),Gradle 依赖 com.github.gmazzo.okhttp.mock:mock-client@? [testImplementation] @capy/build.gradle.kts:45 (alias libs.tests-okhttp-mock),PAGE-ADDLINKACTIVITY-F9EC19DF
CAND-BR-0723,feedbinclient/build.gradle.kts:13,PAGE-ADDLINKACTIVITY-F9EC19DF,dependency org.jetbrains.kotlinx:kotlinx-coroutines-core:1.10.2,第三方依赖(implementation),Gradle 依赖 org.jetbrains.kotlinx:kotlinx-coroutines-core@1.10.2 [implementation] @feedbinclient/build.gradle.kts:13 (alias libs.kotlinx-coroutines-core),PAGE-ADDLINKACTIVITY-F9EC19DF
CAND-BR-0724,feedbinclient/build.gradle.kts:14,PAGE-ADDLINKACTIVITY-F9EC19DF,dependency com.squareup.moshi:moshi:(见catalog),第三方依赖(implementation),Gradle 依赖 com.squareup.moshi:moshi@? [implementation] @feedbinclient/build.gradle.kts:14 (alias libs.moshi),PAGE-ADDLINKACTIVITY-F9EC19DF
CAND-BR-0725,feedbinclient/build.gradle.kts:15,PAGE-ADDLINKACTIVITY-F9EC19DF,dependency com.squareup.retrofit2:converter-moshi:(见catalog),第三方依赖(implementation),Gradle 依赖 com.squareup.retrofit2:converter-moshi@? [implementation] @feedbinclient/build.gradle.kts:15 (alias libs.moshi-converter),PAGE-ADDLINKACTIVITY-F9EC19DF
CAND-BR-0726,feedbinclient/build.gradle.kts:16,PAGE-ADDLINKACTIVITY-F9EC19DF,dependency com.squareup.retrofit2:retrofit:3.0.0,第三方依赖(implementation),Gradle 依赖 com.squareup.retrofit2:retrofit@3.0.0 [implementation] @feedbinclient/build.gradle.kts:16 (alias libs.retrofit2-retrofit),PAGE-ADDLINKACTIVITY-F9EC19DF
CAND-BR-0727,feedbinclient/build.gradle.kts:17,PAGE-ADDLINKACTIVITY-F9EC19DF,dependency com.squareup.retrofit2:retrofit:3.0.0,第三方依赖(implementation),Gradle 依赖 com.squareup.retrofit2:retrofit@3.0.0 [implementation] @feedbinclient/build.gradle.kts:17 (alias libs.retrofit2-retrofit),PAGE-ADDLINKACTIVITY-F9EC19DF
CAND-BR-0728,feedbinclient/build.gradle.kts:20,PAGE-ADDLINKACTIVITY-F9EC19DF,dependency junit:junit:(见catalog),第三方依赖(testImplementation),Gradle 依赖 junit:junit@? [testImplementation] @feedbinclient/build.gradle.kts:20 (alias libs.tests-junit),PAGE-ADDLINKACTIVITY-F9EC19DF
CAND-BR-0729,feedbinclient/build.gradle.kts:21,PAGE-ADDLINKACTIVITY-F9EC19DF,dependency org.jetbrains.kotlinx:kotlinx-coroutines-test:1.10.2,第三方依赖(testImplementation),Gradle 依赖 org.jetbrains.kotlinx:kotlinx-coroutines-test@1.10.2 [testImplementation] @feedbinclient/build.gradle.kts:21 (alias libs.tests-kotlinx-coroutines),PAGE-ADDLINKACTIVITY-F9EC19DF
CAND-BR-0730,feedbinclient/build.gradle.kts:22,PAGE-ADDLINKACTIVITY-F9EC19DF,dependency io.mockk:mockk:1.14.9,第三方依赖(testImplementation),Gradle 依赖 io.mockk:mockk@1.14.9 [testImplementation] @feedbinclient/build.gradle.kts:22 (alias libs.tests-mockk-mockk),PAGE-ADDLINKACTIVITY-F9EC19DF
CAND-BR-0731,feedfinder/build.gradle.kts:13,PAGE-ADDLINKACTIVITY-F9EC19DF,dependency org.jsoup:jsoup:(见catalog),第三方依赖(implementation),Gradle 依赖 org.jsoup:jsoup@? [implementation] @feedfinder/build.gradle.kts:13 (alias libs.jsoup),PAGE-ADDLINKACTIVITY-F9EC19DF
CAND-BR-0732,feedfinder/build.gradle.kts:14,PAGE-ADDLINKACTIVITY-F9EC19DF,dependency com.squareup.moshi:moshi:(见catalog),第三方依赖(implementation),Gradle 依赖 com.squareup.moshi:moshi@? [implementation] @feedfinder/build.gradle.kts:14 (alias libs.moshi),PAGE-ADDLINKACTIVITY-F9EC19DF
CAND-BR-0733,feedfinder/build.gradle.kts:15,PAGE-ADDLINKACTIVITY-F9EC19DF,dependency org.jetbrains.kotlinx:kotlinx-coroutines-core:1.10.2,第三方依赖(implementation),Gradle 依赖 org.jetbrains.kotlinx:kotlinx-coroutines-core@1.10.2 [implementation] @feedfinder/build.gradle.kts:15 (alias libs.kotlinx-coroutines-core),PAGE-ADDLINKACTIVITY-F9EC19DF
CAND-BR-0734,feedfinder/build.gradle.kts:16,PAGE-ADDLINKACTIVITY-F9EC19DF,dependency com.squareup.okhttp3:okhttp:5.3.2,第三方依赖(implementation),Gradle 依赖 com.squareup.okhttp3:okhttp@5.3.2 [implementation] @feedfinder/build.gradle.kts:16 (alias libs.okhttp-client),PAGE-ADDLINKACTIVITY-F9EC19DF
CAND-BR-0735,feedfinder/build.gradle.kts:17,PAGE-ADDLINKACTIVITY-F9EC19DF,dependency :rssparser:(见catalog),第三方依赖(implementation),Gradle 依赖 :rssparser@? [implementation] @feedfinder/build.gradle.kts:17,PAGE-ADDLINKACTIVITY-F9EC19DF
CAND-BR-0736,feedfinder/build.gradle.kts:20,PAGE-ADDLINKACTIVITY-F9EC19DF,dependency junit:junit:(见catalog),第三方依赖(testImplementation),Gradle 依赖 junit:junit@? [testImplementation] @feedfinder/build.gradle.kts:20 (alias libs.tests-junit),PAGE-ADDLINKACTIVITY-F9EC19DF
CAND-BR-0737,feedfinder/build.gradle.kts:21,PAGE-ADDLINKACTIVITY-F9EC19DF,dependency org.jetbrains.kotlinx:kotlinx-coroutines-test:1.10.2,第三方依赖(testImplementation),Gradle 依赖 org.jetbrains.kotlinx:kotlinx-coroutines-test@1.10.2 [testImplementation] @feedfinder/build.gradle.kts:21 (alias libs.tests-kotlinx-coroutines),PAGE-ADDLINKACTIVITY-F9EC19DF
CAND-BR-0738,feedfinder/build.gradle.kts:22,PAGE-ADDLINKACTIVITY-F9EC19DF,dependency com.squareup.okhttp3:mockwebserver3:5.3.2,第三方依赖(testImplementation),Gradle 依赖 com.squareup.okhttp3:mockwebserver3@5.3.2 [testImplementation] @feedfinder/build.gradle.kts:22 (alias libs.mockwebserver3),PAGE-ADDLINKACTIVITY-F9EC19DF
CAND-BR-0739,minifluxclient/build.gradle.kts:13,PAGE-ADDLINKACTIVITY-F9EC19DF,dependency org.jetbrains.kotlinx:kotlinx-coroutines-core:1.10.2,第三方依赖(implementation),Gradle 依赖 org.jetbrains.kotlinx:kotlinx-coroutines-core@1.10.2 [implementation] @minifluxclient/build.gradle.kts:13 (alias libs.kotlinx-coroutines-core),PAGE-ADDLINKACTIVITY-F9EC19DF
CAND-BR-0740,minifluxclient/build.gradle.kts:14,PAGE-ADDLINKACTIVITY-F9EC19DF,dependency com.squareup.moshi:moshi:(见catalog),第三方依赖(implementation),Gradle 依赖 com.squareup.moshi:moshi@? [implementation] @minifluxclient/build.gradle.kts:14 (alias libs.moshi),PAGE-ADDLINKACTIVITY-F9EC19DF
CAND-BR-0741,minifluxclient/build.gradle.kts:15,PAGE-ADDLINKACTIVITY-F9EC19DF,dependency com.squareup.retrofit2:converter-moshi:(见catalog),第三方依赖(implementation),Gradle 依赖 com.squareup.retrofit2:converter-moshi@? [implementation] @minifluxclient/build.gradle.kts:15 (alias libs.moshi-converter),PAGE-ADDLINKACTIVITY-F9EC19DF
CAND-BR-0742,minifluxclient/build.gradle.kts:16,PAGE-ADDLINKACTIVITY-F9EC19DF,dependency com.squareup.retrofit2:retrofit:3.0.0,第三方依赖(implementation),Gradle 依赖 com.squareup.retrofit2:retrofit@3.0.0 [implementation] @minifluxclient/build.gradle.kts:16 (alias libs.retrofit2-retrofit),PAGE-ADDLINKACTIVITY-F9EC19DF
CAND-BR-0743,minifluxclient/build.gradle.kts:19,PAGE-ADDLINKACTIVITY-F9EC19DF,dependency junit:junit:(见catalog),第三方依赖(testImplementation),Gradle 依赖 junit:junit@? [testImplementation] @minifluxclient/build.gradle.kts:19 (alias libs.tests-junit),PAGE-ADDLINKACTIVITY-F9EC19DF
CAND-BR-0744,minifluxclient/build.gradle.kts:20,PAGE-ADDLINKACTIVITY-F9EC19DF,dependency org.jetbrains.kotlinx:kotlinx-coroutines-test:1.10.2,第三方依赖(testImplementation),Gradle 依赖 org.jetbrains.kotlinx:kotlinx-coroutines-test@1.10.2 [testImplementation] @minifluxclient/build.gradle.kts:20 (alias libs.tests-kotlinx-coroutines),PAGE-ADDLINKACTIVITY-F9EC19DF
CAND-BR-0745,minifluxclient/build.gradle.kts:21,PAGE-ADDLINKACTIVITY-F9EC19DF,dependency io.mockk:mockk:1.14.9,第三方依赖(testImplementation),Gradle 依赖 io.mockk:mockk@1.14.9 [testImplementation] @minifluxclient/build.gradle.kts:21 (alias libs.tests-mockk-mockk),PAGE-ADDLINKACTIVITY-F9EC19DF
CAND-BR-0746,readerclient/build.gradle.kts:13,PAGE-ADDLINKACTIVITY-F9EC19DF,dependency org.jetbrains.kotlinx:kotlinx-coroutines-core:1.10.2,第三方依赖(implementation),Gradle 依赖 org.jetbrains.kotlinx:kotlinx-coroutines-core@1.10.2 [implementation] @readerclient/build.gradle.kts:13 (alias libs.kotlinx-coroutines-core),PAGE-ADDLINKACTIVITY-F9EC19DF
CAND-BR-0747,readerclient/build.gradle.kts:14,PAGE-ADDLINKACTIVITY-F9EC19DF,dependency com.squareup.moshi:moshi:(见catalog),第三方依赖(implementation),Gradle 依赖 com.squareup.moshi:moshi@? [implementation] @readerclient/build.gradle.kts:14 (alias libs.moshi),PAGE-ADDLINKACTIVITY-F9EC19DF
CAND-BR-0748,readerclient/build.gradle.kts:15,PAGE-ADDLINKACTIVITY-F9EC19DF,dependency com.squareup.retrofit2:converter-moshi:(见catalog),第三方依赖(implementation),Gradle 依赖 com.squareup.retrofit2:converter-moshi@? [implementation] @readerclient/build.gradle.kts:15 (alias libs.moshi-converter),PAGE-ADDLINKACTIVITY-F9EC19DF
CAND-BR-0749,readerclient/build.gradle.kts:16,PAGE-ADDLINKACTIVITY-F9EC19DF,dependency com.squareup.retrofit2:retrofit:3.0.0,第三方依赖(implementation),Gradle 依赖 com.squareup.retrofit2:retrofit@3.0.0 [implementation] @readerclient/build.gradle.kts:16 (alias libs.retrofit2-retrofit),PAGE-ADDLINKACTIVITY-F9EC19DF
CAND-BR-0750,readerclient/build.gradle.kts:17,PAGE-ADDLINKACTIVITY-F9EC19DF,dependency com.squareup.retrofit2:converter-scalars:3.0.0,第三方依赖(implementation),Gradle 依赖 com.squareup.retrofit2:converter-scalars@3.0.0 [implementation] @readerclient/build.gradle.kts:17 (alias libs.converter-scalars),PAGE-ADDLINKACTIVITY-F9EC19DF
CAND-BR-0751,readerclient/build.gradle.kts:20,PAGE-ADDLINKACTIVITY-F9EC19DF,dependency junit:junit:(见catalog),第三方依赖(testImplementation),Gradle 依赖 junit:junit@? [testImplementation] @readerclient/build.gradle.kts:20 (alias libs.tests-junit),PAGE-ADDLINKACTIVITY-F9EC19DF
CAND-BR-0752,readerclient/build.gradle.kts:21,PAGE-ADDLINKACTIVITY-F9EC19DF,dependency org.jetbrains.kotlinx:kotlinx-coroutines-test:1.10.2,第三方依赖(testImplementation),Gradle 依赖 org.jetbrains.kotlinx:kotlinx-coroutines-test@1.10.2 [testImplementation] @readerclient/build.gradle.kts:21 (alias libs.tests-kotlinx-coroutines),PAGE-ADDLINKACTIVITY-F9EC19DF
CAND-BR-0753,readerclient/build.gradle.kts:22,PAGE-ADDLINKACTIVITY-F9EC19DF,dependency io.mockk:mockk:1.14.9,第三方依赖(testImplementation),Gradle 依赖 io.mockk:mockk@1.14.9 [testImplementation] @readerclient/build.gradle.kts:22 (alias libs.tests-mockk-mockk),PAGE-ADDLINKACTIVITY-F9EC19DF
CAND-BR-0754,rssparser/build.gradle.kts:13,PAGE-ADDLINKACTIVITY-F9EC19DF,dependency com.squareup.okhttp3:okhttp:5.3.2,第三方依赖(implementation),Gradle 依赖 com.squareup.okhttp3:okhttp@5.3.2 [implementation] @rssparser/build.gradle.kts:13 (alias libs.okhttp-client),PAGE-ADDLINKACTIVITY-F9EC19DF
CAND-BR-0755,rssparser/build.gradle.kts:14,PAGE-ADDLINKACTIVITY-F9EC19DF,dependency org.jetbrains.kotlinx:kotlinx-coroutines-core:1.10.2,第三方依赖(implementation),Gradle 依赖 org.jetbrains.kotlinx:kotlinx-coroutines-core@1.10.2 [implementation] @rssparser/build.gradle.kts:14 (alias libs.kotlinx-coroutines-core),PAGE-ADDLINKACTIVITY-F9EC19DF
CAND-BR-0756,rssparser/build.gradle.kts:15,PAGE-ADDLINKACTIVITY-F9EC19DF,dependency org.jsoup:jsoup:(见catalog),第三方依赖(implementation),Gradle 依赖 org.jsoup:jsoup@? [implementation] @rssparser/build.gradle.kts:15 (alias libs.jsoup),PAGE-ADDLINKACTIVITY-F9EC19DF
CAND-BR-0757,rssparser/build.gradle.kts:16,PAGE-ADDLINKACTIVITY-F9EC19DF,dependency com.squareup.moshi:moshi:(见catalog),第三方依赖(implementation),Gradle 依赖 com.squareup.moshi:moshi@? [implementation] @rssparser/build.gradle.kts:16 (alias libs.moshi),PAGE-ADDLINKACTIVITY-F9EC19DF
CAND-BR-0758,rssparser/build.gradle.kts:17,PAGE-ADDLINKACTIVITY-F9EC19DF,dependency com.squareup.retrofit2:converter-moshi:(见catalog),第三方依赖(implementation),Gradle 依赖 com.squareup.retrofit2:converter-moshi@? [implementation] @rssparser/build.gradle.kts:17 (alias libs.moshi-converter),PAGE-ADDLINKACTIVITY-F9EC19DF
CAND-BR-0759,rssparser/build.gradle.kts:22,PAGE-ADDLINKACTIVITY-F9EC19DF,dependency org.jetbrains.kotlinx:kotlinx-coroutines-test:1.10.2,第三方依赖(testImplementation),Gradle 依赖 org.jetbrains.kotlinx:kotlinx-coroutines-test@1.10.2 [testImplementation] @rssparser/build.gradle.kts:22 (alias libs.tests-kotlinx-coroutines),PAGE-ADDLINKACTIVITY-F9EC19DF
CAND-BR-0760,gradle/libs.versions.toml,PAGE-ADDLINKACTIVITY-F9EC19DF,dependency androidx.activity:activity-compose:,第三方依赖(catalog 定义，未见使用),版本目录库 androidx.activity:activity-compose@ (alias androidx-activity-compose),PAGE-ADDLINKACTIVITY-F9EC19DF
CAND-BR-0761,gradle/libs.versions.toml,PAGE-ADDLINKACTIVITY-F9EC19DF,dependency androidx.compose.material3.adaptive:adaptive:,第三方依赖(catalog 定义，未见使用),版本目录库 androidx.compose.material3.adaptive:adaptive@ (alias androidx-adaptive),PAGE-ADDLINKACTIVITY-F9EC19DF
CAND-BR-0762,gradle/libs.versions.toml,PAGE-ADDLINKACTIVITY-F9EC19DF,dependency androidx.compose.material3.adaptive:adaptive-layout:,第三方依赖(catalog 定义，未见使用),版本目录库 androidx.compose.material3.adaptive:adaptive-layout@ (alias androidx-adaptive-layout),PAGE-ADDLINKACTIVITY-F9EC19DF
CAND-BR-0763,gradle/libs.versions.toml,PAGE-ADDLINKACTIVITY-F9EC19DF,dependency androidx.compose.material3.adaptive:adaptive-navigation:,第三方依赖(catalog 定义，未见使用),版本目录库 androidx.compose.material3.adaptive:adaptive-navigation@ (alias androidx-adaptive-navigation),PAGE-ADDLINKACTIVITY-F9EC19DF
CAND-BR-0764,gradle/libs.versions.toml,PAGE-ADDLINKACTIVITY-F9EC19DF,dependency androidx.browser:browser:,第三方依赖(catalog 定义，未见使用),版本目录库 androidx.browser:browser@ (alias androidx-browser),PAGE-ADDLINKACTIVITY-F9EC19DF
CAND-BR-0765,gradle/libs.versions.toml,PAGE-ADDLINKACTIVITY-F9EC19DF,dependency androidx.compose:compose-bom:,第三方依赖(catalog 定义，未见使用),版本目录库 androidx.compose:compose-bom@ (alias androidx-compose-bom),PAGE-ADDLINKACTIVITY-F9EC19DF
CAND-BR-0766,gradle/libs.versions.toml,PAGE-ADDLINKACTIVITY-F9EC19DF,dependency androidx.core:core-ktx:,第三方依赖(catalog 定义，未见使用),版本目录库 androidx.core:core-ktx@ (alias androidx-core-ktx),PAGE-ADDLINKACTIVITY-F9EC19DF
CAND-BR-0767,gradle/libs.versions.toml,PAGE-ADDLINKACTIVITY-F9EC19DF,dependency androidx.glance:glance-appwidget:1.2.0-rc01,第三方依赖(catalog 定义，未见使用),版本目录库 androidx.glance:glance-appwidget@1.2.0-rc01 (alias androidx-glance-appwidget),PAGE-ADDLINKACTIVITY-F9EC19DF
CAND-BR-0768,gradle/libs.versions.toml,PAGE-ADDLINKACTIVITY-F9EC19DF,dependency androidx.glance:glance-appwidget-preview:1.2.0-rc01,第三方依赖(catalog 定义，未见使用),版本目录库 androidx.glance:glance-appwidget-preview@1.2.0-rc01 (alias androidx-glance-appwidget-preview),PAGE-ADDLINKACTIVITY-F9EC19DF
CAND-BR-0769,gradle/libs.versions.toml,PAGE-ADDLINKACTIVITY-F9EC19DF,dependency androidx.glance:glance-material3:1.2.0-rc01,第三方依赖(catalog 定义，未见使用),版本目录库 androidx.glance:glance-material3@1.2.0-rc01 (alias androidx-glance-material3),PAGE-ADDLINKACTIVITY-F9EC19DF
CAND-BR-0770,gradle/libs.versions.toml,PAGE-ADDLINKACTIVITY-F9EC19DF,dependency androidx.glance:glance-preview:1.2.0-rc01,第三方依赖(catalog 定义，未见使用),版本目录库 androidx.glance:glance-preview@1.2.0-rc01 (alias androidx-glance-preview),PAGE-ADDLINKACTIVITY-F9EC19DF
CAND-BR-0771,gradle/libs.versions.toml,PAGE-ADDLINKACTIVITY-F9EC19DF,dependency androidx.lifecycle:lifecycle-runtime-compose:2.10.0,第三方依赖(catalog 定义，未见使用),版本目录库 androidx.lifecycle:lifecycle-runtime-compose@2.10.0 (alias androidx-lifecycle-runtime-compose),PAGE-ADDLINKACTIVITY-F9EC19DF
CAND-BR-0772,gradle/libs.versions.toml,PAGE-ADDLINKACTIVITY-F9EC19DF,dependency androidx.lifecycle:lifecycle-runtime-ktx:2.10.0,第三方依赖(catalog 定义，未见使用),版本目录库 androidx.lifecycle:lifecycle-runtime-ktx@2.10.0 (alias androidx-lifecycle-runtime-ktx),PAGE-ADDLINKACTIVITY-F9EC19DF
CAND-BR-0773,gradle/libs.versions.toml,PAGE-ADDLINKACTIVITY-F9EC19DF,dependency com.google.android.material:material:,第三方依赖(catalog 定义，未见使用),版本目录库 com.google.android.material:material@ (alias androidx-material),PAGE-ADDLINKACTIVITY-F9EC19DF
CAND-BR-0774,gradle/libs.versions.toml,PAGE-ADDLINKACTIVITY-F9EC19DF,dependency androidx.compose.material:material-icons-extended:,第三方依赖(catalog 定义，未见使用),版本目录库 androidx.compose.material:material-icons-extended@ (alias androidx-material-icons-extended),PAGE-ADDLINKACTIVITY-F9EC19DF
CAND-BR-0775,gradle/libs.versions.toml,PAGE-ADDLINKACTIVITY-F9EC19DF,dependency androidx.compose.material3:material3:,第三方依赖(catalog 定义，未见使用),版本目录库 androidx.compose.material3:material3@ (alias androidx-material3),PAGE-ADDLINKACTIVITY-F9EC19DF
CAND-BR-0776,gradle/libs.versions.toml,PAGE-ADDLINKACTIVITY-F9EC19DF,dependency androidx.compose.material3:material3-window-size-class-android:,第三方依赖(catalog 定义，未见使用),版本目录库 androidx.compose.material3:material3-window-size-class-android@ (alias androidx-material3-window-size),PAGE-ADDLINKACTIVITY-F9EC19DF
CAND-BR-0777,gradle/libs.versions.toml,PAGE-ADDLINKACTIVITY-F9EC19DF,dependency androidx.media3:media3-datasource-okhttp:1.10.0,第三方依赖(catalog 定义，未见使用),版本目录库 androidx.media3:media3-datasource-okhttp@1.10.0 (alias androidx-media3-datasource-okhttp),PAGE-ADDLINKACTIVITY-F9EC19DF
CAND-BR-0778,gradle/libs.versions.toml,PAGE-ADDLINKACTIVITY-F9EC19DF,dependency androidx.media3:media3-exoplayer:1.10.0,第三方依赖(catalog 定义，未见使用),版本目录库 androidx.media3:media3-exoplayer@1.10.0 (alias androidx-media3-exoplayer),PAGE-ADDLINKACTIVITY-F9EC19DF
CAND-BR-0779,gradle/libs.versions.toml,PAGE-ADDLINKACTIVITY-F9EC19DF,dependency androidx.media3:media3-session:1.10.0,第三方依赖(catalog 定义，未见使用),版本目录库 androidx.media3:media3-session@1.10.0 (alias androidx-media3-session),PAGE-ADDLINKACTIVITY-F9EC19DF
CAND-BR-0780,gradle/libs.versions.toml,PAGE-ADDLINKACTIVITY-F9EC19DF,dependency androidx.navigation:navigation-compose:2.9.7,第三方依赖(catalog 定义，未见使用),版本目录库 androidx.navigation:navigation-compose@2.9.7 (alias androidx-navigation-compose),PAGE-ADDLINKACTIVITY-F9EC19DF
CAND-BR-0781,gradle/libs.versions.toml,PAGE-ADDLINKACTIVITY-F9EC19DF,dependency androidx.palette:palette-ktx:,第三方依赖(catalog 定义，未见使用),版本目录库 androidx.palette:palette-ktx@ (alias androidx-palette),PAGE-ADDLINKACTIVITY-F9EC19DF
CAND-BR-0782,gradle/libs.versions.toml,PAGE-ADDLINKACTIVITY-F9EC19DF,dependency androidx.paging:paging-compose:3.4.2,第三方依赖(catalog 定义，未见使用),版本目录库 androidx.paging:paging-compose@3.4.2 (alias androidx-paging-compose),PAGE-ADDLINKACTIVITY-F9EC19DF
CAND-BR-0783,gradle/libs.versions.toml,PAGE-ADDLINKACTIVITY-F9EC19DF,dependency androidx.paging:paging-runtime-ktx:3.4.2,第三方依赖(catalog 定义，未见使用),版本目录库 androidx.paging:paging-runtime-ktx@3.4.2 (alias androidx-paging-runtime-ktx),PAGE-ADDLINKACTIVITY-F9EC19DF
CAND-BR-0784,gradle/libs.versions.toml,PAGE-ADDLINKACTIVITY-F9EC19DF,dependency androidx.preference:preference-ktx:,第三方依赖(catalog 定义，未见使用),版本目录库 androidx.preference:preference-ktx@ (alias androidx-preferences),PAGE-ADDLINKACTIVITY-F9EC19DF
CAND-BR-0785,gradle/libs.versions.toml,PAGE-ADDLINKACTIVITY-F9EC19DF,dependency androidx.compose.ui:ui:,第三方依赖(catalog 定义，未见使用),版本目录库 androidx.compose.ui:ui@ (alias androidx-ui),PAGE-ADDLINKACTIVITY-F9EC19DF
CAND-BR-0786,gradle/libs.versions.toml,PAGE-ADDLINKACTIVITY-F9EC19DF,dependency androidx.compose.ui:ui-graphics:,第三方依赖(catalog 定义，未见使用),版本目录库 androidx.compose.ui:ui-graphics@ (alias androidx-ui-graphics),PAGE-ADDLINKACTIVITY-F9EC19DF
CAND-BR-0787,gradle/libs.versions.toml,PAGE-ADDLINKACTIVITY-F9EC19DF,dependency androidx.compose.ui:ui-tooling:,第三方依赖(catalog 定义，未见使用),版本目录库 androidx.compose.ui:ui-tooling@ (alias androidx-ui-tooling),PAGE-ADDLINKACTIVITY-F9EC19DF
CAND-BR-0788,gradle/libs.versions.toml,PAGE-ADDLINKACTIVITY-F9EC19DF,dependency androidx.compose.ui:ui-tooling-preview:,第三方依赖(catalog 定义，未见使用),版本目录库 androidx.compose.ui:ui-tooling-preview@ (alias androidx-ui-tooling-preview),PAGE-ADDLINKACTIVITY-F9EC19DF
CAND-BR-0789,gradle/libs.versions.toml,PAGE-ADDLINKACTIVITY-F9EC19DF,dependency androidx.webkit:webkit:,第三方依赖(catalog 定义，未见使用),版本目录库 androidx.webkit:webkit@ (alias androidx-webkit),PAGE-ADDLINKACTIVITY-F9EC19DF
CAND-BR-0790,gradle/libs.versions.toml,PAGE-ADDLINKACTIVITY-F9EC19DF,dependency androidx.work:work-runtime-ktx:,第三方依赖(catalog 定义，未见使用),版本目录库 androidx.work:work-runtime-ktx@ (alias androidx-work-runtime-ktx),PAGE-ADDLINKACTIVITY-F9EC19DF
CAND-BR-0791,gradle/libs.versions.toml,PAGE-ADDLINKACTIVITY-F9EC19DF,dependency io.coil-kt.coil3:coil-compose:3.4.0,第三方依赖(catalog 定义，未见使用),版本目录库 io.coil-kt.coil3:coil-compose@3.4.0 (alias coil-compose),PAGE-ADDLINKACTIVITY-F9EC19DF
CAND-BR-0792,gradle/libs.versions.toml,PAGE-ADDLINKACTIVITY-F9EC19DF,dependency io.coil-kt.coil3:coil-gif:3.4.0,第三方依赖(catalog 定义，未见使用),版本目录库 io.coil-kt.coil3:coil-gif@3.4.0 (alias coil-gif),PAGE-ADDLINKACTIVITY-F9EC19DF
CAND-BR-0793,gradle/libs.versions.toml,PAGE-ADDLINKACTIVITY-F9EC19DF,dependency io.coil-kt.coil3:coil-network-okhttp:3.4.0,第三方依赖(catalog 定义，未见使用),版本目录库 io.coil-kt.coil3:coil-network-okhttp@3.4.0 (alias coil-network-okhttp),PAGE-ADDLINKACTIVITY-F9EC19DF
CAND-BR-0794,gradle/libs.versions.toml,PAGE-ADDLINKACTIVITY-F9EC19DF,dependency io.coil-kt.coil3:coil-svg:3.4.0,第三方依赖(catalog 定义，未见使用),版本目录库 io.coil-kt.coil3:coil-svg@3.4.0 (alias coil-svg),PAGE-ADDLINKACTIVITY-F9EC19DF
CAND-BR-0795,gradle/libs.versions.toml,PAGE-ADDLINKACTIVITY-F9EC19DF,dependency io.coil-kt.coil3:coil-video:3.4.0,第三方依赖(catalog 定义，未见使用),版本目录库 io.coil-kt.coil3:coil-video@3.4.0 (alias coil-video),PAGE-ADDLINKACTIVITY-F9EC19DF
CAND-BR-0796,gradle/libs.versions.toml,PAGE-ADDLINKACTIVITY-F9EC19DF,dependency com.squareup.retrofit2:converter-scalars:3.0.0,第三方依赖(catalog 定义，未见使用),版本目录库 com.squareup.retrofit2:converter-scalars@3.0.0 (alias converter-scalars),PAGE-ADDLINKACTIVITY-F9EC19DF
CAND-BR-0797,gradle/libs.versions.toml,PAGE-ADDLINKACTIVITY-F9EC19DF,dependency com.google.firebase:firebase-crashlytics:,第三方依赖(catalog 定义，未见使用),版本目录库 com.google.firebase:firebase-crashlytics@ (alias firebase-crashlytics),PAGE-ADDLINKACTIVITY-F9EC19DF
CAND-BR-0798,gradle/libs.versions.toml,PAGE-ADDLINKACTIVITY-F9EC19DF,dependency org.jsoup:jsoup:,第三方依赖(catalog 定义，未见使用),版本目录库 org.jsoup:jsoup@ (alias jsoup),PAGE-ADDLINKACTIVITY-F9EC19DF
CAND-BR-0799,gradle/libs.versions.toml,PAGE-ADDLINKACTIVITY-F9EC19DF,dependency io.insert-koin:koin-android:,第三方依赖(catalog 定义，未见使用),版本目录库 io.insert-koin:koin-android@ (alias koin-android),PAGE-ADDLINKACTIVITY-F9EC19DF
CAND-BR-0800,gradle/libs.versions.toml,PAGE-ADDLINKACTIVITY-F9EC19DF,dependency io.insert-koin:koin-androidx-compose:,第三方依赖(catalog 定义，未见使用),版本目录库 io.insert-koin:koin-androidx-compose@ (alias koin-androidx-compose),PAGE-ADDLINKACTIVITY-F9EC19DF
CAND-BR-0801,gradle/libs.versions.toml,PAGE-ADDLINKACTIVITY-F9EC19DF,dependency io.insert-koin:koin-androidx-workmanager:,第三方依赖(catalog 定义，未见使用),版本目录库 io.insert-koin:koin-androidx-workmanager@ (alias koin-androidx-workmanager),PAGE-ADDLINKACTIVITY-F9EC19DF
CAND-BR-0802,gradle/libs.versions.toml,PAGE-ADDLINKACTIVITY-F9EC19DF,dependency io.insert-koin:koin-bom:,第三方依赖(catalog 定义，未见使用),版本目录库 io.insert-koin:koin-bom@ (alias koin-bom),PAGE-ADDLINKACTIVITY-F9EC19DF
CAND-BR-0803,gradle/libs.versions.toml,PAGE-ADDLINKACTIVITY-F9EC19DF,dependency io.insert-koin:koin-core:,第三方依赖(catalog 定义，未见使用),版本目录库 io.insert-koin:koin-core@ (alias koin-core),PAGE-ADDLINKACTIVITY-F9EC19DF
CAND-BR-0804,gradle/libs.versions.toml,PAGE-ADDLINKACTIVITY-F9EC19DF,dependency org.jetbrains.kotlinx:kotlinx-coroutines-android:1.10.2,第三方依赖(catalog 定义，未见使用),版本目录库 org.jetbrains.kotlinx:kotlinx-coroutines-android@1.10.2 (alias kotlinx-coroutines-android),PAGE-ADDLINKACTIVITY-F9EC19DF
CAND-BR-0805,gradle/libs.versions.toml,PAGE-ADDLINKACTIVITY-F9EC19DF,dependency org.jetbrains.kotlinx:kotlinx-coroutines-core:1.10.2,第三方依赖(catalog 定义，未见使用),版本目录库 org.jetbrains.kotlinx:kotlinx-coroutines-core@1.10.2 (alias kotlinx-coroutines-core),PAGE-ADDLINKACTIVITY-F9EC19DF
CAND-BR-0806,gradle/libs.versions.toml,PAGE-ADDLINKACTIVITY-F9EC19DF,dependency org.jetbrains.kotlinx:kotlinx-serialization-json:,第三方依赖(catalog 定义，未见使用),版本目录库 org.jetbrains.kotlinx:kotlinx-serialization-json@ (alias kotlinx-serialization-json),PAGE-ADDLINKACTIVITY-F9EC19DF
CAND-BR-0807,gradle/libs.versions.toml,PAGE-ADDLINKACTIVITY-F9EC19DF,dependency com.github.nanihadesuka:LazyColumnScrollbar:,第三方依赖(catalog 定义，未见使用),版本目录库 com.github.nanihadesuka:LazyColumnScrollbar@ (alias lazycolumnscrollbar),PAGE-ADDLINKACTIVITY-F9EC19DF
CAND-BR-0808,gradle/libs.versions.toml,PAGE-ADDLINKACTIVITY-F9EC19DF,dependency com.squareup.okhttp3:mockwebserver3:5.3.2,第三方依赖(catalog 定义，未见使用),版本目录库 com.squareup.okhttp3:mockwebserver3@5.3.2 (alias mockwebserver3),PAGE-ADDLINKACTIVITY-F9EC19DF
CAND-BR-0809,gradle/libs.versions.toml,PAGE-ADDLINKACTIVITY-F9EC19DF,dependency com.squareup.moshi:moshi:,第三方依赖(catalog 定义，未见使用),版本目录库 com.squareup.moshi:moshi@ (alias moshi),PAGE-ADDLINKACTIVITY-F9EC19DF
CAND-BR-0810,gradle/libs.versions.toml,PAGE-ADDLINKACTIVITY-F9EC19DF,dependency com.squareup.retrofit2:converter-moshi:,第三方依赖(catalog 定义，未见使用),版本目录库 com.squareup.retrofit2:converter-moshi@ (alias moshi-converter),PAGE-ADDLINKACTIVITY-F9EC19DF
CAND-BR-0811,gradle/libs.versions.toml,PAGE-ADDLINKACTIVITY-F9EC19DF,dependency com.squareup.moshi:moshi-kotlin-codegen:,第三方依赖(catalog 定义，未见使用),版本目录库 com.squareup.moshi:moshi-kotlin-codegen@ (alias moshi-kotlin-codegen),PAGE-ADDLINKACTIVITY-F9EC19DF
CAND-BR-0812,gradle/libs.versions.toml,PAGE-ADDLINKACTIVITY-F9EC19DF,dependency com.squareup.okhttp3:okhttp-brotli:5.3.2,第三方依赖(catalog 定义，未见使用),版本目录库 com.squareup.okhttp3:okhttp-brotli@5.3.2 (alias okhttp-brotli),PAGE-ADDLINKACTIVITY-F9EC19DF
CAND-BR-0813,gradle/libs.versions.toml,PAGE-ADDLINKACTIVITY-F9EC19DF,dependency com.squareup.okhttp3:okhttp:5.3.2,第三方依赖(catalog 定义，未见使用),版本目录库 com.squareup.okhttp3:okhttp@5.3.2 (alias okhttp-client),PAGE-ADDLINKACTIVITY-F9EC19DF
CAND-BR-0814,gradle/libs.versions.toml,PAGE-ADDLINKACTIVITY-F9EC19DF,dependency com.squareup.retrofit2:retrofit:3.0.0,第三方依赖(catalog 定义，未见使用),版本目录库 com.squareup.retrofit2:retrofit@3.0.0 (alias retrofit2-retrofit),PAGE-ADDLINKACTIVITY-F9EC19DF
CAND-BR-0815,gradle/libs.versions.toml,PAGE-ADDLINKACTIVITY-F9EC19DF,dependency app.cash.sqldelight:android-driver:2.3.2,第三方依赖(catalog 定义，未见使用),版本目录库 app.cash.sqldelight:android-driver@2.3.2 (alias sqldelight-android-driver),PAGE-ADDLINKACTIVITY-F9EC19DF
CAND-BR-0816,gradle/libs.versions.toml,PAGE-ADDLINKACTIVITY-F9EC19DF,dependency app.cash.sqldelight:androidx-paging3-extensions:2.3.2,第三方依赖(catalog 定义，未见使用),版本目录库 app.cash.sqldelight:androidx-paging3-extensions@2.3.2 (alias sqldelight-androidx-paging-extensions),PAGE-ADDLINKACTIVITY-F9EC19DF
CAND-BR-0817,gradle/libs.versions.toml,PAGE-ADDLINKACTIVITY-F9EC19DF,dependency app.cash.sqldelight:coroutines-extensions:2.3.2,第三方依赖(catalog 定义，未见使用),版本目录库 app.cash.sqldelight:coroutines-extensions@2.3.2 (alias sqldelight-coroutines-extensions),PAGE-ADDLINKACTIVITY-F9EC19DF
CAND-BR-0818,gradle/libs.versions.toml,PAGE-ADDLINKACTIVITY-F9EC19DF,dependency app.cash.sqldelight:sqlite-driver:2.3.2,第三方依赖(catalog 定义，未见使用),版本目录库 app.cash.sqldelight:sqlite-driver@2.3.2 (alias sqldelight-sqlite-driver),PAGE-ADDLINKACTIVITY-F9EC19DF
CAND-BR-0819,gradle/libs.versions.toml,PAGE-ADDLINKACTIVITY-F9EC19DF,dependency androidx.test.espresso:espresso-core:,第三方依赖(catalog 定义，未见使用),版本目录库 androidx.test.espresso:espresso-core@ (alias tests-androidx-espresso-core),PAGE-ADDLINKACTIVITY-F9EC19DF
CAND-BR-0820,gradle/libs.versions.toml,PAGE-ADDLINKACTIVITY-F9EC19DF,dependency androidx.test.ext:junit:,第三方依赖(catalog 定义，未见使用),版本目录库 androidx.test.ext:junit@ (alias tests-androidx-test-ext),PAGE-ADDLINKACTIVITY-F9EC19DF
CAND-BR-0821,gradle/libs.versions.toml,PAGE-ADDLINKACTIVITY-F9EC19DF,dependency androidx.compose.ui:ui-test-junit4:,第三方依赖(catalog 定义，未见使用),版本目录库 androidx.compose.ui:ui-test-junit4@ (alias tests-androidx-ui-junit4),PAGE-ADDLINKACTIVITY-F9EC19DF
CAND-BR-0822,gradle/libs.versions.toml,PAGE-ADDLINKACTIVITY-F9EC19DF,dependency androidx.compose.ui:ui-test-manifest:,第三方依赖(catalog 定义，未见使用),版本目录库 androidx.compose.ui:ui-test-manifest@ (alias tests-androidx-ui-manifest),PAGE-ADDLINKACTIVITY-F9EC19DF
CAND-BR-0823,gradle/libs.versions.toml,PAGE-ADDLINKACTIVITY-F9EC19DF,dependency junit:junit:,第三方依赖(catalog 定义，未见使用),版本目录库 junit:junit@ (alias tests-junit),PAGE-ADDLINKACTIVITY-F9EC19DF
CAND-BR-0824,gradle/libs.versions.toml,PAGE-ADDLINKACTIVITY-F9EC19DF,dependency org.jetbrains.kotlinx:kotlinx-coroutines-test:1.10.2,第三方依赖(catalog 定义，未见使用),版本目录库 org.jetbrains.kotlinx:kotlinx-coroutines-test@1.10.2 (alias tests-kotlinx-coroutines),PAGE-ADDLINKACTIVITY-F9EC19DF
CAND-BR-0825,gradle/libs.versions.toml,PAGE-ADDLINKACTIVITY-F9EC19DF,dependency io.mockk:mockk-agent:1.14.9,第三方依赖(catalog 定义，未见使用),版本目录库 io.mockk:mockk-agent@1.14.9 (alias tests-mockk-agent),PAGE-ADDLINKACTIVITY-F9EC19DF
CAND-BR-0826,gradle/libs.versions.toml,PAGE-ADDLINKACTIVITY-F9EC19DF,dependency io.mockk:mockk-android:1.14.9,第三方依赖(catalog 定义，未见使用),版本目录库 io.mockk:mockk-android@1.14.9 (alias tests-mockk-android),PAGE-ADDLINKACTIVITY-F9EC19DF
CAND-BR-0827,gradle/libs.versions.toml,PAGE-ADDLINKACTIVITY-F9EC19DF,dependency io.mockk:mockk:1.14.9,第三方依赖(catalog 定义，未见使用),版本目录库 io.mockk:mockk@1.14.9 (alias tests-mockk-mockk),PAGE-ADDLINKACTIVITY-F9EC19DF
CAND-BR-0828,gradle/libs.versions.toml,PAGE-ADDLINKACTIVITY-F9EC19DF,dependency org.robolectric:robolectric:,第三方依赖(catalog 定义，未见使用),版本目录库 org.robolectric:robolectric@ (alias tests-robolectric),PAGE-ADDLINKACTIVITY-F9EC19DF
CAND-BR-0829,gradle/libs.versions.toml,PAGE-ADDLINKACTIVITY-F9EC19DF,dependency app.cash.turbine:turbine:,第三方依赖(catalog 定义，未见使用),版本目录库 app.cash.turbine:turbine@ (alias tests-turbine),PAGE-ADDLINKACTIVITY-F9EC19DF
CAND-BR-0830,gradle/libs.versions.toml,PAGE-ADDLINKACTIVITY-F9EC19DF,dependency androidx.work:work-testing:,第三方依赖(catalog 定义，未见使用),版本目录库 androidx.work:work-testing@ (alias tests-work-testing),PAGE-ADDLINKACTIVITY-F9EC19DF
CAND-BR-0831,gradle/libs.versions.toml,PAGE-ADDLINKACTIVITY-F9EC19DF,dependency com.github.gmazzo.okhttp.mock:mock-client:,第三方依赖(catalog 定义，未见使用),版本目录库 com.github.gmazzo.okhttp.mock:mock-client@ (alias tests-okhttp-mock),PAGE-ADDLINKACTIVITY-F9EC19DF
CAND-BR-0832,gradle/libs.versions.toml,PAGE-ADDLINKACTIVITY-F9EC19DF,dependency me.saket.telephoto:zoomable:0.19.0,第三方依赖(catalog 定义，未见使用),版本目录库 me.saket.telephoto:zoomable@0.19.0 (alias zoomable),PAGE-ADDLINKACTIVITY-F9EC19DF
CAND-BR-0833,gradle/libs.versions.toml,PAGE-ADDLINKACTIVITY-F9EC19DF,dependency me.saket.telephoto:zoomable-image-coil3:0.19.0,第三方依赖(catalog 定义，未见使用),版本目录库 me.saket.telephoto:zoomable-image-coil3@0.19.0 (alias zoomable-image-coil),PAGE-ADDLINKACTIVITY-F9EC19DF
