candidate_id,feature_id,page_id,state_id,state_expression,env_id,entry_condition,expected_observable,source_ref
CAND-INV-PAGE-ADDLINKACTIVITY-F9EC19DF-DEFAULT-ENV-001,FEAT-ADD-FEED,PAGE-ADDLINKACTIVITY-F9EC19DF,STATE-PAGE-ADDLINKACTIVITY-F9EC19DF-DEFAULT,DEFAULT,ENV-001,App launched / navigate to page,AddLinkActivity displayed,app/src/main/AndroidManifest.xml:49
CAND-INV-PAGE-BASEACTIVITY-1D0C5F78-DEFAULT-ENV-001,FEAT-LOCAL-ACCOUNT,PAGE-BASEACTIVITY-1D0C5F78,STATE-PAGE-BASEACTIVITY-1D0C5F78-DEFAULT,DEFAULT,ENV-001,App launched / navigate to page,BaseActivity displayed,app/src/main/java/com/capyreader/app/BaseActivity.kt:10
CAND-INV-PAGE-MAINACTIVITY-9E8FBE45-DEFAULT-ENV-001,FEAT-LOCAL-PERSISTENCE,PAGE-MAINACTIVITY-9E8FBE45,STATE-PAGE-MAINACTIVITY-9E8FBE45-DEFAULT,DEFAULT,ENV-001,App launched / navigate to page,MainActivity displayed,app/src/main/AndroidManifest.xml:37
CAND-INV-PAGE-OPENARTICLEINBROWSERACTIVITY-97F8E1E0-DEFAULT-ENV-001,FEAT-ARTICLE-READ,PAGE-OPENARTICLEINBROWSERACTIVITY-97F8E1E0,STATE-PAGE-OPENARTICLEINBROWSERACTIVITY-97F8E1E0-DEFAULT,DEFAULT,ENV-001,App launched / navigate to page,OpenArticleInBrowserActivity displayed,app/src/main/AndroidManifest.xml:63
CAND-INV-PAGE-ADDACCOUNTSCREEN-6F7C29A2-DEFAULT-ENV-001,FEAT-LOCAL-ACCOUNT,PAGE-ADDACCOUNTSCREEN-6F7C29A2,STATE-PAGE-ADDACCOUNTSCREEN-6F7C29A2-DEFAULT,DEFAULT,ENV-001,App launched / navigate to page,AddAccountScreen displayed,app/src/main/java/com/capyreader/app/ui/accounts/AddAccountScreen.kt:7
CAND-INV-PAGE-LOGINSCREEN-0AE12C1F-DEFAULT-ENV-001,FEAT-ONLINE-ACCOUNT-UI,PAGE-LOGINSCREEN-0AE12C1F,STATE-PAGE-LOGINSCREEN-0AE12C1F-DEFAULT,DEFAULT,ENV-001,App launched / navigate to page,LoginScreen displayed,app/src/main/java/com/capyreader/app/ui/accounts/LoginScreen.kt:7
CAND-INV-PAGE-MINISETTINGS-2235D2DC-DEFAULT-ENV-001,FEAT-LOCAL-ACCOUNT,PAGE-MINISETTINGS-2235D2DC,STATE-PAGE-MINISETTINGS-2235D2DC-DEFAULT,DEFAULT,ENV-001,App launched / navigate to page,MiniSettings displayed,app/src/main/java/com/capyreader/app/ui/accounts/MiniSettings.kt:41
CAND-INV-PAGE-ADDLINKSCREEN-C6EC3530-DEFAULT-ENV-001,FEAT-ADD-FEED,PAGE-ADDLINKSCREEN-C6EC3530,STATE-PAGE-ADDLINKSCREEN-C6EC3530-DEFAULT,DEFAULT,ENV-001,App launched / navigate to page,AddLinkScreen displayed,app/src/main/java/com/capyreader/app/ui/addintent/AddLinkScreen.kt:46
CAND-INV-PAGE-ADDFEEDDIALOG-AE3E11AE-DEFAULT-ENV-001,FEAT-ADD-FEED,PAGE-ADDFEEDDIALOG-AE3E11AE,STATE-PAGE-ADDFEEDDIALOG-AE3E11AE-DEFAULT,DEFAULT,ENV-001,App launched / navigate to page,AddFeedDialog displayed,app/src/main/java/com/capyreader/app/ui/articles/AddFeedDialog.kt:8
CAND-INV-PAGE-ADDFEEDVIEWPREVIEW-FULLSCREEN-D15B6218-DEFAULT-ENV-001,FEAT-LOCAL-ACCOUNT,PAGE-ADDFEEDVIEWPREVIEW-FULLSCREEN-D15B6218,STATE-PAGE-ADDFEEDVIEWPREVIEW-FULLSCREEN-D15B6218-DEFAULT,DEFAULT,ENV-001,App launched / navigate to page,AddFeedViewPreview_FullScreen displayed,app/src/main/java/com/capyreader/app/ui/articles/AddFeedView.kt:246
CAND-INV-PAGE-ARTICLESCREEN-5C3108E6-DEFAULT-ENV-001,FEAT-ARTICLE-LIST,PAGE-ARTICLESCREEN-5C3108E6,STATE-PAGE-ARTICLESCREEN-5C3108E6-DEFAULT,DEFAULT,ENV-001,App launched / navigate to page,ArticleScreen displayed,app/src/main/java/com/capyreader/app/ui/articles/ArticleScreen.kt:112
CAND-INV-PAGE-DELETEPAGEDIALOG-4F068C11-DEFAULT-ENV-001,FEAT-LOCAL-ACCOUNT,PAGE-DELETEPAGEDIALOG-4F068C11,STATE-PAGE-DELETEPAGEDIALOG-4F068C11-DEFAULT,DEFAULT,ENV-001,App launched / navigate to page,DeletePageDialog displayed,app/src/main/java/com/capyreader/app/ui/articles/DeletePageDialog.kt:10
CAND-INV-PAGE-EDITFOLDERDIALOG-F27DA060-DEFAULT-ENV-001,FEAT-ADD-FEED,PAGE-EDITFOLDERDIALOG-F27DA060,STATE-PAGE-EDITFOLDERDIALOG-F27DA060-DEFAULT,DEFAULT,ENV-001,App launched / navigate to page,EditFolderDialog displayed,app/src/main/java/com/capyreader/app/ui/articles/EditFolderDialog.kt:11
CAND-INV-PAGE-REMOVEFEEDDIALOG-27D785E1-DEFAULT-ENV-001,FEAT-ADD-FEED,PAGE-REMOVEFEEDDIALOG-27D785E1,STATE-PAGE-REMOVEFEEDDIALOG-27D785E1-DEFAULT,DEFAULT,ENV-001,App launched / navigate to page,RemoveFeedDialog displayed,app/src/main/java/com/capyreader/app/ui/articles/RemoveFeedDialog.kt:12
CAND-INV-PAGE-REMOVEFOLDERDIALOG-4DD52D00-DEFAULT-ENV-001,FEAT-ADD-FEED,PAGE-REMOVEFOLDERDIALOG-4DD52D00,STATE-PAGE-REMOVEFOLDERDIALOG-4DD52D00-DEFAULT,DEFAULT,ENV-001,App launched / navigate to page,RemoveFolderDialog displayed,app/src/main/java/com/capyreader/app/ui/articles/RemoveFolderDialog.kt:10
CAND-INV-PAGE-UNAUTHORIZEDALERTDIALOG-3DFDC4D3-DEFAULT-ENV-001,FEAT-LOCAL-ACCOUNT,PAGE-UNAUTHORIZEDALERTDIALOG-3DFDC4D3,STATE-PAGE-UNAUTHORIZEDALERTDIALOG-3DFDC4D3-DEFAULT,DEFAULT,ENV-001,App launched / navigate to page,UnauthorizedAlertDialog displayed,app/src/main/java/com/capyreader/app/ui/articles/UnauthorizedAlertDialog.kt:10
CAND-INV-PAGE-UPDATEAUTHDIALOG-139F8CE0-DEFAULT-ENV-001,FEAT-LOCAL-ACCOUNT,PAGE-UPDATEAUTHDIALOG-139F8CE0,STATE-PAGE-UPDATEAUTHDIALOG-139F8CE0-DEFAULT,DEFAULT,ENV-001,App launched / navigate to page,UpdateAuthDialog displayed,app/src/main/java/com/capyreader/app/ui/articles/UpdateAuthDialog.kt:13
CAND-INV-PAGE-ARTICLESTYLEPICKER-848F9DCA-DEFAULT-ENV-001,FEAT-SETTINGS,PAGE-ARTICLESTYLEPICKER-848F9DCA,STATE-PAGE-ARTICLESTYLEPICKER-848F9DCA-DEFAULT,DEFAULT,ENV-001,App launched / navigate to page,ArticleStylePicker displayed,app/src/main/java/com/capyreader/app/ui/articles/detail/ArticleStylePicker.kt:47
CAND-INV-PAGE-SHAREIMAGEDIALOG-2DE264D4-DEFAULT-ENV-001,FEAT-LOCAL-ACCOUNT,PAGE-SHAREIMAGEDIALOG-2DE264D4,STATE-PAGE-SHAREIMAGEDIALOG-2DE264D4-DEFAULT,DEFAULT,ENV-001,App launched / navigate to page,ShareImageDialog displayed,app/src/main/java/com/capyreader/app/ui/articles/detail/ShareImageDialog.kt:40
CAND-INV-PAGE-SHARELINKDIALOG-B04D3B89-DEFAULT-ENV-001,FEAT-LOCAL-ACCOUNT,PAGE-SHARELINKDIALOG-B04D3B89,STATE-PAGE-SHARELINKDIALOG-B04D3B89-DEFAULT,DEFAULT,ENV-001,App launched / navigate to page,ShareLinkDialog displayed,app/src/main/java/com/capyreader/app/ui/articles/detail/ShareLinkDialog.kt:31
CAND-INV-PAGE-EDITFEEDDIALOG-C1A5DAC4-DEFAULT-ENV-001,FEAT-ADD-FEED,PAGE-EDITFEEDDIALOG-C1A5DAC4,STATE-PAGE-EDITFEEDDIALOG-C1A5DAC4-DEFAULT,DEFAULT,ENV-001,App launched / navigate to page,EditFeedDialog displayed,app/src/main/java/com/capyreader/app/ui/articles/feeds/edit/EditFeedDialog.kt:12
CAND-INV-PAGE-LABELBOTTOMSHEET-0225305A-DEFAULT-ENV-001,FEAT-LOCAL-ACCOUNT,PAGE-LABELBOTTOMSHEET-0225305A,STATE-PAGE-LABELBOTTOMSHEET-0225305A-DEFAULT,DEFAULT,ENV-001,App launched / navigate to page,LabelBottomSheet displayed,app/src/main/java/com/capyreader/app/ui/articles/list/LabelBottomSheet.kt:46
CAND-INV-PAGE-CREATELABELDIALOG-8BF35E57-DEFAULT-ENV-001,FEAT-LOCAL-ACCOUNT,PAGE-CREATELABELDIALOG-8BF35E57,STATE-PAGE-CREATELABELDIALOG-8BF35E57-DEFAULT,DEFAULT,ENV-001,App launched / navigate to page,CreateLabelDialog displayed,app/src/main/java/com/capyreader/app/ui/articles/list/LabelBottomSheet.kt:128
CAND-INV-PAGE-MARKALLREADDIALOG-595EF225-DEFAULT-ENV-001,FEAT-READ-UNREAD,PAGE-MARKALLREADDIALOG-595EF225,STATE-PAGE-MARKALLREADDIALOG-595EF225-DEFAULT,DEFAULT,ENV-001,App launched / navigate to page,MarkAllReadDialog displayed,app/src/main/java/com/capyreader/app/ui/articles/list/MarkAllReadDialog.kt:14
CAND-INV-PAGE-IMAGEPAGE-93BF815D-DEFAULT-ENV-001,FEAT-ARTICLE-READ,PAGE-IMAGEPAGE-93BF815D,STATE-PAGE-IMAGEPAGE-93BF815D-DEFAULT,DEFAULT,ENV-001,App launched / navigate to page,ImagePage displayed,app/src/main/java/com/capyreader/app/ui/articles/media/ArticleMediaView.kt:167
CAND-INV-PAGE-THEMEPICKER-926677D4-DEFAULT-ENV-001,FEAT-SETTINGS,PAGE-THEMEPICKER-926677D4,STATE-PAGE-THEMEPICKER-926677D4-DEFAULT,DEFAULT,ENV-001,App launched / navigate to page,ThemePicker displayed,app/src/main/java/com/capyreader/app/ui/components/ThemePicker.kt:43
CAND-INV-PAGE-SETTINGSSCREEN-98D14FD2-DEFAULT-ENV-001,FEAT-SETTINGS,PAGE-SETTINGSSCREEN-98D14FD2,STATE-PAGE-SETTINGSSCREEN-98D14FD2-DEFAULT,DEFAULT,ENV-001,App launched / navigate to page,SettingsScreen displayed,app/src/main/java/com/capyreader/app/ui/settings/SettingsScreen.kt:5
CAND-INV-PAGE-ARTICLELISTSETTINGS-ACD03C79-DEFAULT-ENV-001,FEAT-LOCAL-ACCOUNT,PAGE-ARTICLELISTSETTINGS-ACD03C79,STATE-PAGE-ARTICLELISTSETTINGS-ACD03C79-DEFAULT,DEFAULT,ENV-001,App launched / navigate to page,ArticleListSettings displayed,app/src/main/java/com/capyreader/app/ui/settings/panels/ArticleListSettings.kt:66
CAND-INV-PAGE-LOGGEDOUTCONTENT-DD90C773-DEFAULT-ENV-001,FEAT-LOCAL-ACCOUNT,PAGE-LOGGEDOUTCONTENT-DD90C773,STATE-PAGE-LOGGEDOUTCONTENT-DD90C773-DEFAULT,DEFAULT,ENV-001,App launched / navigate to page,LoggedOutContent displayed,app/src/main/java/com/capyreader/app/ui/widget/SpotlightWidget.kt:105
CAND-INV-PAGE-ADDLINKACTIVITY-F9EC19DF-8998BEC0-ENV-001,FEAT-ADD-FEED,PAGE-ADDLINKACTIVITY-F9EC19DF,STATE-PAGE-ADDLINKACTIVITY-F9EC19DF-F-8998BEC0,intent.action,ENV-001,Satisfy intent.action,State intent.action visible,app/src/main/java/com/capyreader/app/ArticleStatusBroadcastReceiver.kt:23
CAND-INV-PAGE-BASEACTIVITY-1D0C5F78-AF5D84E4-ENV-001,FEAT-LOCAL-ACCOUNT,PAGE-BASEACTIVITY-1D0C5F78,STATE-PAGE-BASEACTIVITY-1D0C5F78-F-AF5D84E4,BuildConfig.DEBUG,ENV-001,Satisfy BuildConfig.DEBUG,State BuildConfig.DEBUG visible,app/src/main/java/com/capyreader/app/BaseActivity.kt:22
CAND-INV-PAGE-ADDLINKACTIVITY-F9EC19DF-32960E6D-ENV-001,FEAT-ADD-FEED,PAGE-ADDLINKACTIVITY-F9EC19DF,STATE-PAGE-ADDLINKACTIVITY-F9EC19DF-F-32960E6D,primary != language,ENV-001,Satisfy primary != language,State primary != language visible,app/src/main/java/com/capyreader/app/CommonModule.kt:47
CAND-INV-PAGE-ADDLINKACTIVITY-F9EC19DF-915DE3D3-ENV-001,FEAT-ADD-FEED,PAGE-ADDLINKACTIVITY-F9EC19DF,STATE-PAGE-ADDLINKACTIVITY-F9EC19DF-F-915DE3D3,Build.VERSION.SDK_INT >= Build.VERSION_CODES.VANILLA_ICE_CREAM,ENV-001,Satisfy Build.VERSION.SDK_INT >= Build.VERSION_C,State Build.VERSION.SDK_INT >= Build.VERSION_C visible,app/src/main/java/com/capyreader/app/MainApplication.kt:67
CAND-INV-PAGE-OPENARTICLEINBROWSERACTIVITY-97F8E1E0-9C4A1838-ENV-001,FEAT-ARTICLE-READ,PAGE-OPENARTICLEINBROWSERACTIVITY-97F8E1E0,STATE-PAGE-OPENARTICLEINBROWSERACTIVITY-97F8E1E0-F-9C4A1838,articleId != null,ENV-001,Satisfy articleId != null,State articleId != null visible,app/src/main/java/com/capyreader/app/OpenArticleInBrowserActivity.kt:20
CAND-INV-PAGE-OPENARTICLEINBROWSERACTIVITY-97F8E1E0-6B73549C-ENV-001,FEAT-ARTICLE-READ,PAGE-OPENARTICLEINBROWSERACTIVITY-97F8E1E0,STATE-PAGE-OPENARTICLEINBROWSERACTIVITY-97F8E1E0-F-6B73549C,articleUrl != null,ENV-001,Satisfy articleUrl != null,State articleUrl != null visible,app/src/main/java/com/capyreader/app/OpenArticleInBrowserActivity.kt:28
CAND-INV-PAGE-ADDLINKACTIVITY-F9EC19DF-FB0E1F10-ENV-001,FEAT-ADD-FEED,PAGE-ADDLINKACTIVITY-F9EC19DF,STATE-PAGE-ADDLINKACTIVITY-F9EC19DF-F-FB0E1F10,this,ENV-001,Satisfy this,State this visible,app/src/main/java/com/capyreader/app/common/AccountSourceTitleExt.kt:7
CAND-INV-PAGE-ADDLINKACTIVITY-F9EC19DF-85AA0786-ENV-001,FEAT-ADD-FEED,PAGE-ADDLINKACTIVITY-F9EC19DF,STATE-PAGE-ADDLINKACTIVITY-F9EC19DF-F-85AA0786,alias == certAlias,ENV-001,Satisfy alias == certAlias,State alias == certAlias visible,app/src/main/java/com/capyreader/app/common/AndroidClientCertManager.kt:37
CAND-INV-PAGE-ADDLINKACTIVITY-F9EC19DF-6432267B-ENV-001,FEAT-ADD-FEED,PAGE-ADDLINKACTIVITY-F9EC19DF,STATE-PAGE-ADDLINKACTIVITY-F9EC19DF-F-6432267B,alias == certAlias,ENV-001,Satisfy alias == certAlias,State alias == certAlias visible,app/src/main/java/com/capyreader/app/common/AndroidClientCertManager.kt:41
CAND-INV-PAGE-ADDLINKACTIVITY-F9EC19DF-B5D3E36D-ENV-001,FEAT-ADD-FEED,PAGE-ADDLINKACTIVITY-F9EC19DF,STATE-PAGE-ADDLINKACTIVITY-F9EC19DF-F-B5D3E36D,!BuildConfig.DEBUG,ENV-001,Satisfy !BuildConfig.DEBUG,State !BuildConfig.DEBUG visible,app/src/main/java/com/capyreader/app/common/AndroidLogging.kt:9
CAND-INV-PAGE-ADDLINKACTIVITY-F9EC19DF-915A7101-ENV-001,FEAT-ADD-FEED,PAGE-ADDLINKACTIVITY-F9EC19DF,STATE-PAGE-ADDLINKACTIVITY-F9EC19DF-F-915A7101,openInternally,ENV-001,Satisfy openInternally,State openInternally visible,app/src/main/java/com/capyreader/app/common/ContextOpenLinkExt.kt:16
CAND-INV-PAGE-ADDLINKACTIVITY-F9EC19DF-CC566B03-ENV-001,FEAT-ADD-FEED,PAGE-ADDLINKACTIVITY-F9EC19DF,STATE-PAGE-ADDLINKACTIVITY-F9EC19DF-F-CC566B03,openAdjacent,ENV-001,Satisfy openAdjacent,State openAdjacent visible,app/src/main/java/com/capyreader/app/common/ContextOpenLinkExt.kt:35
CAND-INV-PAGE-ADDLINKACTIVITY-F9EC19DF-11D7CF35-ENV-001,FEAT-ADD-FEED,PAGE-ADDLINKACTIVITY-F9EC19DF,STATE-PAGE-ADDLINKACTIVITY-F9EC19DF-F-11D7CF35,this,ENV-001,Satisfy this,State this visible,app/src/main/java/com/capyreader/app/common/ImagePreview.kt:12
CAND-INV-PAGE-ADDLINKACTIVITY-F9EC19DF-E551283D-ENV-001,FEAT-ADD-FEED,PAGE-ADDLINKACTIVITY-F9EC19DF,STATE-PAGE-ADDLINKACTIVITY-F9EC19DF-F-E551283D,uri.scheme,ENV-001,Satisfy uri.scheme,State uri.scheme visible,app/src/main/java/com/capyreader/app/logging/CrashLogExport.kt:69
CAND-INV-PAGE-ADDLINKACTIVITY-F9EC19DF-25CFFF89-ENV-001,FEAT-ADD-FEED,PAGE-ADDLINKACTIVITY-F9EC19DF,STATE-PAGE-ADDLINKACTIVITY-F9EC19DF-F-25CFFF89,openFromShowMore,ENV-001,Satisfy openFromShowMore,State openFromShowMore visible,app/src/main/java/com/capyreader/app/notifications/NotificationHelper.kt:165
CAND-INV-PAGE-ADDLINKACTIVITY-F9EC19DF-D59AFAE2-ENV-001,FEAT-ADD-FEED,PAGE-ADDLINKACTIVITY-F9EC19DF,STATE-PAGE-ADDLINKACTIVITY-F9EC19DF-F-D59AFAE2,openShowAll,ENV-001,Satisfy openShowAll,State openShowAll visible,app/src/main/java/com/capyreader/app/notifications/NotificationHelper.kt:173
CAND-INV-PAGE-ADDLINKACTIVITY-F9EC19DF-0F7F5ACE-ENV-001,FEAT-ADD-FEED,PAGE-ADDLINKACTIVITY-F9EC19DF,STATE-PAGE-ADDLINKACTIVITY-F9EC19DF-F-0F7F5ACE,articleID != null && feedID != null,ENV-001,Satisfy articleID != null && feedID != null,State articleID != null && feedID != null visible,app/src/main/java/com/capyreader/app/notifications/NotificationHelper.kt:181
CAND-INV-PAGE-ADDLINKACTIVITY-F9EC19DF-A435E2F4-ENV-001,FEAT-ADD-FEED,PAGE-ADDLINKACTIVITY-F9EC19DF,STATE-PAGE-ADDLINKACTIVITY-F9EC19DF-F-A435E2F4,this,ENV-001,Satisfy this,State this visible,app/src/main/java/com/capyreader/app/preferences/AfterReadAllBehavior.kt:11
CAND-INV-PAGE-ADDLINKACTIVITY-F9EC19DF-4C973A7E-ENV-001,FEAT-ADD-FEED,PAGE-ADDLINKACTIVITY-F9EC19DF,STATE-PAGE-ADDLINKACTIVITY-F9EC19DF-F-4C973A7E,this,ENV-001,Satisfy this,State this visible,app/src/main/java/com/capyreader/app/preferences/ArticleListVerticalSwipe.kt:11
CAND-INV-PAGE-ADDLINKACTIVITY-F9EC19DF-B85C7369-ENV-001,FEAT-ADD-FEED,PAGE-ADDLINKACTIVITY-F9EC19DF,STATE-PAGE-ADDLINKACTIVITY-F9EC19DF-F-B85C7369,this,ENV-001,Satisfy this,State this visible,app/src/main/java/com/capyreader/app/preferences/ArticleVerticalSwipe.kt:13
CAND-INV-PAGE-ADDLINKACTIVITY-F9EC19DF-24E91677-ENV-001,FEAT-ADD-FEED,PAGE-ADDLINKACTIVITY-F9EC19DF,STATE-PAGE-ADDLINKACTIVITY-F9EC19DF-F-24E91677,this,ENV-001,Satisfy this,State this visible,app/src/main/java/com/capyreader/app/preferences/BackAction.kt:11
CAND-INV-PAGE-ADDLINKACTIVITY-F9EC19DF-6FE6C980-ENV-001,FEAT-ADD-FEED,PAGE-ADDLINKACTIVITY-F9EC19DF,STATE-PAGE-ADDLINKACTIVITY-F9EC19DF-F-6FE6C980,this,ENV-001,Satisfy this,State this visible,app/src/main/java/com/capyreader/app/preferences/BadgeStyle.kt:10
CAND-INV-PAGE-ADDLINKACTIVITY-F9EC19DF-01D3FBCA-ENV-001,FEAT-ADD-FEED,PAGE-ADDLINKACTIVITY-F9EC19DF,STATE-PAGE-ADDLINKACTIVITY-F9EC19DF-F-01D3FBCA,this,ENV-001,Satisfy this,State this visible,app/src/main/java/com/capyreader/app/preferences/ReaderImageVisibility.kt:11
CAND-INV-PAGE-ADDLINKACTIVITY-F9EC19DF-B61D29C5-ENV-001,FEAT-ADD-FEED,PAGE-ADDLINKACTIVITY-F9EC19DF,STATE-PAGE-ADDLINKACTIVITY-F9EC19DF-F-B61D29C5,this,ENV-001,Satisfy this,State this visible,app/src/main/java/com/capyreader/app/preferences/RowSwipeOption.kt:12
CAND-INV-PAGE-ADDLINKACTIVITY-F9EC19DF-11841C79-ENV-001,FEAT-ADD-FEED,PAGE-ADDLINKACTIVITY-F9EC19DF,STATE-PAGE-ADDLINKACTIVITY-F9EC19DF-F-11841C79,this,ENV-001,Satisfy this,State this visible,app/src/main/java/com/capyreader/app/preferences/TextAlignmentExt.kt:11
CAND-INV-PAGE-ADDLINKACTIVITY-F9EC19DF-53AE4E90-ENV-001,FEAT-ADD-FEED,PAGE-ADDLINKACTIVITY-F9EC19DF,STATE-PAGE-ADDLINKACTIVITY-F9EC19DF-F-53AE4E90,this,ENV-001,Satisfy this,State this visible,app/src/main/java/com/capyreader/app/preferences/TextAlignmentExt.kt:17
CAND-INV-PAGE-ADDLINKACTIVITY-F9EC19DF-0CBD7BD5-ENV-001,FEAT-ADD-FEED,PAGE-ADDLINKACTIVITY-F9EC19DF,STATE-PAGE-ADDLINKACTIVITY-F9EC19DF-F-0CBD7BD5,this === MONET && Build.VERSION.SDK_INT < Build.VERSION_CODES.S,ENV-001,Satisfy this === MONET && Build.VERSION.SDK_INT ,State this === MONET && Build.VERSION.SDK_INT  visible,app/src/main/java/com/capyreader/app/preferences/ThemeOption.kt:44
CAND-INV-PAGE-ADDLINKACTIVITY-F9EC19DF-2FBC5CBB-ENV-001,FEAT-ADD-FEED,PAGE-ADDLINKACTIVITY-F9EC19DF,STATE-PAGE-ADDLINKACTIVITY-F9EC19DF-F-2FBC5CBB,this,ENV-001,Satisfy this,State this visible,app/src/main/java/com/capyreader/app/preferences/ThemeOption.kt:12
CAND-INV-PAGE-ADDLINKACTIVITY-F9EC19DF-4B9253B8-ENV-001,FEAT-ADD-FEED,PAGE-ADDLINKACTIVITY-F9EC19DF,STATE-PAGE-ADDLINKACTIVITY-F9EC19DF-F-4B9253B8,this,ENV-001,Satisfy this,State this visible,app/src/main/java/com/capyreader/app/preferences/ThemeOption.kt:31
CAND-INV-PAGE-ADDLINKACTIVITY-F9EC19DF-839ED386-ENV-001,FEAT-ADD-FEED,PAGE-ADDLINKACTIVITY-F9EC19DF,STATE-PAGE-ADDLINKACTIVITY-F9EC19DF-F-839ED386,this,ENV-001,Satisfy this,State this visible,app/src/main/java/com/capyreader/app/refresher/RefreshIntervalDurationExt.kt:7
CAND-INV-PAGE-ADDLINKACTIVITY-F9EC19DF-E35D3B58-ENV-001,FEAT-ADD-FEED,PAGE-ADDLINKACTIVITY-F9EC19DF,STATE-PAGE-ADDLINKACTIVITY-F9EC19DF-F-E35D3B58,interval == refreshInterval,ENV-001,Satisfy interval == refreshInterval,State interval == refreshInterval visible,app/src/main/java/com/capyreader/app/refresher/RefreshScheduler.kt:38
CAND-INV-PAGE-ADDLINKACTIVITY-F9EC19DF-CD9EEF6E-ENV-001,FEAT-ADD-FEED,PAGE-ADDLINKACTIVITY-F9EC19DF,STATE-PAGE-ADDLINKACTIVITY-F9EC19DF-F-CD9EEF6E,time == null,ENV-001,Satisfy time == null,State time == null visible,app/src/main/java/com/capyreader/app/refresher/RefreshScheduler.kt:48
CAND-INV-PAGE-ADDLINKACTIVITY-F9EC19DF-8D411F68-ENV-001,FEAT-ADD-FEED,PAGE-ADDLINKACTIVITY-F9EC19DF,STATE-PAGE-ADDLINKACTIVITY-F9EC19DF-F-8D411F68,this,ENV-001,Satisfy this,State this visible,app/src/main/java/com/capyreader/app/ui/AddFeedErrorMessage.kt:7
CAND-INV-PAGE-ADDLINKACTIVITY-F9EC19DF-05653436-ENV-001,FEAT-ADD-FEED,PAGE-ADDLINKACTIVITY-F9EC19DF,STATE-PAGE-ADDLINKACTIVITY-F9EC19DF-F-05653436,this,ENV-001,Satisfy this,State this visible,app/src/main/java/com/capyreader/app/ui/ArticleStatusNavigationTitleExt.kt:7
CAND-INV-PAGE-ADDLINKACTIVITY-F9EC19DF-4FF95A4D-ENV-001,FEAT-ADD-FEED,PAGE-ADDLINKACTIVITY-F9EC19DF,STATE-PAGE-ADDLINKACTIVITY-F9EC19DF-F-4FF95A4D,itemCount,ENV-001,Satisfy itemCount,State itemCount visible,app/src/main/java/com/capyreader/app/ui/LazyListStateExt.kt:17
CAND-INV-PAGE-ADDLINKACTIVITY-F9EC19DF-D6B5344B-ENV-001,FEAT-ADD-FEED,PAGE-ADDLINKACTIVITY-F9EC19DF,STATE-PAGE-ADDLINKACTIVITY-F9EC19DF-F-D6B5344B,this == Source.FRESHRSS,ENV-001,Satisfy this == Source.FRESHRSS,State this == Source.FRESHRSS visible,app/src/main/java/com/capyreader/app/ui/SourceNavigationTitleExt.kt:7
CAND-INV-PAGE-ADDLINKACTIVITY-F9EC19DF-83A6D3AC-ENV-001,FEAT-ADD-FEED,PAGE-ADDLINKACTIVITY-F9EC19DF,STATE-PAGE-ADDLINKACTIVITY-F9EC19DF-F-83A6D3AC,source,ENV-001,Satisfy source,State source visible,app/src/main/java/com/capyreader/app/ui/accounts/AccountRow.kt:50
CAND-INV-PAGE-ADDLINKACTIVITY-F9EC19DF-A919902C-ENV-001,FEAT-ADD-FEED,PAGE-ADDLINKACTIVITY-F9EC19DF,STATE-PAGE-ADDLINKACTIVITY-F9EC19DF-F-A919902C,CrashReporting.isAvailable,ENV-001,Satisfy CrashReporting.isAvailable,State CrashReporting.isAvailable visible,app/src/main/java/com/capyreader/app/ui/accounts/AddAccountView.kt:82
CAND-INV-PAGE-ADDLINKACTIVITY-F9EC19DF-5663B4FA-ENV-001,FEAT-ADD-FEED,PAGE-ADDLINKACTIVITY-F9EC19DF,STATE-PAGE-ADDLINKACTIVITY-F9EC19DF-F-5663B4FA,hasApiToken || showPassword,ENV-001,Satisfy hasApiToken || showPassword,State hasApiToken || showPassword visible,app/src/main/java/com/capyreader/app/ui/accounts/AuthFields.kt:86
CAND-INV-PAGE-ADDLINKACTIVITY-F9EC19DF-39E3F2FD-ENV-001,FEAT-ADD-FEED,PAGE-ADDLINKACTIVITY-F9EC19DF,STATE-PAGE-ADDLINKACTIVITY-F9EC19DF-F-39E3F2FD,source.requiresUsername,ENV-001,Satisfy source.requiresUsername,State source.requiresUsername visible,app/src/main/java/com/capyreader/app/ui/accounts/AuthFields.kt:101
CAND-INV-PAGE-ADDLINKACTIVITY-F9EC19DF-A28FE7A9-ENV-001,FEAT-ADD-FEED,PAGE-ADDLINKACTIVITY-F9EC19DF,STATE-PAGE-ADDLINKACTIVITY-F9EC19DF-F-A28FE7A9,hasApiToken,ENV-001,Satisfy hasApiToken,State hasApiToken visible,app/src/main/java/com/capyreader/app/ui/accounts/AuthFields.kt:122
CAND-INV-PAGE-ADDLINKACTIVITY-F9EC19DF-896EA2C1-ENV-001,FEAT-ADD-FEED,PAGE-ADDLINKACTIVITY-F9EC19DF,STATE-PAGE-ADDLINKACTIVITY-F9EC19DF-F-896EA2C1,showPassword,ENV-001,Satisfy showPassword,State showPassword visible,app/src/main/java/com/capyreader/app/ui/accounts/AuthFields.kt:159
CAND-INV-PAGE-ADDLINKACTIVITY-F9EC19DF-79DE5733-ENV-001,FEAT-ADD-FEED,PAGE-ADDLINKACTIVITY-F9EC19DF,STATE-PAGE-ADDLINKACTIVITY-F9EC19DF-F-79DE5733,showPassword,ENV-001,Satisfy showPassword,State showPassword visible,app/src/main/java/com/capyreader/app/ui/accounts/AuthFields.kt:165
CAND-INV-PAGE-ADDLINKACTIVITY-F9EC19DF-1A3BF469-ENV-001,FEAT-ADD-FEED,PAGE-ADDLINKACTIVITY-F9EC19DF,STATE-PAGE-ADDLINKACTIVITY-F9EC19DF-F-1A3BF469,showApiTokenToggle,ENV-001,Satisfy showApiTokenToggle,State showApiTokenToggle visible,app/src/main/java/com/capyreader/app/ui/accounts/AuthFields.kt:181
CAND-INV-PAGE-ADDLINKACTIVITY-F9EC19DF-7221BF9E-ENV-001,FEAT-ADD-FEED,PAGE-ADDLINKACTIVITY-F9EC19DF,STATE-PAGE-ADDLINKACTIVITY-F9EC19DF-F-7221BF9E,hasApiToken,ENV-001,Satisfy hasApiToken,State hasApiToken visible,app/src/main/java/com/capyreader/app/ui/accounts/AuthFields.kt:187
CAND-INV-PAGE-ADDLINKACTIVITY-F9EC19DF-856E1EC4-ENV-001,FEAT-ADD-FEED,PAGE-ADDLINKACTIVITY-F9EC19DF,STATE-PAGE-ADDLINKACTIVITY-F9EC19DF-F-856E1EC4,source.hasCustomURL,ENV-001,Satisfy source.hasCustomURL,State source.hasCustomURL visible,app/src/main/java/com/capyreader/app/ui/accounts/AuthFields.kt:197
CAND-INV-PAGE-ADDLINKACTIVITY-F9EC19DF-6B9CC405-ENV-001,FEAT-ADD-FEED,PAGE-ADDLINKACTIVITY-F9EC19DF,STATE-PAGE-ADDLINKACTIVITY-F9EC19DF-F-6B9CC405,it is PressInteraction.Release,ENV-001,Satisfy it is PressInteraction.Release,State it is PressInteraction.Release visible,app/src/main/java/com/capyreader/app/ui/accounts/AuthFields.kt:265
CAND-INV-PAGE-ADDLINKACTIVITY-F9EC19DF-BBF0BA41-ENV-001,FEAT-ADD-FEED,PAGE-ADDLINKACTIVITY-F9EC19DF,STATE-PAGE-ADDLINKACTIVITY-F9EC19DF-F-BBF0BA41,this,ENV-001,Satisfy this,State this visible,app/src/main/java/com/capyreader/app/ui/accounts/AuthFields.kt:333
CAND-INV-PAGE-ADDLINKACTIVITY-F9EC19DF-5C3D2AF1-ENV-001,FEAT-ADD-FEED,PAGE-ADDLINKACTIVITY-F9EC19DF,STATE-PAGE-ADDLINKACTIVITY-F9EC19DF-F-5C3D2AF1,this,ENV-001,Satisfy this,State this visible,app/src/main/java/com/capyreader/app/ui/accounts/AuthFields.kt:339
CAND-INV-PAGE-ADDLINKACTIVITY-F9EC19DF-35145C24-ENV-001,FEAT-ADD-FEED,PAGE-ADDLINKACTIVITY-F9EC19DF,STATE-PAGE-ADDLINKACTIVITY-F9EC19DF-F-35145C24,source.hasCustomURL,ENV-001,Satisfy source.hasCustomURL,State source.hasCustomURL visible,app/src/main/java/com/capyreader/app/ui/accounts/LoginView.kt:102
CAND-INV-PAGE-ADDLINKACTIVITY-F9EC19DF-D0AC1AFC-ENV-001,FEAT-ADD-FEED,PAGE-ADDLINKACTIVITY-F9EC19DF,STATE-PAGE-ADDLINKACTIVITY-F9EC19DF-F-D0AC1AFC,routeSource == Source.MINIFLUX && _useApiToken,ENV-001,Satisfy routeSource == Source.MINIFLUX && _useAp,State routeSource == Source.MINIFLUX && _useAp visible,app/src/main/java/com/capyreader/app/ui/accounts/LoginViewModel.kt:45
CAND-INV-PAGE-ADDLINKACTIVITY-F9EC19DF-98BD5730-ENV-001,FEAT-ADD-FEED,PAGE-ADDLINKACTIVITY-F9EC19DF,STATE-PAGE-ADDLINKACTIVITY-F9EC19DF-F-98BD5730,source,ENV-001,Satisfy source,State source visible,app/src/main/java/com/capyreader/app/ui/accounts/LoginViewModel.kt:133
CAND-INV-PAGE-MINISETTINGS-2235D2DC-92C70A84-ENV-001,FEAT-LOCAL-ACCOUNT,PAGE-MINISETTINGS-2235D2DC,STATE-PAGE-MINISETTINGS-2235D2DC-F-92C70A84,isOpen,ENV-001,Satisfy isOpen,State isOpen visible,app/src/main/java/com/capyreader/app/ui/accounts/MiniSettings.kt:58
CAND-INV-PAGE-MINISETTINGS-2235D2DC-B767B611-ENV-001,FEAT-LOCAL-ACCOUNT,PAGE-MINISETTINGS-2235D2DC,STATE-PAGE-MINISETTINGS-2235D2DC-F-B767B611,CrashReporting.isAvailable,ENV-001,Satisfy CrashReporting.isAvailable,State CrashReporting.isAvailable visible,app/src/main/java/com/capyreader/app/ui/accounts/MiniSettings.kt:86
CAND-INV-PAGE-ADDLINKACTIVITY-F9EC19DF-3F643A78-ENV-001,FEAT-ADD-FEED,PAGE-ADDLINKACTIVITY-F9EC19DF,STATE-PAGE-ADDLINKACTIVITY-F9EC19DF-F-3F643A78,source,ENV-001,Satisfy source,State source visible,app/src/main/java/com/capyreader/app/ui/accounts/ServiceSignup.kt:39
CAND-INV-PAGE-ADDLINKSCREEN-C6EC3530-5783D81E-ENV-001,FEAT-ADD-FEED,PAGE-ADDLINKSCREEN-C6EC3530,STATE-PAGE-ADDLINKSCREEN-C6EC3530-F-5783D81E,supportsReadLater && successMessage == null,ENV-001,Satisfy supportsReadLater && successMessage == n,State supportsReadLater && successMessage == n visible,app/src/main/java/com/capyreader/app/ui/addintent/AddLinkScreen.kt:142
CAND-INV-PAGE-ADDLINKSCREEN-C6EC3530-8C83E686-ENV-001,FEAT-ADD-FEED,PAGE-ADDLINKSCREEN-C6EC3530,STATE-PAGE-ADDLINKSCREEN-C6EC3530-F-8C83E686,successMessage != null,ENV-001,Satisfy successMessage != null,State successMessage != null visible,app/src/main/java/com/capyreader/app/ui/addintent/AddLinkScreen.kt:172
CAND-INV-PAGE-ADDLINKSCREEN-C6EC3530-A645C339-ENV-001,FEAT-ADD-FEED,PAGE-ADDLINKSCREEN-C6EC3530,STATE-PAGE-ADDLINKSCREEN-C6EC3530-F-A645C339,selectedTab,ENV-001,Satisfy selectedTab,State selectedTab visible,app/src/main/java/com/capyreader/app/ui/addintent/AddLinkScreen.kt:175
CAND-INV-PAGE-ADDLINKSCREEN-C6EC3530-5A044A8E-ENV-001,FEAT-ADD-FEED,PAGE-ADDLINKSCREEN-C6EC3530,STATE-PAGE-ADDLINKSCREEN-C6EC3530-F-5A044A8E,message,ENV-001,Satisfy message,State message visible,app/src/main/java/com/capyreader/app/ui/addintent/AddLinkScreen.kt:226
CAND-INV-PAGE-ADDLINKACTIVITY-F9EC19DF-62F75F92-ENV-001,FEAT-ADD-FEED,PAGE-ADDLINKACTIVITY-F9EC19DF,STATE-PAGE-ADDLINKACTIVITY-F9EC19DF-F-62F75F92,result is AddFeedResult.Success && account.source == Source.LOCAL,ENV-001,Satisfy result is AddFeedResult.Success && accou,State result is AddFeedResult.Success && accou visible,app/src/main/java/com/capyreader/app/ui/addintent/AddLinkViewModel.kt:76
CAND-INV-PAGE-ADDLINKACTIVITY-F9EC19DF-F43528B8-ENV-001,FEAT-ADD-FEED,PAGE-ADDLINKACTIVITY-F9EC19DF,STATE-PAGE-ADDLINKACTIVITY-F9EC19DF-F-F43528B8,exception is IOException,ENV-001,Satisfy exception is IOException,State exception is IOException visible,app/src/main/java/com/capyreader/app/ui/addintent/AddLinkViewModel.kt:110
CAND-INV-PAGE-ADDLINKACTIVITY-F9EC19DF-E77FC97E-ENV-001,FEAT-ADD-FEED,PAGE-ADDLINKACTIVITY-F9EC19DF,STATE-PAGE-ADDLINKACTIVITY-F9EC19DF-F-E77FC97E,result,ENV-001,Satisfy result,State result visible,app/src/main/java/com/capyreader/app/ui/addintent/AddLinkViewModel.kt:32
CAND-INV-PAGE-ADDLINKACTIVITY-F9EC19DF-A5F380F8-ENV-001,FEAT-ADD-FEED,PAGE-ADDLINKACTIVITY-F9EC19DF,STATE-PAGE-ADDLINKACTIVITY-F9EC19DF-F-A5F380F8,exception,ENV-001,Satisfy exception,State exception visible,app/src/main/java/com/capyreader/app/ui/addintent/AddLinkViewModel.kt:58
CAND-INV-PAGE-ADDLINKACTIVITY-F9EC19DF-330D2473-ENV-001,FEAT-ADD-FEED,PAGE-ADDLINKACTIVITY-F9EC19DF,STATE-PAGE-ADDLINKACTIVITY-F9EC19DF-F-330D2473,result,ENV-001,Satisfy result,State result visible,app/src/main/java/com/capyreader/app/ui/addintent/AddLinkViewModel.kt:81
CAND-INV-PAGE-ADDLINKACTIVITY-F9EC19DF-3BA8FCC9-ENV-001,FEAT-ADD-FEED,PAGE-ADDLINKACTIVITY-F9EC19DF,STATE-PAGE-ADDLINKACTIVITY-F9EC19DF-F-3BA8FCC9,loading,ENV-001,Satisfy loading,State loading visible,app/src/main/java/com/capyreader/app/ui/addintent/SavePageView.kt:74
CAND-INV-PAGE-ADDLINKACTIVITY-F9EC19DF-C94E2586-ENV-001,FEAT-ADD-FEED,PAGE-ADDLINKACTIVITY-F9EC19DF,STATE-PAGE-ADDLINKACTIVITY-F9EC19DF-F-C94E2586,it,ENV-001,Satisfy it,State it visible,app/src/main/java/com/capyreader/app/ui/addintent/SavePageView.kt:52
CAND-INV-PAGE-ADDLINKACTIVITY-F9EC19DF-3FF304D5-ENV-001,FEAT-ADD-FEED,PAGE-ADDLINKACTIVITY-F9EC19DF,STATE-PAGE-ADDLINKACTIVITY-F9EC19DF-F-3FF304D5,loading,ENV-001,Satisfy loading,State loading visible,app/src/main/java/com/capyreader/app/ui/addintent/SubscribeView.kt:91
CAND-INV-PAGE-ADDLINKACTIVITY-F9EC19DF-EC0C2D75-ENV-001,FEAT-ADD-FEED,PAGE-ADDLINKACTIVITY-F9EC19DF,STATE-PAGE-ADDLINKACTIVITY-F9EC19DF-F-EC0C2D75,singleOption,ENV-001,Satisfy singleOption,State singleOption visible,app/src/main/java/com/capyreader/app/ui/addintent/SubscribeView.kt:115
CAND-INV-PAGE-ADDLINKACTIVITY-F9EC19DF-4C25D22B-ENV-001,FEAT-ADD-FEED,PAGE-ADDLINKACTIVITY-F9EC19DF,STATE-PAGE-ADDLINKACTIVITY-F9EC19DF-F-4C25D22B,singleOption,ENV-001,Satisfy singleOption,State singleOption visible,app/src/main/java/com/capyreader/app/ui/addintent/SubscribeView.kt:123
CAND-INV-PAGE-ADDLINKACTIVITY-F9EC19DF-16DA6592-ENV-001,FEAT-ADD-FEED,PAGE-ADDLINKACTIVITY-F9EC19DF,STATE-PAGE-ADDLINKACTIVITY-F9EC19DF-F-16DA6592,!singleOption,ENV-001,Satisfy !singleOption,State !singleOption visible,app/src/main/java/com/capyreader/app/ui/addintent/SubscribeView.kt:139
CAND-INV-PAGE-ADDLINKACTIVITY-F9EC19DF-40B37488-ENV-001,FEAT-ADD-FEED,PAGE-ADDLINKACTIVITY-F9EC19DF,STATE-PAGE-ADDLINKACTIVITY-F9EC19DF-F-40B37488,singleOption,ENV-001,Satisfy singleOption,State singleOption visible,app/src/main/java/com/capyreader/app/ui/addintent/SubscribeView.kt:142
CAND-INV-PAGE-ADDLINKACTIVITY-F9EC19DF-F1A0BB80-ENV-001,FEAT-ADD-FEED,PAGE-ADDLINKACTIVITY-F9EC19DF,STATE-PAGE-ADDLINKACTIVITY-F9EC19DF-F-F1A0BB80,iconOnly,ENV-001,Satisfy iconOnly,State iconOnly visible,app/src/main/java/com/capyreader/app/ui/articles/AddFeedButton.kt:36
CAND-INV-PAGE-ADDLINKACTIVITY-F9EC19DF-A29F29D4-ENV-001,FEAT-ADD-FEED,PAGE-ADDLINKACTIVITY-F9EC19DF,STATE-PAGE-ADDLINKACTIVITY-F9EC19DF-F-A29F29D4,isDialogOpen,ENV-001,Satisfy isDialogOpen,State isDialogOpen visible,app/src/main/java/com/capyreader/app/ui/articles/AddFeedButton.kt:58
CAND-INV-PAGE-ADDLINKACTIVITY-F9EC19DF-3DC9005B-ENV-001,FEAT-ADD-FEED,PAGE-ADDLINKACTIVITY-F9EC19DF,STATE-PAGE-ADDLINKACTIVITY-F9EC19DF-F-3DC9005B,selectedOption != null,ENV-001,Satisfy selectedOption != null,State selectedOption != null visible,app/src/main/java/com/capyreader/app/ui/articles/AddFeedView.kt:72
CAND-INV-PAGE-ADDLINKACTIVITY-F9EC19DF-28E549EA-ENV-001,FEAT-ADD-FEED,PAGE-ADDLINKACTIVITY-F9EC19DF,STATE-PAGE-ADDLINKACTIVITY-F9EC19DF-F-28E549EA,loading,ENV-001,Satisfy loading,State loading visible,app/src/main/java/com/capyreader/app/ui/articles/AddFeedView.kt:108
CAND-INV-PAGE-ADDLINKACTIVITY-F9EC19DF-ADD21D17-ENV-001,FEAT-ADD-FEED,PAGE-ADDLINKACTIVITY-F9EC19DF,STATE-PAGE-ADDLINKACTIVITY-F9EC19DF-F-ADD21D17,condensed,ENV-001,Satisfy condensed,State condensed visible,app/src/main/java/com/capyreader/app/ui/articles/AddFeedView.kt:127
CAND-INV-PAGE-ADDLINKACTIVITY-F9EC19DF-AB0CDE88-ENV-001,FEAT-ADD-FEED,PAGE-ADDLINKACTIVITY-F9EC19DF,STATE-PAGE-ADDLINKACTIVITY-F9EC19DF-F-AB0CDE88,!condensed,ENV-001,Satisfy !condensed,State !condensed visible,app/src/main/java/com/capyreader/app/ui/articles/AddFeedView.kt:212
CAND-INV-PAGE-ADDLINKACTIVITY-F9EC19DF-A796C260-ENV-001,FEAT-ADD-FEED,PAGE-ADDLINKACTIVITY-F9EC19DF,STATE-PAGE-ADDLINKACTIVITY-F9EC19DF-F-A796C260,visible,ENV-001,Satisfy visible,State visible visible,app/src/main/java/com/capyreader/app/ui/articles/AddFeedView.kt:220
CAND-INV-PAGE-ADDLINKACTIVITY-F9EC19DF-B96B6EB8-ENV-001,FEAT-ADD-FEED,PAGE-ADDLINKACTIVITY-F9EC19DF,STATE-PAGE-ADDLINKACTIVITY-F9EC19DF-F-B96B6EB8,result is AddFeedResult.Success && account.source == Source.LOCAL,ENV-001,Satisfy result is AddFeedResult.Success && accou,State result is AddFeedResult.Success && accou visible,app/src/main/java/com/capyreader/app/ui/articles/AddFeedViewModel.kt:46
CAND-INV-PAGE-ADDLINKACTIVITY-F9EC19DF-24BE6C37-ENV-001,FEAT-ADD-FEED,PAGE-ADDLINKACTIVITY-F9EC19DF,STATE-PAGE-ADDLINKACTIVITY-F9EC19DF-F-24BE6C37,it,ENV-001,Satisfy it,State it visible,app/src/main/java/com/capyreader/app/ui/articles/AddFeedViewModel.kt:29
CAND-INV-PAGE-ADDLINKACTIVITY-F9EC19DF-872096A6-ENV-001,FEAT-ADD-FEED,PAGE-ADDLINKACTIVITY-F9EC19DF,STATE-PAGE-ADDLINKACTIVITY-F9EC19DF-F-872096A6,result,ENV-001,Satisfy result,State result visible,app/src/main/java/com/capyreader/app/ui/articles/AddFeedViewModel.kt:51
CAND-INV-PAGE-ADDLINKACTIVITY-F9EC19DF-1FCE1529-ENV-001,FEAT-ADD-FEED,PAGE-ADDLINKACTIVITY-F9EC19DF,STATE-PAGE-ADDLINKACTIVITY-F9EC19DF-F-1FCE1529,isReadLater,ENV-001,Satisfy isReadLater,State isReadLater visible,app/src/main/java/com/capyreader/app/ui/articles/ArticleDisplayFeedNameExt.kt:8
CAND-INV-PAGE-ADDLINKACTIVITY-F9EC19DF-B9610562-ENV-001,FEAT-ADD-FEED,PAGE-ADDLINKACTIVITY-F9EC19DF,STATE-PAGE-ADDLINKACTIVITY-F9EC19DF-F-B9610562,item == null,ENV-001,Satisfy item == null,State item == null visible,app/src/main/java/com/capyreader/app/ui/articles/ArticleList.kt:72
CAND-INV-PAGE-ADDLINKACTIVITY-F9EC19DF-9836290E-ENV-001,FEAT-ADD-FEED,PAGE-ADDLINKACTIVITY-F9EC19DF,STATE-PAGE-ADDLINKACTIVITY-F9EC19DF-F-9836290E,enableMarkReadOnScroll && articles.itemCount > 0,ENV-001,Satisfy enableMarkReadOnScroll && articles.itemC,State enableMarkReadOnScroll && articles.itemC visible,app/src/main/java/com/capyreader/app/ui/articles/ArticleList.kt:90
CAND-INV-PAGE-ADDLINKACTIVITY-F9EC19DF-CE084629-ENV-001,FEAT-ADD-FEED,PAGE-ADDLINKACTIVITY-F9EC19DF,STATE-PAGE-ADDLINKACTIVITY-F9EC19DF-F-CE084629,!enabled,ENV-001,Satisfy !enabled,State !enabled visible,app/src/main/java/com/capyreader/app/ui/articles/ArticleListBackHandler.kt:26
CAND-INV-PAGE-ADDLINKACTIVITY-F9EC19DF-012D3663-ENV-001,FEAT-ADD-FEED,PAGE-ADDLINKACTIVITY-F9EC19DF,STATE-PAGE-ADDLINKACTIVITY-F9EC19DF-F-012D3663,folderTitle != null,ENV-001,Satisfy folderTitle != null,State folderTitle != null visible,app/src/main/java/com/capyreader/app/ui/articles/ArticleListBackHandler.kt:42
CAND-INV-PAGE-ADDLINKACTIVITY-F9EC19DF-679120A9-ENV-001,FEAT-ADD-FEED,PAGE-ADDLINKACTIVITY-F9EC19DF,STATE-PAGE-ADDLINKACTIVITY-F9EC19DF-F-679120A9,filter,ENV-001,Satisfy filter,State filter visible,app/src/main/java/com/capyreader/app/ui/articles/ArticleListBackHandler.kt:39
CAND-INV-PAGE-ADDLINKACTIVITY-F9EC19DF-235580F8-ENV-001,FEAT-ADD-FEED,PAGE-ADDLINKACTIVITY-F9EC19DF,STATE-PAGE-ADDLINKACTIVITY-F9EC19DF-F-235580F8,this,ENV-001,Satisfy this,State this visible,app/src/main/java/com/capyreader/app/ui/articles/ArticleListFontScale.kt:17
CAND-INV-PAGE-ADDLINKACTIVITY-F9EC19DF-4DF06B76-ENV-001,FEAT-ADD-FEED,PAGE-ADDLINKACTIVITY-F9EC19DF,STATE-PAGE-ADDLINKACTIVITY-F9EC19DF-F-4DF06B76,showOnboarding,ENV-001,Satisfy showOnboarding,State showOnboarding visible,app/src/main/java/com/capyreader/app/ui/articles/ArticleListScaffold.kt:22
CAND-INV-PAGE-ADDLINKACTIVITY-F9EC19DF-2EB90E63-ENV-001,FEAT-ADD-FEED,PAGE-ADDLINKACTIVITY-F9EC19DF,STATE-PAGE-ADDLINKACTIVITY-F9EC19DF-F-2EB90E63,filter,ENV-001,Satisfy filter,State filter visible,app/src/main/java/com/capyreader/app/ui/articles/ArticlePagerFactory.kt:23
CAND-INV-PAGE-ADDLINKACTIVITY-F9EC19DF-E2B4F109-ENV-001,FEAT-ADD-FEED,PAGE-ADDLINKACTIVITY-F9EC19DF,STATE-PAGE-ADDLINKACTIVITY-F9EC19DF-F-E2B4F109,isFullscreen,ENV-001,Satisfy isFullscreen,State isFullscreen visible,app/src/main/java/com/capyreader/app/ui/articles/ArticlePaneExpansion.kt:45
CAND-INV-PAGE-ADDLINKACTIVITY-F9EC19DF-4124EE18-ENV-001,FEAT-ADD-FEED,PAGE-ADDLINKACTIVITY-F9EC19DF,STATE-PAGE-ADDLINKACTIVITY-F9EC19DF-F-4124EE18,isListFullscreen,ENV-001,Satisfy isListFullscreen,State isListFullscreen visible,app/src/main/java/com/capyreader/app/ui/articles/ArticlePaneExpansion.kt:54
CAND-INV-PAGE-ADDLINKACTIVITY-F9EC19DF-46A4C2C8-ENV-001,FEAT-ADD-FEED,PAGE-ADDLINKACTIVITY-F9EC19DF,STATE-PAGE-ADDLINKACTIVITY-F9EC19DF-F-46A4C2C8,isFullscreen,ENV-001,Satisfy isFullscreen,State isFullscreen visible,app/src/main/java/com/capyreader/app/ui/articles/ArticlePaneExpansion.kt:63
CAND-INV-PAGE-ADDLINKACTIVITY-F9EC19DF-D23BCEA5-ENV-001,FEAT-ADD-FEED,PAGE-ADDLINKACTIVITY-F9EC19DF,STATE-PAGE-ADDLINKACTIVITY-F9EC19DF-F-D23BCEA5,index in 1..listFullscreenIndex,ENV-001,Satisfy index in 1..listFullscreenIndex,State index in 1..listFullscreenIndex visible,app/src/main/java/com/capyreader/app/ui/articles/ArticlePaneExpansion.kt:93
CAND-INV-PAGE-ADDLINKACTIVITY-F9EC19DF-2F9EFC12-ENV-001,FEAT-ADD-FEED,PAGE-ADDLINKACTIVITY-F9EC19DF,STATE-PAGE-ADDLINKACTIVITY-F9EC19DF-F-2F9EFC12,options.shortenTitles,ENV-001,Satisfy options.shortenTitles,State options.shortenTitles visible,app/src/main/java/com/capyreader/app/ui/articles/ArticleRow.kt:135
CAND-INV-PAGE-ADDLINKACTIVITY-F9EC19DF-8E5480F6-ENV-001,FEAT-ADD-FEED,PAGE-ADDLINKACTIVITY-F9EC19DF,STATE-PAGE-ADDLINKACTIVITY-F9EC19DF-F-8E5480F6,deEmphasizeFontWeight,ENV-001,Satisfy deEmphasizeFontWeight,State deEmphasizeFontWeight visible,app/src/main/java/com/capyreader/app/ui/articles/ArticleRow.kt:137
CAND-INV-PAGE-ADDLINKACTIVITY-F9EC19DF-0275045A-ENV-001,FEAT-ADD-FEED,PAGE-ADDLINKACTIVITY-F9EC19DF,STATE-PAGE-ADDLINKACTIVITY-F9EC19DF-F-0275045A,options.showFeedName,ENV-001,Satisfy options.showFeedName,State options.showFeedName visible,app/src/main/java/com/capyreader/app/ui/articles/ArticleRow.kt:150
CAND-INV-PAGE-ADDLINKACTIVITY-F9EC19DF-7D18993F-ENV-001,FEAT-ADD-FEED,PAGE-ADDLINKACTIVITY-F9EC19DF,STATE-PAGE-ADDLINKACTIVITY-F9EC19DF-F-7D18993F,deEmphasizeFontWeight,ENV-001,Satisfy deEmphasizeFontWeight,State deEmphasizeFontWeight visible,app/src/main/java/com/capyreader/app/ui/articles/ArticleRow.kt:156
CAND-INV-PAGE-ADDLINKACTIVITY-F9EC19DF-3F40B028-ENV-001,FEAT-ADD-FEED,PAGE-ADDLINKACTIVITY-F9EC19DF,STATE-PAGE-ADDLINKACTIVITY-F9EC19DF-F-3F40B028,article.starred,ENV-001,Satisfy article.starred,State article.starred visible,app/src/main/java/com/capyreader/app/ui/articles/ArticleRow.kt:165
CAND-INV-PAGE-ADDLINKACTIVITY-F9EC19DF-74B93BFF-ENV-001,FEAT-ADD-FEED,PAGE-ADDLINKACTIVITY-F9EC19DF,STATE-PAGE-ADDLINKACTIVITY-F9EC19DF-F-74B93BFF,article.enclosureType == EnclosureType.AUDIO,ENV-001,Satisfy article.enclosureType == EnclosureType.A,State article.enclosureType == EnclosureType.A visible,app/src/main/java/com/capyreader/app/ui/articles/ArticleRow.kt:174
CAND-INV-PAGE-ADDLINKACTIVITY-F9EC19DF-40066487-ENV-001,FEAT-ADD-FEED,PAGE-ADDLINKACTIVITY-F9EC19DF,STATE-PAGE-ADDLINKACTIVITY-F9EC19DF-F-40066487,deEmphasizeFontWeight,ENV-001,Satisfy deEmphasizeFontWeight,State deEmphasizeFontWeight visible,app/src/main/java/com/capyreader/app/ui/articles/ArticleRow.kt:206
CAND-INV-PAGE-ADDLINKACTIVITY-F9EC19DF-FC932395-ENV-001,FEAT-ADD-FEED,PAGE-ADDLINKACTIVITY-F9EC19DF,STATE-PAGE-ADDLINKACTIVITY-F9EC19DF-F-FC932395,imageURL != null && options.imagePreview == ImagePreview.LARGE,ENV-001,Satisfy imageURL != null && options.imagePreview,State imageURL != null && options.imagePreview visible,app/src/main/java/com/capyreader/app/ui/articles/ArticleRow.kt:209
CAND-INV-PAGE-ADDLINKACTIVITY-F9EC19DF-47169C39-ENV-001,FEAT-ADD-FEED,PAGE-ADDLINKACTIVITY-F9EC19DF,STATE-PAGE-ADDLINKACTIVITY-F9EC19DF-F-47169C39,options.showIcon,ENV-001,Satisfy options.showIcon,State options.showIcon visible,app/src/main/java/com/capyreader/app/ui/articles/ArticleRow.kt:214
CAND-INV-PAGE-ADDLINKACTIVITY-F9EC19DF-73243F80-ENV-001,FEAT-ADD-FEED,PAGE-ADDLINKACTIVITY-F9EC19DF,STATE-PAGE-ADDLINKACTIVITY-F9EC19DF-F-73243F80,result.isSuccess,ENV-001,Satisfy result.isSuccess,State result.isSuccess visible,app/src/main/java/com/capyreader/app/ui/articles/ArticleRow.kt:254
CAND-INV-PAGE-ADDLINKACTIVITY-F9EC19DF-1A8B3A56-ENV-001,FEAT-ADD-FEED,PAGE-ADDLINKACTIVITY-F9EC19DF,STATE-PAGE-ADDLINKACTIVITY-F9EC19DF-F-1A8B3A56,imagePreview == ImagePreview.LARGE,ENV-001,Satisfy imagePreview == ImagePreview.LARGE,State imagePreview == ImagePreview.LARGE visible,app/src/main/java/com/capyreader/app/ui/articles/ArticleRow.kt:329
CAND-INV-PAGE-ADDLINKACTIVITY-F9EC19DF-009454D2-ENV-001,FEAT-ADD-FEED,PAGE-ADDLINKACTIVITY-F9EC19DF,STATE-PAGE-ADDLINKACTIVITY-F9EC19DF-F-009454D2,selected,ENV-001,Satisfy selected,State selected visible,app/src/main/java/com/capyreader/app/ui/articles/ArticleRow.kt:368
CAND-INV-PAGE-ADDLINKACTIVITY-F9EC19DF-72FBF54A-ENV-001,FEAT-ADD-FEED,PAGE-ADDLINKACTIVITY-F9EC19DF,STATE-PAGE-ADDLINKACTIVITY-F9EC19DF-F-72FBF54A,dimColors,ENV-001,Satisfy dimColors,State dimColors visible,app/src/main/java/com/capyreader/app/ui/articles/ArticleRow.kt:369
CAND-INV-PAGE-ADDLINKACTIVITY-F9EC19DF-F2815735-ENV-001,FEAT-ADD-FEED,PAGE-ADDLINKACTIVITY-F9EC19DF,STATE-PAGE-ADDLINKACTIVITY-F9EC19DF-F-F2815735,dimColors,ENV-001,Satisfy dimColors,State dimColors visible,app/src/main/java/com/capyreader/app/ui/articles/ArticleRow.kt:370
CAND-INV-PAGE-ADDLINKACTIVITY-F9EC19DF-CB40A8F1-ENV-001,FEAT-ADD-FEED,PAGE-ADDLINKACTIVITY-F9EC19DF,STATE-PAGE-ADDLINKACTIVITY-F9EC19DF-F-CB40A8F1,showAccentColor,ENV-001,Satisfy showAccentColor,State showAccentColor visible,app/src/main/java/com/capyreader/app/ui/articles/ArticleRow.kt:383
CAND-INV-PAGE-ADDLINKACTIVITY-F9EC19DF-A1DE8F0D-ENV-001,FEAT-ADD-FEED,PAGE-ADDLINKACTIVITY-F9EC19DF,STATE-PAGE-ADDLINKACTIVITY-F9EC19DF-F-A1DE8F0D,accentColor != null,ENV-001,Satisfy accentColor != null,State accentColor != null visible,app/src/main/java/com/capyreader/app/ui/articles/ArticleRow.kt:386
CAND-INV-PAGE-ADDLINKACTIVITY-F9EC19DF-74AA4962-ENV-001,FEAT-ADD-FEED,PAGE-ADDLINKACTIVITY-F9EC19DF,STATE-PAGE-ADDLINKACTIVITY-F9EC19DF-F-74AA4962,read,ENV-001,Satisfy read,State read visible,app/src/main/java/com/capyreader/app/ui/articles/ArticleRow.kt:387
CAND-INV-PAGE-ADDLINKACTIVITY-F9EC19DF-0F410A5C-ENV-001,FEAT-ADD-FEED,PAGE-ADDLINKACTIVITY-F9EC19DF,STATE-PAGE-ADDLINKACTIVITY-F9EC19DF-F-0F410A5C,read && !isMonochrome,ENV-001,Satisfy read && !isMonochrome,State read && !isMonochrome visible,app/src/main/java/com/capyreader/app/ui/articles/ArticleRow.kt:394
CAND-INV-PAGE-ADDLINKACTIVITY-F9EC19DF-4EE144B3-ENV-001,FEAT-ADD-FEED,PAGE-ADDLINKACTIVITY-F9EC19DF,STATE-PAGE-ADDLINKACTIVITY-F9EC19DF-F-4EE144B3,imagePreview,ENV-001,Satisfy imagePreview,State imagePreview visible,app/src/main/java/com/capyreader/app/ui/articles/ArticleRow.kt:272
CAND-INV-PAGE-ADDLINKACTIVITY-F9EC19DF-930D5BE7-ENV-001,FEAT-ADD-FEED,PAGE-ADDLINKACTIVITY-F9EC19DF,STATE-PAGE-ADDLINKACTIVITY-F9EC19DF-F-930D5BE7,imagePreview,ENV-001,Satisfy imagePreview,State imagePreview visible,app/src/main/java/com/capyreader/app/ui/articles/ArticleRow.kt:344
CAND-INV-PAGE-ARTICLESCREEN-5C3108E6-2667719C-ENV-001,FEAT-ARTICLE-LIST,PAGE-ARTICLESCREEN-5C3108E6,STATE-PAGE-ARTICLESCREEN-5C3108E6-F-2667719C,showMultipleColumns,ENV-001,Satisfy showMultipleColumns,State showMultipleColumns visible,app/src/main/java/com/capyreader/app/ui/articles/ArticleScreen.kt:233
CAND-INV-PAGE-ARTICLESCREEN-5C3108E6-70AE8594-ENV-001,FEAT-ARTICLE-LIST,PAGE-ARTICLESCREEN-5C3108E6,STATE-PAGE-ARTICLESCREEN-5C3108E6-F-70AE8594,index > -1,ENV-001,Satisfy index > -1,State index > -1 visible,app/src/main/java/com/capyreader/app/ui/articles/ArticleScreen.kt:242
CAND-INV-PAGE-ARTICLESCREEN-5C3108E6-FF2790E0-ENV-001,FEAT-ARTICLE-LIST,PAGE-ARTICLESCREEN-5C3108E6,STATE-PAGE-ARTICLESCREEN-5C3108E6-F-FF2790E0,!isItemVisible,ENV-001,Satisfy !isItemVisible,State !isItemVisible visible,app/src/main/java/com/capyreader/app/ui/articles/ArticleScreen.kt:246
CAND-INV-PAGE-ARTICLESCREEN-5C3108E6-E81864F5-ENV-001,FEAT-ARTICLE-LIST,PAGE-ARTICLESCREEN-5C3108E6,STATE-PAGE-ARTICLESCREEN-5C3108E6-F-E81864F5,refreshComplete && filter != scrolledFilter,ENV-001,Satisfy refreshComplete && filter != scrolledFil,State refreshComplete && filter != scrolledFil visible,app/src/main/java/com/capyreader/app/ui/articles/ArticleScreen.kt:284
CAND-INV-PAGE-ARTICLESCREEN-5C3108E6-D78E3581-ENV-001,FEAT-ARTICLE-LIST,PAGE-ARTICLESCREEN-5C3108E6,STATE-PAGE-ARTICLESCREEN-5C3108E6-F-D78E3581,range == MarkRead.All && confirmMarkAllReadEnabled,ENV-001,Satisfy range == MarkRead.All && confirmMarkAllR,State range == MarkRead.All && confirmMarkAllR visible,app/src/main/java/com/capyreader/app/ui/articles/ArticleScreen.kt:307
CAND-INV-PAGE-ARTICLESCREEN-5C3108E6-68284354-ENV-001,FEAT-ARTICLE-LIST,PAGE-ARTICLESCREEN-5C3108E6,STATE-PAGE-ARTICLESCREEN-5C3108E6-F-68284354,animateMarkRead,ENV-001,Satisfy animateMarkRead,State animateMarkRead visible,app/src/main/java/com/capyreader/app/ui/articles/ArticleScreen.kt:316
CAND-INV-PAGE-ARTICLESCREEN-5C3108E6-F0DC9D6B-ENV-001,FEAT-ARTICLE-LIST,PAGE-ARTICLESCREEN-5C3108E6,STATE-PAGE-ARTICLESCREEN-5C3108E6-F-F0DC9D6B,drawerState.isOpen,ENV-001,Satisfy drawerState.isOpen,State drawerState.isOpen visible,app/src/main/java/com/capyreader/app/ui/articles/ArticleScreen.kt:370
CAND-INV-PAGE-ARTICLESCREEN-5C3108E6-F9652775-ENV-001,FEAT-ARTICLE-LIST,PAGE-ARTICLESCREEN-5C3108E6,STATE-PAGE-ARTICLESCREEN-5C3108E6-F-F9652775,search.isActive,ENV-001,Satisfy search.isActive,State search.isActive visible,app/src/main/java/com/capyreader/app/ui/articles/ArticleScreen.kt:416
CAND-INV-PAGE-ARTICLESCREEN-5C3108E6-25DAFE1C-ENV-001,FEAT-ARTICLE-LIST,PAGE-ARTICLESCREEN-5C3108E6,STATE-PAGE-ARTICLESCREEN-5C3108E6-F-25DAFE1C,nextArticle.openInBrowser && url != null,ENV-001,Satisfy nextArticle.openInBrowser && url != null,State nextArticle.openInBrowser && url != null visible,app/src/main/java/com/capyreader/app/ui/articles/ArticleScreen.kt:421
CAND-INV-PAGE-ARTICLESCREEN-5C3108E6-BE3F4782-ENV-001,FEAT-ARTICLE-LIST,PAGE-ARTICLESCREEN-5C3108E6,STATE-PAGE-ARTICLESCREEN-5C3108E6-F-BE3F4782,search.isActive,ENV-001,Satisfy search.isActive,State search.isActive visible,app/src/main/java/com/capyreader/app/ui/articles/ArticleScreen.kt:533
CAND-INV-PAGE-ARTICLESCREEN-5C3108E6-83005174-ENV-001,FEAT-ARTICLE-LIST,PAGE-ARTICLESCREEN-5C3108E6,STATE-PAGE-ARTICLESCREEN-5C3108E6-F-83005174,markReadPosition == MarkReadPosition.FLOATING_ACTION_BUTTON,ENV-001,Satisfy markReadPosition == MarkReadPosition.FLO,State markReadPosition == MarkReadPosition.FLO visible,app/src/main/java/com/capyreader/app/ui/articles/ArticleScreen.kt:567
CAND-INV-PAGE-ARTICLESCREEN-5C3108E6-DB6681B6-ENV-001,FEAT-ARTICLE-LIST,PAGE-ARTICLESCREEN-5C3108E6,STATE-PAGE-ARTICLESCREEN-5C3108E6-F-DB6681B6,isRefreshInitialized && articles.itemCount == 0,ENV-001,Satisfy isRefreshInitialized && articles.itemCou,State isRefreshInitialized && articles.itemCou visible,app/src/main/java/com/capyreader/app/ui/articles/ArticleScreen.kt:612
CAND-INV-PAGE-ARTICLESCREEN-5C3108E6-DD59B9D1-ENV-001,FEAT-ARTICLE-LIST,PAGE-ARTICLESCREEN-5C3108E6,STATE-PAGE-ARTICLESCREEN-5C3108E6-F-DD59B9D1,article == null && showMultipleColumns,ENV-001,Satisfy article == null && showMultipleColumns,State article == null && showMultipleColumns visible,app/src/main/java/com/capyreader/app/ui/articles/ArticleScreen.kt:637
CAND-INV-PAGE-ARTICLESCREEN-5C3108E6-F0B989B2-ENV-001,FEAT-ARTICLE-LIST,PAGE-ARTICLESCREEN-5C3108E6,STATE-PAGE-ARTICLESCREEN-5C3108E6-F-F0B989B2,article != null,ENV-001,Satisfy article != null,State article != null visible,app/src/main/java/com/capyreader/app/ui/articles/ArticleScreen.kt:645
CAND-INV-PAGE-ARTICLESCREEN-5C3108E6-2AC6D59D-ENV-001,FEAT-ARTICLE-LIST,PAGE-ARTICLESCREEN-5C3108E6,STATE-PAGE-ARTICLESCREEN-5C3108E6-F-2AC6D59D,isOnList && article != null,ENV-001,Satisfy isOnList && article != null,State isOnList && article != null visible,app/src/main/java/com/capyreader/app/ui/articles/ArticleScreen.kt:687
CAND-INV-PAGE-ARTICLESCREEN-5C3108E6-C088C8FF-ENV-001,FEAT-ARTICLE-LIST,PAGE-ARTICLESCREEN-5C3108E6,STATE-PAGE-ARTICLESCREEN-5C3108E6-F-C088C8FF,isMarkAllReadDialogOpen,ENV-001,Satisfy isMarkAllReadDialogOpen,State isMarkAllReadDialogOpen visible,app/src/main/java/com/capyreader/app/ui/articles/ArticleScreen.kt:706
CAND-INV-PAGE-ARTICLESCREEN-5C3108E6-BB5D841E-ENV-001,FEAT-ARTICLE-LIST,PAGE-ARTICLESCREEN-5C3108E6,STATE-PAGE-ARTICLESCREEN-5C3108E6-F-BB5D841E,viewModel.showUnauthorizedMessage,ENV-001,Satisfy viewModel.showUnauthorizedMessage,State viewModel.showUnauthorizedMessage visible,app/src/main/java/com/capyreader/app/ui/articles/ArticleScreen.kt:718
CAND-INV-PAGE-ARTICLESCREEN-5C3108E6-823F448F-ENV-001,FEAT-ARTICLE-LIST,PAGE-ARTICLESCREEN-5C3108E6,STATE-PAGE-ARTICLESCREEN-5C3108E6-F-823F448F,isUpdatePasswordDialogOpen,ENV-001,Satisfy isUpdatePasswordDialogOpen,State isUpdatePasswordDialogOpen visible,app/src/main/java/com/capyreader/app/ui/articles/ArticleScreen.kt:725
CAND-INV-PAGE-ARTICLESCREEN-5C3108E6-A1CFEAA3-ENV-001,FEAT-ARTICLE-LIST,PAGE-ARTICLESCREEN-5C3108E6,STATE-PAGE-ARTICLESCREEN-5C3108E6-F-A1CFEAA3,enabled,ENV-001,Satisfy enabled,State enabled visible,app/src/main/java/com/capyreader/app/ui/articles/ArticleScreen.kt:918
CAND-INV-PAGE-ARTICLESCREEN-5C3108E6-E9F4E2AB-ENV-001,FEAT-ARTICLE-LIST,PAGE-ARTICLESCREEN-5C3108E6,STATE-PAGE-ARTICLESCREEN-5C3108E6-F-E9F4E2AB,scrolledPastIndex > scrollHighWaterMark && scrolledPastIndex < articles.itemCoun,ENV-001,Satisfy scrolledPastIndex > scrollHighWaterMark ,State scrolledPastIndex > scrollHighWaterMark  visible,app/src/main/java/com/capyreader/app/ui/articles/ArticleScreen.kt:948
CAND-INV-PAGE-ARTICLESCREEN-5C3108E6-EEE645DE-ENV-001,FEAT-ARTICLE-LIST,PAGE-ARTICLESCREEN-5C3108E6,STATE-PAGE-ARTICLESCREEN-5C3108E6-F-EEE645DE,boundaryArticle != null,ENV-001,Satisfy boundaryArticle != null,State boundaryArticle != null visible,app/src/main/java/com/capyreader/app/ui/articles/ArticleScreen.kt:951
CAND-INV-PAGE-ARTICLESCREEN-5C3108E6-AEF8682B-ENV-001,FEAT-ARTICLE-LIST,PAGE-ARTICLESCREEN-5C3108E6,STATE-PAGE-ARTICLESCREEN-5C3108E6-F-AEF8682B,swipeBottom,ENV-001,Satisfy swipeBottom,State swipeBottom visible,app/src/main/java/com/capyreader/app/ui/articles/ArticleScreen.kt:139
CAND-INV-PAGE-ARTICLESCREEN-5C3108E6-A805990E-ENV-001,FEAT-ARTICLE-LIST,PAGE-ARTICLESCREEN-5C3108E6,STATE-PAGE-ARTICLESCREEN-5C3108E6-F-A805990E,reason,ENV-001,Satisfy reason,State reason visible,app/src/main/java/com/capyreader/app/ui/articles/ArticleScreen.kt:271
CAND-INV-PAGE-ARTICLESCREEN-5C3108E6-BE383DDE-ENV-001,FEAT-ARTICLE-LIST,PAGE-ARTICLESCREEN-5C3108E6,STATE-PAGE-ARTICLESCREEN-5C3108E6-F-BE383DDE,swipeBottom,ENV-001,Satisfy swipeBottom,State swipeBottom visible,app/src/main/java/com/capyreader/app/ui/articles/ArticleScreen.kt:328
CAND-INV-PAGE-ADDLINKACTIVITY-F9EC19DF-E815A17B-ENV-001,FEAT-ADD-FEED,PAGE-ADDLINKACTIVITY-F9EC19DF,STATE-PAGE-ADDLINKACTIVITY-F9EC19DF-F-E815A17B,filter is ArticleFilter.Feeds,ENV-001,Satisfy filter is ArticleFilter.Feeds,State filter is ArticleFilter.Feeds visible,app/src/main/java/com/capyreader/app/ui/articles/ArticleScreenViewModel.kt:187
CAND-INV-PAGE-ADDLINKACTIVITY-F9EC19DF-C60F89C8-ENV-001,FEAT-ADD-FEED,PAGE-ADDLINKACTIVITY-F9EC19DF,STATE-PAGE-ADDLINKACTIVITY-F9EC19DF-F-C60F89C8,swipeBottom == ArticleListVerticalSwipe.DISABLED,ENV-001,Satisfy swipeBottom == ArticleListVerticalSwipe.,State swipeBottom == ArticleListVerticalSwipe. visible,app/src/main/java/com/capyreader/app/ui/articles/ArticleScreenViewModel.kt:218
CAND-INV-PAGE-ADDLINKACTIVITY-F9EC19DF-D7C27F0F-ENV-001,FEAT-ADD-FEED,PAGE-ADDLINKACTIVITY-F9EC19DF,STATE-PAGE-ADDLINKACTIVITY-F9EC19DF-F-D7C27F0F,found != null,ENV-001,Satisfy found != null,State found != null visible,app/src/main/java/com/capyreader/app/ui/articles/ArticleScreenViewModel.kt:223
CAND-INV-PAGE-ADDLINKACTIVITY-F9EC19DF-1087CA6B-ENV-001,FEAT-ADD-FEED,PAGE-ADDLINKACTIVITY-F9EC19DF,STATE-PAGE-ADDLINKACTIVITY-F9EC19DF-F-1087CA6B,match != null,ENV-001,Satisfy match != null,State match != null visible,app/src/main/java/com/capyreader/app/ui/articles/ArticleScreenViewModel.kt:245
CAND-INV-PAGE-ADDLINKACTIVITY-F9EC19DF-D96C46A5-ENV-001,FEAT-ADD-FEED,PAGE-ADDLINKACTIVITY-F9EC19DF,STATE-PAGE-ADDLINKACTIVITY-F9EC19DF-F-D96C46A5,syncFlushInterval != null,ENV-001,Satisfy syncFlushInterval != null,State syncFlushInterval != null visible,app/src/main/java/com/capyreader/app/ui/articles/ArticleScreenViewModel.kt:293
CAND-INV-PAGE-ADDLINKACTIVITY-F9EC19DF-51F79B28-ENV-001,FEAT-ADD-FEED,PAGE-ADDLINKACTIVITY-F9EC19DF,STATE-PAGE-ADDLINKACTIVITY-F9EC19DF-F-51F79B28,skipInitialRefresh,ENV-001,Satisfy skipInitialRefresh,State skipInitialRefresh visible,app/src/main/java/com/capyreader/app/ui/articles/ArticleScreenViewModel.kt:304
CAND-INV-PAGE-ADDLINKACTIVITY-F9EC19DF-E131DBA5-ENV-001,FEAT-ADD-FEED,PAGE-ADDLINKACTIVITY-F9EC19DF,STATE-PAGE-ADDLINKACTIVITY-F9EC19DF-F-E131DBA5,range != MarkRead.All,ENV-001,Satisfy range != MarkRead.All,State range != MarkRead.All visible,app/src/main/java/com/capyreader/app/ui/articles/ArticleScreenViewModel.kt:374
CAND-INV-PAGE-ADDLINKACTIVITY-F9EC19DF-2C711717-ENV-001,FEAT-ADD-FEED,PAGE-ADDLINKACTIVITY-F9EC19DF,STATE-PAGE-ADDLINKACTIVITY-F9EC19DF-F-2C711717,afterReadAll.value == AfterReadAllBehavior.OPEN_DRAWER,ENV-001,Satisfy afterReadAll.value == AfterReadAllBehavi,State afterReadAll.value == AfterReadAllBehavi visible,app/src/main/java/com/capyreader/app/ui/articles/ArticleScreenViewModel.kt:378
CAND-INV-PAGE-ADDLINKACTIVITY-F9EC19DF-A3FC6BAA-ENV-001,FEAT-ADD-FEED,PAGE-ADDLINKACTIVITY-F9EC19DF,STATE-PAGE-ADDLINKACTIVITY-F9EC19DF-F-A3FC6BAA,afterReadAll.value == AfterReadAllBehavior.OPEN_NEXT_FEED,ENV-001,Satisfy afterReadAll.value == AfterReadAllBehavi,State afterReadAll.value == AfterReadAllBehavi visible,app/src/main/java/com/capyreader/app/ui/articles/ArticleScreenViewModel.kt:380
CAND-INV-PAGE-ADDLINKACTIVITY-F9EC19DF-C868CD39-ENV-001,FEAT-ADD-FEED,PAGE-ADDLINKACTIVITY-F9EC19DF,STATE-PAGE-ADDLINKACTIVITY-F9EC19DF-F-C868CD39,throwable is UnauthorizedError && _showUnauthorizedMessage == UnauthorizedMessag,ENV-001,Satisfy throwable is UnauthorizedError && _showU,State throwable is UnauthorizedError && _showU visible,app/src/main/java/com/capyreader/app/ui/articles/ArticleScreenViewModel.kt:451
CAND-INV-PAGE-ADDLINKACTIVITY-F9EC19DF-23D24A85-ENV-001,FEAT-ADD-FEED,PAGE-ADDLINKACTIVITY-F9EC19DF,STATE-PAGE-ADDLINKACTIVITY-F9EC19DF-F-23D24A85,_refreshAllState.value == AngleRefreshState.RUNNING,ENV-001,Satisfy _refreshAllState.value == AngleRefreshSt,State _refreshAllState.value == AngleRefreshSt visible,app/src/main/java/com/capyreader/app/ui/articles/ArticleScreenViewModel.kt:477
CAND-INV-PAGE-ADDLINKACTIVITY-F9EC19DF-C0C46E6E-ENV-001,FEAT-ADD-FEED,PAGE-ADDLINKACTIVITY-F9EC19DF,STATE-PAGE-ADDLINKACTIVITY-F9EC19DF-F-C0C46E6E,index > _scrollHighWaterMark,ENV-001,Satisfy index > _scrollHighWaterMark,State index > _scrollHighWaterMark visible,app/src/main/java/com/capyreader/app/ui/articles/ArticleScreenViewModel.kt:497
CAND-INV-PAGE-ADDLINKACTIVITY-F9EC19DF-EB062D20-ENV-001,FEAT-ADD-FEED,PAGE-ADDLINKACTIVITY-F9EC19DF,STATE-PAGE-ADDLINKACTIVITY-F9EC19DF-F-EB062D20,_scrollHighWaterMark <= lastIndex,ENV-001,Satisfy _scrollHighWaterMark <= lastIndex,State _scrollHighWaterMark <= lastIndex visible,app/src/main/java/com/capyreader/app/ui/articles/ArticleScreenViewModel.kt:509
CAND-INV-PAGE-ADDLINKACTIVITY-F9EC19DF-829A0E91-ENV-001,FEAT-ADD-FEED,PAGE-ADDLINKACTIVITY-F9EC19DF,STATE-PAGE-ADDLINKACTIVITY-F9EC19DF-F-829A0E91,isPullToRefreshing,ENV-001,Satisfy isPullToRefreshing,State isPullToRefreshing visible,app/src/main/java/com/capyreader/app/ui/articles/ArticleScreenViewModel.kt:530
CAND-INV-PAGE-ADDLINKACTIVITY-F9EC19DF-281387A7-ENV-001,FEAT-ADD-FEED,PAGE-ADDLINKACTIVITY-F9EC19DF,STATE-PAGE-ADDLINKACTIVITY-F9EC19DF-F-281387A7,_refreshAllState.value == AngleRefreshState.RUNNING,ENV-001,Satisfy _refreshAllState.value == AngleRefreshSt,State _refreshAllState.value == AngleRefreshSt visible,app/src/main/java/com/capyreader/app/ui/articles/ArticleScreenViewModel.kt:535
CAND-INV-PAGE-ADDLINKACTIVITY-F9EC19DF-91698060-ENV-001,FEAT-ADD-FEED,PAGE-ADDLINKACTIVITY-F9EC19DF,STATE-PAGE-ADDLINKACTIVITY-F9EC19DF-F-91698060,_article?.id == articleID,ENV-001,Satisfy _article?.id == articleID,State _article?.id == articleID visible,app/src/main/java/com/capyreader/app/ui/articles/ArticleScreenViewModel.kt:574
CAND-INV-PAGE-ADDLINKACTIVITY-F9EC19DF-44DF0370-ENV-001,FEAT-ADD-FEED,PAGE-ADDLINKACTIVITY-F9EC19DF,STATE-PAGE-ADDLINKACTIVITY-F9EC19DF-F-44DF0370,article.fullContent == Article.FullContentState.LOADING,ENV-001,Satisfy article.fullContent == Article.FullConte,State article.fullContent == Article.FullConte visible,app/src/main/java/com/capyreader/app/ui/articles/ArticleScreenViewModel.kt:590
CAND-INV-PAGE-ADDLINKACTIVITY-F9EC19DF-6FE0520C-ENV-001,FEAT-ADD-FEED,PAGE-ADDLINKACTIVITY-F9EC19DF,STATE-PAGE-ADDLINKACTIVITY-F9EC19DF-F-6FE0520C,article.read,ENV-001,Satisfy article.read,State article.read visible,app/src/main/java/com/capyreader/app/ui/articles/ArticleScreenViewModel.kt:601
CAND-INV-PAGE-ADDLINKACTIVITY-F9EC19DF-16128574-ENV-001,FEAT-ADD-FEED,PAGE-ADDLINKACTIVITY-F9EC19DF,STATE-PAGE-ADDLINKACTIVITY-F9EC19DF-F-16128574,article.starred,ENV-001,Satisfy article.starred,State article.starred visible,app/src/main/java/com/capyreader/app/ui/articles/ArticleScreenViewModel.kt:615
CAND-INV-PAGE-ADDLINKACTIVITY-F9EC19DF-61EDEA7E-ENV-001,FEAT-ADD-FEED,PAGE-ADDLINKACTIVITY-F9EC19DF,STATE-PAGE-ADDLINKACTIVITY-F9EC19DF-F-61EDEA7E,articleID == article.id,ENV-001,Satisfy articleID == article.id,State articleID == article.id visible,app/src/main/java/com/capyreader/app/ui/articles/ArticleScreenViewModel.kt:707
CAND-INV-PAGE-ADDLINKACTIVITY-F9EC19DF-7D1E34D5-ENV-001,FEAT-ADD-FEED,PAGE-ADDLINKACTIVITY-F9EC19DF,STATE-PAGE-ADDLINKACTIVITY-F9EC19DF-F-7D1E34D5,articleID == article.id,ENV-001,Satisfy articleID == article.id,State articleID == article.id visible,app/src/main/java/com/capyreader/app/ui/articles/ArticleScreenViewModel.kt:715
CAND-INV-PAGE-ADDLINKACTIVITY-F9EC19DF-5CB1BFA0-ENV-001,FEAT-ADD-FEED,PAGE-ADDLINKACTIVITY-F9EC19DF,STATE-PAGE-ADDLINKACTIVITY-F9EC19DF-F-5CB1BFA0,enableStickyFullContent && article.enableStickyFullContent,ENV-001,Satisfy enableStickyFullContent && article.enabl,State enableStickyFullContent && article.enabl visible,app/src/main/java/com/capyreader/app/ui/articles/ArticleScreenViewModel.kt:761
CAND-INV-PAGE-ADDLINKACTIVITY-F9EC19DF-F08937B4-ENV-001,FEAT-ADD-FEED,PAGE-ADDLINKACTIVITY-F9EC19DF,STATE-PAGE-ADDLINKACTIVITY-F9EC19DF-F-F08937B4,enableStickyFullContent,ENV-001,Satisfy enableStickyFullContent,State enableStickyFullContent visible,app/src/main/java/com/capyreader/app/ui/articles/ArticleScreenViewModel.kt:801
CAND-INV-PAGE-ADDLINKACTIVITY-F9EC19DF-49A56B13-ENV-001,FEAT-ADD-FEED,PAGE-ADDLINKACTIVITY-F9EC19DF,STATE-PAGE-ADDLINKACTIVITY-F9EC19DF-F-49A56B13,_article?.id == article.id,ENV-001,Satisfy _article?.id == article.id,State _article?.id == article.id visible,app/src/main/java/com/capyreader/app/ui/articles/ArticleScreenViewModel.kt:812
CAND-INV-PAGE-ADDLINKACTIVITY-F9EC19DF-27A0A000-ENV-001,FEAT-ADD-FEED,PAGE-ADDLINKACTIVITY-F9EC19DF,STATE-PAGE-ADDLINKACTIVITY-F9EC19DF-F-27A0A000,_article?.id != article.id,ENV-001,Satisfy _article?.id != article.id,State _article?.id != article.id visible,app/src/main/java/com/capyreader/app/ui/articles/ArticleScreenViewModel.kt:820
CAND-INV-PAGE-ADDLINKACTIVITY-F9EC19DF-597C04A6-ENV-001,FEAT-ADD-FEED,PAGE-ADDLINKACTIVITY-F9EC19DF,STATE-PAGE-ADDLINKACTIVITY-F9EC19DF-F-597C04A6,nextItem != null,ENV-001,Satisfy nextItem != null,State nextItem != null visible,app/src/main/java/com/capyreader/app/ui/articles/ArticleScreenViewModel.kt:854
CAND-INV-PAGE-ADDLINKACTIVITY-F9EC19DF-4285E38E-ENV-001,FEAT-ADD-FEED,PAGE-ADDLINKACTIVITY-F9EC19DF,STATE-PAGE-ADDLINKACTIVITY-F9EC19DF-F-4285E38E,latestFilter.status == UNREAD,ENV-001,Satisfy latestFilter.status == UNREAD,State latestFilter.status == UNREAD visible,app/src/main/java/com/capyreader/app/ui/articles/ArticleScreenViewModel.kt:857
CAND-INV-PAGE-ADDLINKACTIVITY-F9EC19DF-6567C0F9-ENV-001,FEAT-ADD-FEED,PAGE-ADDLINKACTIVITY-F9EC19DF,STATE-PAGE-ADDLINKACTIVITY-F9EC19DF-F-6567C0F9,fullContent,ENV-001,Satisfy fullContent,State fullContent visible,app/src/main/java/com/capyreader/app/ui/articles/ArticleScreenViewModel.kt:767
CAND-INV-PAGE-ADDLINKACTIVITY-F9EC19DF-436CEC16-ENV-001,FEAT-ADD-FEED,PAGE-ADDLINKACTIVITY-F9EC19DF,STATE-PAGE-ADDLINKACTIVITY-F9EC19DF-F-436CEC16,throwable,ENV-001,Satisfy throwable,State throwable visible,app/src/main/java/com/capyreader/app/ui/articles/ArticleScreenViewModel.kt:948
CAND-INV-PAGE-ADDLINKACTIVITY-F9EC19DF-5FD9AA83-ENV-001,FEAT-ADD-FEED,PAGE-ADDLINKACTIVITY-F9EC19DF,STATE-PAGE-ADDLINKACTIVITY-F9EC19DF-F-5FD9AA83,filter.status,ENV-001,Satisfy filter.status,State filter.status visible,app/src/main/java/com/capyreader/app/ui/articles/ArticleScreenViewModel.kt:960
CAND-INV-PAGE-ADDLINKACTIVITY-F9EC19DF-5DB0BA2A-ENV-001,FEAT-ADD-FEED,PAGE-ADDLINKACTIVITY-F9EC19DF,STATE-PAGE-ADDLINKACTIVITY-F9EC19DF-F-5DB0BA2A,buttonStatus != status,ENV-001,Satisfy buttonStatus != status,State buttonStatus != status visible,app/src/main/java/com/capyreader/app/ui/articles/ArticleStatusBar.kt:26
CAND-INV-PAGE-ADDLINKACTIVITY-F9EC19DF-7A121B50-ENV-001,FEAT-ADD-FEED,PAGE-ADDLINKACTIVITY-F9EC19DF,STATE-PAGE-ADDLINKACTIVITY-F9EC19DF-F-7A121B50,index,ENV-001,Satisfy index,State index visible,app/src/main/java/com/capyreader/app/ui/articles/ArticleStatusBar.kt:31
CAND-INV-PAGE-ADDLINKACTIVITY-F9EC19DF-CCEA7739-ENV-001,FEAT-ADD-FEED,PAGE-ADDLINKACTIVITY-F9EC19DF,STATE-PAGE-ADDLINKACTIVITY-F9EC19DF-F-CCEA7739,status,ENV-001,Satisfy status,State status visible,app/src/main/java/com/capyreader/app/ui/articles/ArticleStatusIcon.kt:13
CAND-INV-PAGE-ADDLINKACTIVITY-F9EC19DF-E769CBD0-ENV-001,FEAT-ADD-FEED,PAGE-ADDLINKACTIVITY-F9EC19DF,STATE-PAGE-ADDLINKACTIVITY-F9EC19DF-F-E769CBD0,count < 1,ENV-001,Satisfy count < 1,State count < 1 visible,app/src/main/java/com/capyreader/app/ui/articles/CountBadge.kt:18
CAND-INV-PAGE-ADDLINKACTIVITY-F9EC19DF-ECB452CD-ENV-001,FEAT-ADD-FEED,PAGE-ADDLINKACTIVITY-F9EC19DF,STATE-PAGE-ADDLINKACTIVITY-F9EC19DF-F-ECB452CD,!showBadge,ENV-001,Satisfy !showBadge,State !showBadge visible,app/src/main/java/com/capyreader/app/ui/articles/CountBadge.kt:25
CAND-INV-PAGE-ADDLINKACTIVITY-F9EC19DF-A18E5EF3-ENV-001,FEAT-ADD-FEED,PAGE-ADDLINKACTIVITY-F9EC19DF,STATE-PAGE-ADDLINKACTIVITY-F9EC19DF-F-A18E5EF3,LocalBadgeStyle.current,ENV-001,Satisfy LocalBadgeStyle.current,State LocalBadgeStyle.current visible,app/src/main/java/com/capyreader/app/ui/articles/CountBadge.kt:22
CAND-INV-PAGE-EDITFOLDERDIALOG-F27DA060-96B5CEC3-ENV-001,FEAT-ADD-FEED,PAGE-EDITFOLDERDIALOG-F27DA060,STATE-PAGE-EDITFOLDERDIALOG-F27DA060-F-96B5CEC3,isOpen,ENV-001,Satisfy isOpen,State isOpen visible,app/src/main/java/com/capyreader/app/ui/articles/EditFolderDialog.kt:29
CAND-INV-PAGE-ADDLINKACTIVITY-F9EC19DF-FA96DE58-ENV-001,FEAT-ADD-FEED,PAGE-ADDLINKACTIVITY-F9EC19DF,STATE-PAGE-ADDLINKACTIVITY-F9EC19DF-F-FA96DE58,filter is ArticleFilter.Folders,ENV-001,Satisfy filter is ArticleFilter.Folders,State filter is ArticleFilter.Folders visible,app/src/main/java/com/capyreader/app/ui/articles/EditFolderViewModel.kt:25
CAND-INV-PAGE-ADDLINKACTIVITY-F9EC19DF-CBB61483-ENV-001,FEAT-ADD-FEED,PAGE-ADDLINKACTIVITY-F9EC19DF,STATE-PAGE-ADDLINKACTIVITY-F9EC19DF-F-CBB61483,isDark,ENV-001,Satisfy isDark,State isDark visible,app/src/main/java/com/capyreader/app/ui/articles/FaviconColorCache.kt:26
CAND-INV-PAGE-ADDLINKACTIVITY-F9EC19DF-AF6653E8-ENV-001,FEAT-ADD-FEED,PAGE-ADDLINKACTIVITY-F9EC19DF,STATE-PAGE-ADDLINKACTIVITY-F9EC19DF-F-AF6653E8,showMarkAllRead,ENV-001,Satisfy showMarkAllRead,State showMarkAllRead visible,app/src/main/java/com/capyreader/app/ui/articles/FeedActionMenuItems.kt:34
CAND-INV-PAGE-ADDLINKACTIVITY-F9EC19DF-8309D2F8-ENV-001,FEAT-ADD-FEED,PAGE-ADDLINKACTIVITY-F9EC19DF,STATE-PAGE-ADDLINKACTIVITY-F9EC19DF-F-8309D2F8,!feed.isReadLater,ENV-001,Satisfy !feed.isReadLater,State !feed.isReadLater visible,app/src/main/java/com/capyreader/app/ui/articles/FeedActionMenuItems.kt:45
CAND-INV-PAGE-ADDLINKACTIVITY-F9EC19DF-36F37D8C-ENV-001,FEAT-ADD-FEED,PAGE-ADDLINKACTIVITY-F9EC19DF,STATE-PAGE-ADDLINKACTIVITY-F9EC19DF-F-36F37D8C,showMarkAllRead,ENV-001,Satisfy showMarkAllRead,State showMarkAllRead visible,app/src/main/java/com/capyreader/app/ui/articles/FeedActionMenuItems.kt:46
CAND-INV-PAGE-ADDLINKACTIVITY-F9EC19DF-CDC3211D-ENV-001,FEAT-ADD-FEED,PAGE-ADDLINKACTIVITY-F9EC19DF,STATE-PAGE-ADDLINKACTIVITY-F9EC19DF-F-CDC3211D,showReloadIcon,ENV-001,Satisfy showReloadIcon,State showReloadIcon visible,app/src/main/java/com/capyreader/app/ui/articles/FeedActionMenuItems.kt:58
CAND-INV-PAGE-ADDLINKACTIVITY-F9EC19DF-8C0507CF-ENV-001,FEAT-ADD-FEED,PAGE-ADDLINKACTIVITY-F9EC19DF,STATE-PAGE-ADDLINKACTIVITY-F9EC19DF-F-8C0507CF,feed.openArticlesInBrowser,ENV-001,Satisfy feed.openArticlesInBrowser,State feed.openArticlesInBrowser visible,app/src/main/java/com/capyreader/app/ui/articles/FeedActionMenuItems.kt:81
CAND-INV-PAGE-ADDLINKACTIVITY-F9EC19DF-77B4628C-ENV-001,FEAT-ADD-FEED,PAGE-ADDLINKACTIVITY-F9EC19DF,STATE-PAGE-ADDLINKACTIVITY-F9EC19DF-F-77B4628C,LocalBadgeStyle.current == BadgeStyle.SIMPLE,ENV-001,Satisfy LocalBadgeStyle.current == BadgeStyle.SI,State LocalBadgeStyle.current == BadgeStyle.SI visible,app/src/main/java/com/capyreader/app/ui/articles/FeedActionMenuItems.kt:94
CAND-INV-PAGE-ADDLINKACTIVITY-F9EC19DF-DE6F5728-ENV-001,FEAT-ADD-FEED,PAGE-ADDLINKACTIVITY-F9EC19DF,STATE-PAGE-ADDLINKACTIVITY-F9EC19DF-F-DE6F5728,feed.showUnreadBadge,ENV-001,Satisfy feed.showUnreadBadge,State feed.showUnreadBadge visible,app/src/main/java/com/capyreader/app/ui/articles/FeedActionMenuItems.kt:96
CAND-INV-PAGE-ADDLINKACTIVITY-F9EC19DF-E43227AD-ENV-001,FEAT-ADD-FEED,PAGE-ADDLINKACTIVITY-F9EC19DF,STATE-PAGE-ADDLINKACTIVITY-F9EC19DF-F-E43227AD,isReadLater,ENV-001,Satisfy isReadLater,State isReadLater visible,app/src/main/java/com/capyreader/app/ui/articles/FeedDisplayTitleExt.kt:10
CAND-INV-PAGE-ADDLINKACTIVITY-F9EC19DF-14769B63-ENV-001,FEAT-ADD-FEED,PAGE-ADDLINKACTIVITY-F9EC19DF,STATE-PAGE-ADDLINKACTIVITY-F9EC19DF-F-14769B63,!hideSearchIcon,ENV-001,Satisfy !hideSearchIcon,State !hideSearchIcon visible,app/src/main/java/com/capyreader/app/ui/articles/FilterActionMenu.kt:50
CAND-INV-PAGE-ADDLINKACTIVITY-F9EC19DF-42C39502-ENV-001,FEAT-ADD-FEED,PAGE-ADDLINKACTIVITY-F9EC19DF,STATE-PAGE-ADDLINKACTIVITY-F9EC19DF-F-42C39502,markReadPosition == MarkReadPosition.TOOLBAR,ENV-001,Satisfy markReadPosition == MarkReadPosition.TOO,State markReadPosition == MarkReadPosition.TOO visible,app/src/main/java/com/capyreader/app/ui/articles/FilterActionMenu.kt:59
CAND-INV-PAGE-ADDLINKACTIVITY-F9EC19DF-96B9C51E-ENV-001,FEAT-ADD-FEED,PAGE-ADDLINKACTIVITY-F9EC19DF,STATE-PAGE-ADDLINKACTIVITY-F9EC19DF-F-96B9C51E,currentFeed != null && !currentFeed.isReadLater,ENV-001,Satisfy currentFeed != null && !currentFeed.isRe,State currentFeed != null && !currentFeed.isRe visible,app/src/main/java/com/capyreader/app/ui/articles/FilterActionMenu.kt:73
CAND-INV-PAGE-ADDLINKACTIVITY-F9EC19DF-08D134F6-ENV-001,FEAT-ADD-FEED,PAGE-ADDLINKACTIVITY-F9EC19DF,STATE-PAGE-ADDLINKACTIVITY-F9EC19DF-F-08D134F6,filter is ArticleFilter.Folders,ENV-001,Satisfy filter is ArticleFilter.Folders,State filter is ArticleFilter.Folders visible,app/src/main/java/com/capyreader/app/ui/articles/FilterActionMenu.kt:83
CAND-INV-PAGE-ADDLINKACTIVITY-F9EC19DF-02E24542-ENV-001,FEAT-ADD-FEED,PAGE-ADDLINKACTIVITY-F9EC19DF,STATE-PAGE-ADDLINKACTIVITY-F9EC19DF-F-02E24542,filter,ENV-001,Satisfy filter,State filter visible,app/src/main/java/com/capyreader/app/ui/articles/FilterAppBarTitle.kt:33
CAND-INV-PAGE-ADDLINKACTIVITY-F9EC19DF-540AA5B8-ENV-001,FEAT-ADD-FEED,PAGE-ADDLINKACTIVITY-F9EC19DF,STATE-PAGE-ADDLINKACTIVITY-F9EC19DF-F-540AA5B8,flipped,ENV-001,Satisfy flipped,State flipped visible,app/src/main/java/com/capyreader/app/ui/articles/FullContentLoadingIcon.kt:25
CAND-INV-PAGE-ADDLINKACTIVITY-F9EC19DF-3BE56096-ENV-001,FEAT-ADD-FEED,PAGE-ADDLINKACTIVITY-F9EC19DF,STATE-PAGE-ADDLINKACTIVITY-F9EC19DF-F-3BE56096,enabled,ENV-001,Satisfy enabled,State enabled visible,app/src/main/java/com/capyreader/app/ui/articles/LayoutNavigationHandler.kt:15
CAND-INV-PAGE-ADDLINKACTIVITY-F9EC19DF-3446ED55-ENV-001,FEAT-ADD-FEED,PAGE-ADDLINKACTIVITY-F9EC19DF,STATE-PAGE-ADDLINKACTIVITY-F9EC19DF-F-3446ED55,this,ENV-001,Satisfy this,State this visible,app/src/main/java/com/capyreader/app/ui/articles/MarkReadPosition.kt:10
CAND-INV-PAGE-ADDLINKACTIVITY-F9EC19DF-64FAFDAF-ENV-001,FEAT-ADD-FEED,PAGE-ADDLINKACTIVITY-F9EC19DF,STATE-PAGE-ADDLINKACTIVITY-F9EC19DF-F-64FAFDAF,it.isConnected,ENV-001,Satisfy it.isConnected,State it.isConnected visible,app/src/main/java/com/capyreader/app/ui/articles/audio/AudioPlayerController.kt:50
CAND-INV-PAGE-ADDLINKACTIVITY-F9EC19DF-40FBE172-ENV-001,FEAT-ADD-FEED,PAGE-ADDLINKACTIVITY-F9EC19DF,STATE-PAGE-ADDLINKACTIVITY-F9EC19DF-F-40FBE172,isPlaying,ENV-001,Satisfy isPlaying,State isPlaying visible,app/src/main/java/com/capyreader/app/ui/articles/audio/AudioPlayerController.kt:82
CAND-INV-PAGE-ADDLINKACTIVITY-F9EC19DF-30B5DCF1-ENV-001,FEAT-ADD-FEED,PAGE-ADDLINKACTIVITY-F9EC19DF,STATE-PAGE-ADDLINKACTIVITY-F9EC19DF-F-30B5DCF1,playbackState == Player.STATE_READY,ENV-001,Satisfy playbackState == Player.STATE_READY,State playbackState == Player.STATE_READY visible,app/src/main/java/com/capyreader/app/ui/articles/audio/AudioPlayerController.kt:90
CAND-INV-PAGE-ADDLINKACTIVITY-F9EC19DF-458CBD18-ENV-001,FEAT-ADD-FEED,PAGE-ADDLINKACTIVITY-F9EC19DF,STATE-PAGE-ADDLINKACTIVITY-F9EC19DF-F-458CBD18,playbackState == Player.STATE_ENDED,ENV-001,Satisfy playbackState == Player.STATE_ENDED,State playbackState == Player.STATE_ENDED visible,app/src/main/java/com/capyreader/app/ui/articles/audio/AudioPlayerController.kt:93
CAND-INV-PAGE-ADDLINKACTIVITY-F9EC19DF-57C98299-ENV-001,FEAT-ADD-FEED,PAGE-ADDLINKACTIVITY-F9EC19DF,STATE-PAGE-ADDLINKACTIVITY-F9EC19DF-F-57C98299,currentUrl == audio.url && mediaController?.isConnected == true,ENV-001,Satisfy currentUrl == audio.url && mediaControll,State currentUrl == audio.url && mediaControll visible,app/src/main/java/com/capyreader/app/ui/articles/audio/AudioPlayerController.kt:106
CAND-INV-PAGE-ADDLINKACTIVITY-F9EC19DF-653BF5E9-ENV-001,FEAT-ADD-FEED,PAGE-ADDLINKACTIVITY-F9EC19DF,STATE-PAGE-ADDLINKACTIVITY-F9EC19DF-F-653BF5E9,_duration.value == 0L && it.duration > 0,ENV-001,Satisfy _duration.value == 0L && it.duration > 0,State _duration.value == 0L && it.duration > 0 visible,app/src/main/java/com/capyreader/app/ui/articles/audio/AudioPlayerController.kt:202
CAND-INV-PAGE-ADDLINKACTIVITY-F9EC19DF-64141A6E-ENV-001,FEAT-ADD-FEED,PAGE-ADDLINKACTIVITY-F9EC19DF,STATE-PAGE-ADDLINKACTIVITY-F9EC19DF-F-64141A6E,isPlaying,ENV-001,Satisfy isPlaying,State isPlaying visible,app/src/main/java/com/capyreader/app/ui/articles/audio/FloatingAudioPlayer.kt:66
CAND-INV-PAGE-ADDLINKACTIVITY-F9EC19DF-D730D418-ENV-001,FEAT-ADD-FEED,PAGE-ADDLINKACTIVITY-F9EC19DF,STATE-PAGE-ADDLINKACTIVITY-F9EC19DF-F-D730D418,isPlaying,ENV-001,Satisfy isPlaying,State isPlaying visible,app/src/main/java/com/capyreader/app/ui/articles/audio/FloatingAudioPlayer.kt:145
CAND-INV-PAGE-ADDLINKACTIVITY-F9EC19DF-66898CDB-ENV-001,FEAT-ADD-FEED,PAGE-ADDLINKACTIVITY-F9EC19DF,STATE-PAGE-ADDLINKACTIVITY-F9EC19DF-F-66898CDB,isPlaying,ENV-001,Satisfy isPlaying,State isPlaying visible,app/src/main/java/com/capyreader/app/ui/articles/audio/FloatingAudioPlayer.kt:146
CAND-INV-PAGE-ADDLINKACTIVITY-F9EC19DF-8C40C6B2-ENV-001,FEAT-ADD-FEED,PAGE-ADDLINKACTIVITY-F9EC19DF,STATE-PAGE-ADDLINKACTIVITY-F9EC19DF-F-8C40C6B2,duration > 0,ENV-001,Satisfy duration > 0,State duration > 0 visible,app/src/main/java/com/capyreader/app/ui/articles/audio/FloatingAudioPlayer.kt:174
CAND-INV-PAGE-ADDLINKACTIVITY-F9EC19DF-A51E6997-ENV-001,FEAT-ADD-FEED,PAGE-ADDLINKACTIVITY-F9EC19DF,STATE-PAGE-ADDLINKACTIVITY-F9EC19DF-F-A51E6997,hours > 0,ENV-001,Satisfy hours > 0,State hours > 0 visible,app/src/main/java/com/capyreader/app/ui/articles/audio/FloatingAudioPlayer.kt:213
CAND-INV-PAGE-ADDLINKACTIVITY-F9EC19DF-66B2A855-ENV-001,FEAT-ADD-FEED,PAGE-ADDLINKACTIVITY-F9EC19DF,STATE-PAGE-ADDLINKACTIVITY-F9EC19DF-F-66B2A855,player?.playWhenReady == false || player?.mediaItemCount == 0,ENV-001,Satisfy player?.playWhenReady == false || player,State player?.playWhenReady == false || player visible,app/src/main/java/com/capyreader/app/ui/articles/audio/MediaPlaybackService.kt:114
CAND-INV-PAGE-ADDLINKACTIVITY-F9EC19DF-8CEACB1B-ENV-001,FEAT-ADD-FEED,PAGE-ADDLINKACTIVITY-F9EC19DF,STATE-PAGE-ADDLINKACTIVITY-F9EC19DF-F-8CEACB1B,command,ENV-001,Satisfy command,State command visible,app/src/main/java/com/capyreader/app/ui/articles/audio/MediaPlaybackService.kt:92
CAND-INV-PAGE-ADDLINKACTIVITY-F9EC19DF-1A0F2CF1-ENV-001,FEAT-ADD-FEED,PAGE-ADDLINKACTIVITY-F9EC19DF,STATE-PAGE-ADDLINKACTIVITY-F9EC19DF-F-1A0F2CF1,customCommand.customAction,ENV-001,Satisfy customCommand.customAction,State customCommand.customAction visible,app/src/main/java/com/capyreader/app/ui/articles/audio/MediaPlaybackService.kt:167
CAND-INV-PAGE-ADDLINKACTIVITY-F9EC19DF-F1B0AF59-ENV-001,FEAT-ADD-FEED,PAGE-ADDLINKACTIVITY-F9EC19DF,STATE-PAGE-ADDLINKACTIVITY-F9EC19DF-F-F1B0AF59,duration > 0,ENV-001,Satisfy duration > 0,State duration > 0 visible,app/src/main/java/com/capyreader/app/ui/articles/audio/SkipCalculator.kt:11
CAND-INV-PAGE-ADDLINKACTIVITY-F9EC19DF-6A8F9563-ENV-001,FEAT-ADD-FEED,PAGE-ADDLINKACTIVITY-F9EC19DF,STATE-PAGE-ADDLINKACTIVITY-F9EC19DF-F-6A8F9563,labelsActions.showLabels,ENV-001,Satisfy labelsActions.showLabels,State labelsActions.showLabels visible,app/src/main/java/com/capyreader/app/ui/articles/detail/ArticleActions.kt:71
CAND-INV-PAGE-ADDLINKACTIVITY-F9EC19DF-DFB4DA95-ENV-001,FEAT-ADD-FEED,PAGE-ADDLINKACTIVITY-F9EC19DF,STATE-PAGE-ADDLINKACTIVITY-F9EC19DF-F-DFB4DA95,article.fullContent == LOADING,ENV-001,Satisfy article.fullContent == LOADING,State article.fullContent == LOADING visible,app/src/main/java/com/capyreader/app/ui/articles/detail/ArticleActions.kt:91
CAND-INV-PAGE-ADDLINKACTIVITY-F9EC19DF-2839B7BD-ENV-001,FEAT-ADD-FEED,PAGE-ADDLINKACTIVITY-F9EC19DF,STATE-PAGE-ADDLINKACTIVITY-F9EC19DF-F-2839B7BD,isStyleSheetOpen,ENV-001,Satisfy isStyleSheetOpen,State isStyleSheetOpen visible,app/src/main/java/com/capyreader/app/ui/articles/detail/ArticleActions.kt:127
CAND-INV-PAGE-ADDLINKACTIVITY-F9EC19DF-AD054008-ENV-001,FEAT-ADD-FEED,PAGE-ADDLINKACTIVITY-F9EC19DF,STATE-PAGE-ADDLINKACTIVITY-F9EC19DF-F-AD054008,article.read,ENV-001,Satisfy article.read,State article.read visible,app/src/main/java/com/capyreader/app/ui/articles/detail/ArticleActions.kt:142
CAND-INV-PAGE-ADDLINKACTIVITY-F9EC19DF-1B99AEE0-ENV-001,FEAT-ADD-FEED,PAGE-ADDLINKACTIVITY-F9EC19DF,STATE-PAGE-ADDLINKACTIVITY-F9EC19DF-F-1B99AEE0,article.starred,ENV-001,Satisfy article.starred,State article.starred visible,app/src/main/java/com/capyreader/app/ui/articles/detail/ArticleActions.kt:150
CAND-INV-PAGE-ADDLINKACTIVITY-F9EC19DF-9AEB8D6C-ENV-001,FEAT-ADD-FEED,PAGE-ADDLINKACTIVITY-F9EC19DF,STATE-PAGE-ADDLINKACTIVITY-F9EC19DF-F-9AEB8D6C,fullContentState,ENV-001,Satisfy fullContentState,State fullContentState visible,app/src/main/java/com/capyreader/app/ui/articles/detail/ArticleActions.kt:157
CAND-INV-PAGE-ADDLINKACTIVITY-F9EC19DF-ADA5D600-ENV-001,FEAT-ADD-FEED,PAGE-ADDLINKACTIVITY-F9EC19DF,STATE-PAGE-ADDLINKACTIVITY-F9EC19DF-F-ADA5D600,article.read,ENV-001,Satisfy article.read,State article.read visible,app/src/main/java/com/capyreader/app/ui/articles/detail/ArticleBottomBar.kt:85
CAND-INV-PAGE-ADDLINKACTIVITY-F9EC19DF-9C9E2E18-ENV-001,FEAT-ADD-FEED,PAGE-ADDLINKACTIVITY-F9EC19DF,STATE-PAGE-ADDLINKACTIVITY-F9EC19DF-F-9C9E2E18,article.starred,ENV-001,Satisfy article.starred,State article.starred visible,app/src/main/java/com/capyreader/app/ui/articles/detail/ArticleBottomBar.kt:97
CAND-INV-PAGE-ADDLINKACTIVITY-F9EC19DF-0B777739-ENV-001,FEAT-ADD-FEED,PAGE-ADDLINKACTIVITY-F9EC19DF,STATE-PAGE-ADDLINKACTIVITY-F9EC19DF-F-0B777739,article.fullContent == LOADING,ENV-001,Satisfy article.fullContent == LOADING,State article.fullContent == LOADING visible,app/src/main/java/com/capyreader/app/ui/articles/detail/ArticleBottomBar.kt:126
CAND-INV-PAGE-ADDLINKACTIVITY-F9EC19DF-E1F36C49-ENV-001,FEAT-ADD-FEED,PAGE-ADDLINKACTIVITY-F9EC19DF,STATE-PAGE-ADDLINKACTIVITY-F9EC19DF-F-E1F36C49,fullContentState,ENV-001,Satisfy fullContentState,State fullContentState visible,app/src/main/java/com/capyreader/app/ui/articles/detail/ArticleBottomBar.kt:155
CAND-INV-PAGE-ADDLINKACTIVITY-F9EC19DF-EDCAFB78-ENV-001,FEAT-ADD-FEED,PAGE-ADDLINKACTIVITY-F9EC19DF,STATE-PAGE-ADDLINKACTIVITY-F9EC19DF-F-EDCAFB78,option,ENV-001,Satisfy option,State option visible,app/src/main/java/com/capyreader/app/ui/articles/detail/ArticleFontMenu.kt:77
CAND-INV-PAGE-ADDLINKACTIVITY-F9EC19DF-50C5A764-ENV-001,FEAT-ADD-FEED,PAGE-ADDLINKACTIVITY-F9EC19DF,STATE-PAGE-ADDLINKACTIVITY-F9EC19DF-F-50C5A764,fontOption,ENV-001,Satisfy fontOption,State fontOption visible,app/src/main/java/com/capyreader/app/ui/articles/detail/ArticleFontMenu.kt:88
CAND-INV-PAGE-ADDLINKACTIVITY-F9EC19DF-DF540694-ENV-001,FEAT-ADD-FEED,PAGE-ADDLINKACTIVITY-F9EC19DF,STATE-PAGE-ADDLINKACTIVITY-F9EC19DF-F-DF540694,isFullscreen,ENV-001,Satisfy isFullscreen,State isFullscreen visible,app/src/main/java/com/capyreader/app/ui/articles/detail/ArticleNavigationIcon.kt:27
CAND-INV-PAGE-ADDLINKACTIVITY-F9EC19DF-01F8C68E-ENV-001,FEAT-ADD-FEED,PAGE-ADDLINKACTIVITY-F9EC19DF,STATE-PAGE-ADDLINKACTIVITY-F9EC19DF-F-01F8C68E,improveTalkback,ENV-001,Satisfy improveTalkback,State improveTalkback visible,app/src/main/java/com/capyreader/app/ui/articles/detail/ArticleReader.kt:131
CAND-INV-PAGE-ADDLINKACTIVITY-F9EC19DF-2E1A9F29-ENV-001,FEAT-ADD-FEED,PAGE-ADDLINKACTIVITY-F9EC19DF,STATE-PAGE-ADDLINKACTIVITY-F9EC19DF-F-2E1A9F29,shareLink != null,ENV-001,Satisfy shareLink != null,State shareLink != null visible,app/src/main/java/com/capyreader/app/ui/articles/detail/ArticleReader.kt:148
CAND-INV-PAGE-ADDLINKACTIVITY-F9EC19DF-9AA9C451-ENV-001,FEAT-ADD-FEED,PAGE-ADDLINKACTIVITY-F9EC19DF,STATE-PAGE-ADDLINKACTIVITY-F9EC19DF-F-9AA9C451,shareImageUrl != null,ENV-001,Satisfy shareImageUrl != null,State shareImageUrl != null visible,app/src/main/java/com/capyreader/app/ui/articles/detail/ArticleReader.kt:157
CAND-INV-PAGE-ADDLINKACTIVITY-F9EC19DF-04349605-ENV-001,FEAT-ADD-FEED,PAGE-ADDLINKACTIVITY-F9EC19DF,STATE-PAGE-ADDLINKACTIVITY-F9EC19DF-F-04349605,!pinToolbars,ENV-001,Satisfy !pinToolbars,State !pinToolbars visible,app/src/main/java/com/capyreader/app/ui/articles/detail/ArticleReader.kt:192
CAND-INV-PAGE-ADDLINKACTIVITY-F9EC19DF-B177CF3A-ENV-001,FEAT-ADD-FEED,PAGE-ADDLINKACTIVITY-F9EC19DF,STATE-PAGE-ADDLINKACTIVITY-F9EC19DF-F-B177CF3A,value > 0 && height > 0f,ENV-001,Satisfy value > 0 && height > 0f,State value > 0 && height > 0f visible,app/src/main/java/com/capyreader/app/ui/articles/detail/ArticleReader.kt:210
CAND-INV-PAGE-ADDLINKACTIVITY-F9EC19DF-FFFD8F5D-ENV-001,FEAT-ADD-FEED,PAGE-ADDLINKACTIVITY-F9EC19DF,STATE-PAGE-ADDLINKACTIVITY-F9EC19DF-F-FFFD8F5D,scrollState.maxValue > 0 && maxHeight > 0,ENV-001,Satisfy scrollState.maxValue > 0 && maxHeight > ,State scrollState.maxValue > 0 && maxHeight >  visible,app/src/main/java/com/capyreader/app/ui/articles/detail/ArticleReader.kt:216
CAND-INV-PAGE-ADDLINKACTIVITY-F9EC19DF-07DA6A9C-ENV-001,FEAT-ADD-FEED,PAGE-ADDLINKACTIVITY-F9EC19DF,STATE-PAGE-ADDLINKACTIVITY-F9EC19DF-F-07DA6A9C,available.y > 0f,ENV-001,Satisfy available.y > 0f,State available.y > 0f visible,app/src/main/java/com/capyreader/app/ui/articles/detail/ArticleScrollState.kt:38
CAND-INV-PAGE-ADDLINKACTIVITY-F9EC19DF-8A9196B7-ENV-001,FEAT-ADD-FEED,PAGE-ADDLINKACTIVITY-F9EC19DF,STATE-PAGE-ADDLINKACTIVITY-F9EC19DF-F-8A9196B7,webView != null,ENV-001,Satisfy webView != null,State webView != null visible,app/src/main/java/com/capyreader/app/ui/articles/detail/ArticleStyleListener.kt:29
CAND-INV-PAGE-ADDLINKACTIVITY-F9EC19DF-F89E92A5-ENV-001,FEAT-ADD-FEED,PAGE-ADDLINKACTIVITY-F9EC19DF,STATE-PAGE-ADDLINKACTIVITY-F9EC19DF-F-F89E92A5,webView != null,ENV-001,Satisfy webView != null,State webView != null visible,app/src/main/java/com/capyreader/app/ui/articles/detail/ArticleStyleListener.kt:35
CAND-INV-PAGE-ADDLINKACTIVITY-F9EC19DF-DAA5763E-ENV-001,FEAT-ADD-FEED,PAGE-ADDLINKACTIVITY-F9EC19DF,STATE-PAGE-ADDLINKACTIVITY-F9EC19DF-F-DAA5763E,webView != null,ENV-001,Satisfy webView != null,State webView != null visible,app/src/main/java/com/capyreader/app/ui/articles/detail/ArticleStyleListener.kt:41
CAND-INV-PAGE-ADDLINKACTIVITY-F9EC19DF-BD452BBF-ENV-001,FEAT-ADD-FEED,PAGE-ADDLINKACTIVITY-F9EC19DF,STATE-PAGE-ADDLINKACTIVITY-F9EC19DF-F-BD452BBF,webView != null,ENV-001,Satisfy webView != null,State webView != null visible,app/src/main/java/com/capyreader/app/ui/articles/detail/ArticleStyleListener.kt:47
CAND-INV-PAGE-ADDLINKACTIVITY-F9EC19DF-FDF5611D-ENV-001,FEAT-ADD-FEED,PAGE-ADDLINKACTIVITY-F9EC19DF,STATE-PAGE-ADDLINKACTIVITY-F9EC19DF-F-FDF5611D,webView != null,ENV-001,Satisfy webView != null,State webView != null visible,app/src/main/java/com/capyreader/app/ui/articles/detail/ArticleStyleListener.kt:53
CAND-INV-PAGE-ADDLINKACTIVITY-F9EC19DF-1EA4D164-ENV-001,FEAT-ADD-FEED,PAGE-ADDLINKACTIVITY-F9EC19DF,STATE-PAGE-ADDLINKACTIVITY-F9EC19DF-F-1EA4D164,webView != null,ENV-001,Satisfy webView != null,State webView != null visible,app/src/main/java/com/capyreader/app/ui/articles/detail/ArticleStyleListener.kt:59
CAND-INV-PAGE-ADDLINKACTIVITY-F9EC19DF-8E9E12EB-ENV-001,FEAT-ADD-FEED,PAGE-ADDLINKACTIVITY-F9EC19DF,STATE-PAGE-ADDLINKACTIVITY-F9EC19DF-F-8E9E12EB,titleFollowsBodyFont,ENV-001,Satisfy titleFollowsBodyFont,State titleFollowsBodyFont visible,app/src/main/java/com/capyreader/app/ui/articles/detail/ArticleStyleListener.kt:60
CAND-INV-PAGE-ADDLINKACTIVITY-F9EC19DF-84255704-ENV-001,FEAT-ADD-FEED,PAGE-ADDLINKACTIVITY-F9EC19DF,STATE-PAGE-ADDLINKACTIVITY-F9EC19DF-F-84255704,articleBody,ENV-001,Satisfy articleBody,State articleBody visible,app/src/main/java/com/capyreader/app/ui/articles/detail/ArticleStyleListener.kt:84
CAND-INV-PAGE-ADDLINKACTIVITY-F9EC19DF-9F583E97-ENV-001,FEAT-ADD-FEED,PAGE-ADDLINKACTIVITY-F9EC19DF,STATE-PAGE-ADDLINKACTIVITY-F9EC19DF-F-9F583E97,articleTitle,ENV-001,Satisfy articleTitle,State articleTitle visible,app/src/main/java/com/capyreader/app/ui/articles/detail/ArticleStyleListener.kt:142
CAND-INV-PAGE-ARTICLESTYLEPICKER-848F9DCA-78E6A39F-ENV-001,FEAT-SETTINGS,PAGE-ARTICLESTYLEPICKER-848F9DCA,STATE-PAGE-ARTICLESTYLEPICKER-848F9DCA-F-78E6A39F,index,ENV-001,Satisfy index,State index visible,app/src/main/java/com/capyreader/app/ui/articles/detail/ArticleStylePicker.kt:195
CAND-INV-PAGE-ADDLINKACTIVITY-F9EC19DF-E7C67BDB-ENV-001,FEAT-ADD-FEED,PAGE-ADDLINKACTIVITY-F9EC19DF,STATE-PAGE-ADDLINKACTIVITY-F9EC19DF-F-E7C67BDB,canSaveExternally,ENV-001,Satisfy canSaveExternally,State canSaveExternally visible,app/src/main/java/com/capyreader/app/ui/articles/detail/ArticleTopBar.kt:106
CAND-INV-PAGE-ADDLINKACTIVITY-F9EC19DF-BD338A2E-ENV-001,FEAT-ADD-FEED,PAGE-ADDLINKACTIVITY-F9EC19DF,STATE-PAGE-ADDLINKACTIVITY-F9EC19DF-F-BD338A2E,result.isSuccess,ENV-001,Satisfy result.isSuccess,State result.isSuccess visible,app/src/main/java/com/capyreader/app/ui/articles/detail/ArticleTopBar.kt:120
CAND-INV-PAGE-ADDLINKACTIVITY-F9EC19DF-6003AD0D-ENV-001,FEAT-ADD-FEED,PAGE-ADDLINKACTIVITY-F9EC19DF,STATE-PAGE-ADDLINKACTIVITY-F9EC19DF-F-6003AD0D,canDeletePage,ENV-001,Satisfy canDeletePage,State canDeletePage visible,app/src/main/java/com/capyreader/app/ui/articles/detail/ArticleTopBar.kt:133
CAND-INV-PAGE-ADDLINKACTIVITY-F9EC19DF-359AA3AD-ENV-001,FEAT-ADD-FEED,PAGE-ADDLINKACTIVITY-F9EC19DF,STATE-PAGE-ADDLINKACTIVITY-F9EC19DF-F-359AA3AD,labelsActions.showLabels,ENV-001,Satisfy labelsActions.showLabels,State labelsActions.showLabels visible,app/src/main/java/com/capyreader/app/ui/articles/detail/ArticleTopBar.kt:148
CAND-INV-PAGE-ADDLINKACTIVITY-F9EC19DF-3FD1CE4D-ENV-001,FEAT-ADD-FEED,PAGE-ADDLINKACTIVITY-F9EC19DF,STATE-PAGE-ADDLINKACTIVITY-F9EC19DF-F-3FD1CE4D,isScrolled,ENV-001,Satisfy isScrolled,State isScrolled visible,app/src/main/java/com/capyreader/app/ui/articles/detail/ArticleTopBar.kt:183
CAND-INV-PAGE-ADDLINKACTIVITY-F9EC19DF-0060A768-ENV-001,FEAT-ADD-FEED,PAGE-ADDLINKACTIVITY-F9EC19DF,STATE-PAGE-ADDLINKACTIVITY-F9EC19DF-F-0060A768,isStyleSheetOpen,ENV-001,Satisfy isStyleSheetOpen,State isStyleSheetOpen visible,app/src/main/java/com/capyreader/app/ui/articles/detail/ArticleTopBar.kt:192
CAND-INV-PAGE-ADDLINKACTIVITY-F9EC19DF-695D47A4-ENV-001,FEAT-ADD-FEED,PAGE-ADDLINKACTIVITY-F9EC19DF,STATE-PAGE-ADDLINKACTIVITY-F9EC19DF-F-695D47A4,isDeletePageDialogOpen,ENV-001,Satisfy isDeletePageDialogOpen,State isDeletePageDialogOpen visible,app/src/main/java/com/capyreader/app/ui/articles/detail/ArticleTopBar.kt:204
CAND-INV-PAGE-ADDLINKACTIVITY-F9EC19DF-2275250A-ENV-001,FEAT-ADD-FEED,PAGE-ADDLINKACTIVITY-F9EC19DF,STATE-PAGE-ADDLINKACTIVITY-F9EC19DF-F-2275250A,!hasShownArticle,ENV-001,Satisfy !hasShownArticle,State !hasShownArticle visible,app/src/main/java/com/capyreader/app/ui/articles/detail/ArticleTransition.kt:45
CAND-INV-PAGE-ADDLINKACTIVITY-F9EC19DF-D6A95218-ENV-001,FEAT-ADD-FEED,PAGE-ADDLINKACTIVITY-F9EC19DF,STATE-PAGE-ADDLINKACTIVITY-F9EC19DF-F-D6A95218,enableHorizontalPager,ENV-001,Satisfy enableHorizontalPager,State enableHorizontalPager visible,app/src/main/java/com/capyreader/app/ui/articles/detail/ArticleTransition.kt:47
CAND-INV-PAGE-ADDLINKACTIVITY-F9EC19DF-030C718A-ENV-001,FEAT-ADD-FEED,PAGE-ADDLINKACTIVITY-F9EC19DF,STATE-PAGE-ADDLINKACTIVITY-F9EC19DF-F-030C718A,direction == null,ENV-001,Satisfy direction == null,State direction == null visible,app/src/main/java/com/capyreader/app/ui/articles/detail/ArticleTransition.kt:56
CAND-INV-PAGE-ADDLINKACTIVITY-F9EC19DF-2686796E-ENV-001,FEAT-ADD-FEED,PAGE-ADDLINKACTIVITY-F9EC19DF,STATE-PAGE-ADDLINKACTIVITY-F9EC19DF-F-2686796E,targetState.article.id,ENV-001,Satisfy targetState.article.id,State targetState.article.id visible,app/src/main/java/com/capyreader/app/ui/articles/detail/ArticleTransition.kt:50
CAND-INV-PAGE-ADDLINKACTIVITY-F9EC19DF-02976786-ENV-001,FEAT-ADD-FEED,PAGE-ADDLINKACTIVITY-F9EC19DF,STATE-PAGE-ADDLINKACTIVITY-F9EC19DF-F-02976786,article.fullContent == Article.FullContentState.LOADED,ENV-001,Satisfy article.fullContent == Article.FullConte,State article.fullContent == Article.FullConte visible,app/src/main/java/com/capyreader/app/ui/articles/detail/ArticleView.kt:75
CAND-INV-PAGE-ADDLINKACTIVITY-F9EC19DF-9E54B445-ENV-001,FEAT-ADD-FEED,PAGE-ADDLINKACTIVITY-F9EC19DF,STATE-PAGE-ADDLINKACTIVITY-F9EC19DF-F-9E54B445,article.fullContent != Article.FullContentState.LOADING,ENV-001,Satisfy article.fullContent != Article.FullConte,State article.fullContent != Article.FullConte visible,app/src/main/java/com/capyreader/app/ui/articles/detail/ArticleView.kt:77
CAND-INV-PAGE-ADDLINKACTIVITY-F9EC19DF-7C04BDE0-ENV-001,FEAT-ADD-FEED,PAGE-ADDLINKACTIVITY-F9EC19DF,STATE-PAGE-ADDLINKACTIVITY-F9EC19DF-F-7C04BDE0,hasPrevious,ENV-001,Satisfy hasPrevious,State hasPrevious visible,app/src/main/java/com/capyreader/app/ui/articles/detail/ArticleView.kt:95
CAND-INV-PAGE-ADDLINKACTIVITY-F9EC19DF-C7BA2161-ENV-001,FEAT-ADD-FEED,PAGE-ADDLINKACTIVITY-F9EC19DF,STATE-PAGE-ADDLINKACTIVITY-F9EC19DF-F-C7BA2161,hasNext,ENV-001,Satisfy hasNext,State hasNext visible,app/src/main/java/com/capyreader/app/ui/articles/detail/ArticleView.kt:96
CAND-INV-PAGE-ADDLINKACTIVITY-F9EC19DF-AD3EB91E-ENV-001,FEAT-ADD-FEED,PAGE-ADDLINKACTIVITY-F9EC19DF,STATE-PAGE-ADDLINKACTIVITY-F9EC19DF-F-AD3EB91E,previousIndex < 0,ENV-001,Satisfy previousIndex < 0,State previousIndex < 0 visible,app/src/main/java/com/capyreader/app/ui/articles/detail/ArticleView.kt:99
CAND-INV-PAGE-ADDLINKACTIVITY-F9EC19DF-4C88BB1E-ENV-001,FEAT-ADD-FEED,PAGE-ADDLINKACTIVITY-F9EC19DF,STATE-PAGE-ADDLINKACTIVITY-F9EC19DF-F-4C88BB1E,nextIndex >= articles.itemCount,ENV-001,Satisfy nextIndex >= articles.itemCount,State nextIndex >= articles.itemCount visible,app/src/main/java/com/capyreader/app/ui/articles/detail/ArticleView.kt:107
CAND-INV-PAGE-ADDLINKACTIVITY-F9EC19DF-01A12F12-ENV-001,FEAT-ADD-FEED,PAGE-ADDLINKACTIVITY-F9EC19DF,STATE-PAGE-ADDLINKACTIVITY-F9EC19DF-F-01A12F12,maxWidth > 0.dp,ENV-001,Satisfy maxWidth > 0.dp,State maxWidth > 0.dp visible,app/src/main/java/com/capyreader/app/ui/articles/detail/ArticleView.kt:142
CAND-INV-PAGE-ADDLINKACTIVITY-F9EC19DF-1D1526D5-ENV-001,FEAT-ADD-FEED,PAGE-ADDLINKACTIVITY-F9EC19DF,STATE-PAGE-ADDLINKACTIVITY-F9EC19DF-F-1D1526D5,index > -1,ENV-001,Satisfy index > -1,State index > -1 visible,app/src/main/java/com/capyreader/app/ui/articles/detail/ArticleView.kt:214
CAND-INV-PAGE-ADDLINKACTIVITY-F9EC19DF-D8E7B0FC-ENV-001,FEAT-ADD-FEED,PAGE-ADDLINKACTIVITY-F9EC19DF,STATE-PAGE-ADDLINKACTIVITY-F9EC19DF-F-D8E7B0FC,!pinToolbars,ENV-001,Satisfy !pinToolbars,State !pinToolbars visible,app/src/main/java/com/capyreader/app/ui/articles/detail/ArticleView.kt:245
CAND-INV-PAGE-ADDLINKACTIVITY-F9EC19DF-798BE18B-ENV-001,FEAT-ADD-FEED,PAGE-ADDLINKACTIVITY-F9EC19DF,STATE-PAGE-ADDLINKACTIVITY-F9EC19DF-F-798BE18B,pinToolbars,ENV-001,Satisfy pinToolbars,State pinToolbars visible,app/src/main/java/com/capyreader/app/ui/articles/detail/ArticleView.kt:309
CAND-INV-PAGE-ADDLINKACTIVITY-F9EC19DF-79FAC9F4-ENV-001,FEAT-ADD-FEED,PAGE-ADDLINKACTIVITY-F9EC19DF,STATE-PAGE-ADDLINKACTIVITY-F9EC19DF-F-79FAC9F4,swipe,ENV-001,Satisfy swipe,State swipe visible,app/src/main/java/com/capyreader/app/ui/articles/detail/ArticleView.kt:115
CAND-INV-PAGE-ADDLINKACTIVITY-F9EC19DF-5CE827DA-ENV-001,FEAT-ADD-FEED,PAGE-ADDLINKACTIVITY-F9EC19DF,STATE-PAGE-ADDLINKACTIVITY-F9EC19DF-F-5CE827DA,swipe,ENV-001,Satisfy swipe,State swipe visible,app/src/main/java/com/capyreader/app/ui/articles/detail/ArticleView.kt:271
CAND-INV-PAGE-ADDLINKACTIVITY-F9EC19DF-D2EC1BC2-ENV-001,FEAT-ADD-FEED,PAGE-ADDLINKACTIVITY-F9EC19DF,STATE-PAGE-ADDLINKACTIVITY-F9EC19DF-F-D2EC1BC2,!enabled,ENV-001,Satisfy !enabled,State !enabled visible,app/src/main/java/com/capyreader/app/ui/articles/detail/CornerTapGestureScroll.kt:43
CAND-INV-PAGE-ADDLINKACTIVITY-F9EC19DF-79265E14-ENV-001,FEAT-ADD-FEED,PAGE-ADDLINKACTIVITY-F9EC19DF,STATE-PAGE-ADDLINKACTIVITY-F9EC19DF-F-79265E14,pinToolbars,ENV-001,Satisfy pinToolbars,State pinToolbars visible,app/src/main/java/com/capyreader/app/ui/articles/detail/CornerTapGestureScroll.kt:127
CAND-INV-PAGE-ADDLINKACTIVITY-F9EC19DF-2086BDCF-ENV-001,FEAT-ADD-FEED,PAGE-ADDLINKACTIVITY-F9EC19DF,STATE-PAGE-ADDLINKACTIVITY-F9EC19DF-F-2086BDCF,!enabled,ENV-001,Satisfy !enabled,State !enabled visible,app/src/main/java/com/capyreader/app/ui/articles/detail/HorizontalReaderPager.kt:26
CAND-INV-PAGE-ADDLINKACTIVITY-F9EC19DF-D55A4937-ENV-001,FEAT-ADD-FEED,PAGE-ADDLINKACTIVITY-F9EC19DF,STATE-PAGE-ADDLINKACTIVITY-F9EC19DF-F-D55A4937,!enabled,ENV-001,Satisfy !enabled,State !enabled visible,app/src/main/java/com/capyreader/app/ui/articles/detail/HorizontalReaderPager.kt:55
CAND-INV-PAGE-ADDLINKACTIVITY-F9EC19DF-22AC30C1-ENV-001,FEAT-ADD-FEED,PAGE-ADDLINKACTIVITY-F9EC19DF,STATE-PAGE-ADDLINKACTIVITY-F9EC19DF-F-22AC30C1,surprised,ENV-001,Satisfy surprised,State surprised visible,app/src/main/java/com/capyreader/app/ui/articles/feeds/CapyIcon.kt:29
CAND-INV-PAGE-ADDLINKACTIVITY-F9EC19DF-1A262442-ENV-001,FEAT-ADD-FEED,PAGE-ADDLINKACTIVITY-F9EC19DF,STATE-PAGE-ADDLINKACTIVITY-F9EC19DF-F-1A262442,icon != null,ENV-001,Satisfy icon != null,State icon != null visible,app/src/main/java/com/capyreader/app/ui/articles/feeds/DrawerItem.kt:63
CAND-INV-PAGE-ADDLINKACTIVITY-F9EC19DF-FE6718FB-ENV-001,FEAT-ADD-FEED,PAGE-ADDLINKACTIVITY-F9EC19DF,STATE-PAGE-ADDLINKACTIVITY-F9EC19DF-F-FE6718FB,badge != null,ENV-001,Satisfy badge != null,State badge != null visible,app/src/main/java/com/capyreader/app/ui/articles/feeds/DrawerItem.kt:76
CAND-INV-PAGE-ADDLINKACTIVITY-F9EC19DF-B3C1CCEB-ENV-001,FEAT-ADD-FEED,PAGE-ADDLINKACTIVITY-F9EC19DF,STATE-PAGE-ADDLINKACTIVITY-F9EC19DF-F-B3C1CCEB,useMonochromeSelected,ENV-001,Satisfy useMonochromeSelected,State useMonochromeSelected visible,app/src/main/java/com/capyreader/app/ui/articles/feeds/DrawerItem.kt:104
CAND-INV-PAGE-ADDLINKACTIVITY-F9EC19DF-BC1E5B09-ENV-001,FEAT-ADD-FEED,PAGE-ADDLINKACTIVITY-F9EC19DF,STATE-PAGE-ADDLINKACTIVITY-F9EC19DF-F-BC1E5B09,useMonochromeSelected,ENV-001,Satisfy useMonochromeSelected,State useMonochromeSelected visible,app/src/main/java/com/capyreader/app/ui/articles/feeds/DrawerItem.kt:109
CAND-INV-PAGE-ADDLINKACTIVITY-F9EC19DF-3CFECE5F-ENV-001,FEAT-ADD-FEED,PAGE-ADDLINKACTIVITY-F9EC19DF,STATE-PAGE-ADDLINKACTIVITY-F9EC19DF-F-3CFECE5F,useMonochromeSelected,ENV-001,Satisfy useMonochromeSelected,State useMonochromeSelected visible,app/src/main/java/com/capyreader/app/ui/articles/feeds/DrawerItem.kt:114
CAND-INV-PAGE-ADDLINKACTIVITY-F9EC19DF-8BE65FAD-ENV-001,FEAT-ADD-FEED,PAGE-ADDLINKACTIVITY-F9EC19DF,STATE-PAGE-ADDLINKACTIVITY-F9EC19DF-F-8BE65FAD,useMonochromeSelected,ENV-001,Satisfy useMonochromeSelected,State useMonochromeSelected visible,app/src/main/java/com/capyreader/app/ui/articles/feeds/DrawerItem.kt:119
CAND-INV-PAGE-ADDLINKACTIVITY-F9EC19DF-86B5C248-ENV-001,FEAT-ADD-FEED,PAGE-ADDLINKACTIVITY-F9EC19DF,STATE-PAGE-ADDLINKACTIVITY-F9EC19DF-F-86B5C248,readLaterFeed != null,ENV-001,Satisfy readLaterFeed != null,State readLaterFeed != null visible,app/src/main/java/com/capyreader/app/ui/articles/feeds/FeedList.kt:176
CAND-INV-PAGE-ADDLINKACTIVITY-F9EC19DF-2FCBE807-ENV-001,FEAT-ADD-FEED,PAGE-ADDLINKACTIVITY-F9EC19DF,STATE-PAGE-ADDLINKACTIVITY-F9EC19DF-F-2FCBE807,showContextMenu,ENV-001,Satisfy showContextMenu,State showContextMenu visible,app/src/main/java/com/capyreader/app/ui/articles/feeds/FeedRow.kt:42
CAND-INV-PAGE-ADDLINKACTIVITY-F9EC19DF-3D602754-ENV-001,FEAT-ADD-FEED,PAGE-ADDLINKACTIVITY-F9EC19DF,STATE-PAGE-ADDLINKACTIVITY-F9EC19DF-F-3D602754,showContextMenu,ENV-001,Satisfy showContextMenu,State showContextMenu visible,app/src/main/java/com/capyreader/app/ui/articles/feeds/FeedRow.kt:48
CAND-INV-PAGE-ADDLINKACTIVITY-F9EC19DF-AE75162B-ENV-001,FEAT-ADD-FEED,PAGE-ADDLINKACTIVITY-F9EC19DF,STATE-PAGE-ADDLINKACTIVITY-F9EC19DF-F-AE75162B,expanded,ENV-001,Satisfy expanded,State expanded visible,app/src/main/java/com/capyreader/app/ui/articles/feeds/IconDropdown.kt:34
CAND-INV-PAGE-ADDLINKACTIVITY-F9EC19DF-A8390D2C-ENV-001,FEAT-ADD-FEED,PAGE-ADDLINKACTIVITY-F9EC19DF,STATE-PAGE-ADDLINKACTIVITY-F9EC19DF-F-A8390D2C,enabled,ENV-001,Satisfy enabled,State enabled visible,app/src/main/java/com/capyreader/app/ui/articles/feeds/IconDropdown.kt:43
CAND-INV-PAGE-ADDLINKACTIVITY-F9EC19DF-000FA06A-ENV-001,FEAT-ADD-FEED,PAGE-ADDLINKACTIVITY-F9EC19DF,STATE-PAGE-ADDLINKACTIVITY-F9EC19DF-F-000FA06A,!startRunning,ENV-001,Satisfy !startRunning,State !startRunning visible,app/src/main/java/com/capyreader/app/ui/articles/feeds/RefreshButtonState.kt:26
CAND-INV-PAGE-ADDLINKACTIVITY-F9EC19DF-38CE1AB6-ENV-001,FEAT-ADD-FEED,PAGE-ADDLINKACTIVITY-F9EC19DF,STATE-PAGE-ADDLINKACTIVITY-F9EC19DF-F-38CE1AB6,!isSettling,ENV-001,Satisfy !isSettling,State !isSettling visible,app/src/main/java/com/capyreader/app/ui/articles/feeds/RefreshButtonState.kt:44
CAND-INV-PAGE-ADDLINKACTIVITY-F9EC19DF-B62705F5-ENV-001,FEAT-ADD-FEED,PAGE-ADDLINKACTIVITY-F9EC19DF,STATE-PAGE-ADDLINKACTIVITY-F9EC19DF-F-B62705F5,showMultiselect,ENV-001,Satisfy showMultiselect,State showMultiselect visible,app/src/main/java/com/capyreader/app/ui/articles/feeds/edit/EditFeedView.kt:67
CAND-INV-PAGE-ADDLINKACTIVITY-F9EC19DF-BD0DD305-ENV-001,FEAT-ADD-FEED,PAGE-ADDLINKACTIVITY-F9EC19DF,STATE-PAGE-ADDLINKACTIVITY-F9EC19DF-F-BD0DD305,showMultiselect,ENV-001,Satisfy showMultiselect,State showMultiselect visible,app/src/main/java/com/capyreader/app/ui/articles/feeds/edit/EditFeedView.kt:84
CAND-INV-PAGE-ADDLINKACTIVITY-F9EC19DF-269D16FD-ENV-001,FEAT-ADD-FEED,PAGE-ADDLINKACTIVITY-F9EC19DF,STATE-PAGE-ADDLINKACTIVITY-F9EC19DF-F-269D16FD,priority != null,ENV-001,Satisfy priority != null,State priority != null visible,app/src/main/java/com/capyreader/app/ui/articles/feeds/edit/EditFeedView.kt:115
CAND-INV-PAGE-ADDLINKACTIVITY-F9EC19DF-5DD1A379-ENV-001,FEAT-ADD-FEED,PAGE-ADDLINKACTIVITY-F9EC19DF,STATE-PAGE-ADDLINKACTIVITY-F9EC19DF-F-5DD1A379,showMultiselect,ENV-001,Satisfy showMultiselect,State showMultiselect visible,app/src/main/java/com/capyreader/app/ui/articles/feeds/edit/EditFeedView.kt:143
CAND-INV-PAGE-ADDLINKACTIVITY-F9EC19DF-5B638CC4-ENV-001,FEAT-ADD-FEED,PAGE-ADDLINKACTIVITY-F9EC19DF,STATE-PAGE-ADDLINKACTIVITY-F9EC19DF-F-5B638CC4,state.isFocused && !isFocused,ENV-001,Satisfy state.isFocused && !isFocused,State state.isFocused && !isFocused visible,app/src/main/java/com/capyreader/app/ui/articles/feeds/edit/EditFeedView.kt:237
CAND-INV-PAGE-ADDLINKACTIVITY-F9EC19DF-EB8AE8F9-ENV-001,FEAT-ADD-FEED,PAGE-ADDLINKACTIVITY-F9EC19DF,STATE-PAGE-ADDLINKACTIVITY-F9EC19DF-F-EB8AE8F9,this,ENV-001,Satisfy this,State this visible,app/src/main/java/com/capyreader/app/ui/articles/feeds/edit/EditFeedView.kt:438
CAND-INV-PAGE-ADDLINKACTIVITY-F9EC19DF-38F432E5-ENV-001,FEAT-ADD-FEED,PAGE-ADDLINKACTIVITY-F9EC19DF,STATE-PAGE-ADDLINKACTIVITY-F9EC19DF-F-38F432E5,showSaveForLater,ENV-001,Satisfy showSaveForLater,State showSaveForLater visible,app/src/main/java/com/capyreader/app/ui/articles/list/ArticleActionMenu.kt:55
CAND-INV-PAGE-ADDLINKACTIVITY-F9EC19DF-D38FF858-ENV-001,FEAT-ADD-FEED,PAGE-ADDLINKACTIVITY-F9EC19DF,STATE-PAGE-ADDLINKACTIVITY-F9EC19DF-F-D38FF858,showLabels,ENV-001,Satisfy showLabels,State showLabels visible,app/src/main/java/com/capyreader/app/ui/articles/list/ArticleActionMenu.kt:58
CAND-INV-PAGE-ADDLINKACTIVITY-F9EC19DF-4FABE051-ENV-001,FEAT-ADD-FEED,PAGE-ADDLINKACTIVITY-F9EC19DF,STATE-PAGE-ADDLINKACTIVITY-F9EC19DF-F-4FABE051,unreadCount > 0,ENV-001,Satisfy unreadCount > 0,State unreadCount > 0 visible,app/src/main/java/com/capyreader/app/ui/articles/list/ArticleActionMenu.kt:61
CAND-INV-PAGE-ADDLINKACTIVITY-F9EC19DF-5DF6ECEE-ENV-001,FEAT-ADD-FEED,PAGE-ADDLINKACTIVITY-F9EC19DF,STATE-PAGE-ADDLINKACTIVITY-F9EC19DF-F-5DF6ECEE,index > 0,ENV-001,Satisfy index > 0,State index > 0 visible,app/src/main/java/com/capyreader/app/ui/articles/list/ArticleActionMenu.kt:62
CAND-INV-PAGE-ADDLINKACTIVITY-F9EC19DF-77E2D992-ENV-001,FEAT-ADD-FEED,PAGE-ADDLINKACTIVITY-F9EC19DF,STATE-PAGE-ADDLINKACTIVITY-F9EC19DF-F-77E2D992,resetContentOffset,ENV-001,Satisfy resetContentOffset,State resetContentOffset visible,app/src/main/java/com/capyreader/app/ui/articles/list/ArticleLayoutScrollReset.kt:33
CAND-INV-PAGE-ADDLINKACTIVITY-F9EC19DF-12A5CD34-ENV-001,FEAT-ADD-FEED,PAGE-ADDLINKACTIVITY-F9EC19DF,STATE-PAGE-ADDLINKACTIVITY-F9EC19DF-F-12A5CD34,jumped,ENV-001,Satisfy jumped,State jumped visible,app/src/main/java/com/capyreader/app/ui/articles/list/ArticleLayoutScrollReset.kt:44
CAND-INV-PAGE-ADDLINKACTIVITY-F9EC19DF-59A83747-ENV-001,FEAT-ADD-FEED,PAGE-ADDLINKACTIVITY-F9EC19DF,STATE-PAGE-ADDLINKACTIVITY-F9EC19DF-F-59A83747,leadingContent != null,ENV-001,Satisfy leadingContent != null,State leadingContent != null visible,app/src/main/java/com/capyreader/app/ui/articles/list/ArticleListItem.kt:38
CAND-INV-PAGE-ADDLINKACTIVITY-F9EC19DF-C97EA879-ENV-001,FEAT-ADD-FEED,PAGE-ADDLINKACTIVITY-F9EC19DF,STATE-PAGE-ADDLINKACTIVITY-F9EC19DF-F-C97EA879,enableSearch,ENV-001,Satisfy enableSearch,State enableSearch visible,app/src/main/java/com/capyreader/app/ui/articles/list/ArticleListTopBar.kt:65
CAND-INV-PAGE-ADDLINKACTIVITY-F9EC19DF-8D9AABB9-ENV-001,FEAT-ADD-FEED,PAGE-ADDLINKACTIVITY-F9EC19DF,STATE-PAGE-ADDLINKACTIVITY-F9EC19DF-F-8D9AABB9,search.isActive,ENV-001,Satisfy search.isActive,State search.isActive visible,app/src/main/java/com/capyreader/app/ui/articles/list/ArticleListTopBar.kt:102
CAND-INV-PAGE-ADDLINKACTIVITY-F9EC19DF-6C891808-ENV-001,FEAT-ADD-FEED,PAGE-ADDLINKACTIVITY-F9EC19DF,STATE-PAGE-ADDLINKACTIVITY-F9EC19DF-F-6C891808,enableSearch,ENV-001,Satisfy enableSearch,State enableSearch visible,app/src/main/java/com/capyreader/app/ui/articles/list/ArticleListTopBar.kt:117
CAND-INV-PAGE-ADDLINKACTIVITY-F9EC19DF-467E9F93-ENV-001,FEAT-ADD-FEED,PAGE-ADDLINKACTIVITY-F9EC19DF,STATE-PAGE-ADDLINKACTIVITY-F9EC19DF-F-467E9F93,swipeState.disabled,ENV-001,Satisfy swipeState.disabled,State swipeState.disabled visible,app/src/main/java/com/capyreader/app/ui/articles/list/ArticleRowSwipeBox.kt:15
CAND-INV-PAGE-ADDLINKACTIVITY-F9EC19DF-DFA87F06-ENV-001,FEAT-ADD-FEED,PAGE-ADDLINKACTIVITY-F9EC19DF,STATE-PAGE-ADDLINKACTIVITY-F9EC19DF-F-DFA87F06,option == RowSwipeOption.DISABLED,ENV-001,Satisfy option == RowSwipeOption.DISABLED,State option == RowSwipeOption.DISABLED visible,app/src/main/java/com/capyreader/app/ui/articles/list/ArticleRowSwipeState.kt:56
CAND-INV-PAGE-ADDLINKACTIVITY-F9EC19DF-E8EBB5E3-ENV-001,FEAT-ADD-FEED,PAGE-ADDLINKACTIVITY-F9EC19DF,STATE-PAGE-ADDLINKACTIVITY-F9EC19DF-F-E8EBB5E3,option,ENV-001,Satisfy option,State option visible,app/src/main/java/com/capyreader/app/ui/articles/list/ArticleRowSwipeState.kt:63
CAND-INV-PAGE-ADDLINKACTIVITY-F9EC19DF-414CCB0D-ENV-001,FEAT-ADD-FEED,PAGE-ADDLINKACTIVITY-F9EC19DF,STATE-PAGE-ADDLINKACTIVITY-F9EC19DF-F-414CCB0D,isRemoveDialogOpen,ENV-001,Satisfy isRemoveDialogOpen,State isRemoveDialogOpen visible,app/src/main/java/com/capyreader/app/ui/articles/list/FeedActionMenu.kt:75
CAND-INV-PAGE-ADDLINKACTIVITY-F9EC19DF-BF09E3CB-ENV-001,FEAT-ADD-FEED,PAGE-ADDLINKACTIVITY-F9EC19DF,STATE-PAGE-ADDLINKACTIVITY-F9EC19DF-F-BF09E3CB,isEditDialogOpen,ENV-001,Satisfy isEditDialogOpen,State isEditDialogOpen visible,app/src/main/java/com/capyreader/app/ui/articles/list/FeedActionMenu.kt:86
CAND-INV-PAGE-ADDLINKACTIVITY-F9EC19DF-799EA759-ENV-001,FEAT-ADD-FEED,PAGE-ADDLINKACTIVITY-F9EC19DF,STATE-PAGE-ADDLINKACTIVITY-F9EC19DF-F-799EA759,result.isFailure,ENV-001,Satisfy result.isFailure,State result.isFailure visible,app/src/main/java/com/capyreader/app/ui/articles/list/FolderActionMenu.kt:36
CAND-INV-PAGE-ADDLINKACTIVITY-F9EC19DF-6F4EA6F7-ENV-001,FEAT-ADD-FEED,PAGE-ADDLINKACTIVITY-F9EC19DF,STATE-PAGE-ADDLINKACTIVITY-F9EC19DF-F-6F4EA6F7,showMarkAllRead,ENV-001,Satisfy showMarkAllRead,State showMarkAllRead visible,app/src/main/java/com/capyreader/app/ui/articles/list/FolderActionMenu.kt:45
CAND-INV-PAGE-ADDLINKACTIVITY-F9EC19DF-7A5905F2-ENV-001,FEAT-ADD-FEED,PAGE-ADDLINKACTIVITY-F9EC19DF,STATE-PAGE-ADDLINKACTIVITY-F9EC19DF-F-7A5905F2,source.supportsTagDeletion,ENV-001,Satisfy source.supportsTagDeletion,State source.supportsTagDeletion visible,app/src/main/java/com/capyreader/app/ui/articles/list/FolderActionMenu.kt:66
CAND-INV-PAGE-ADDLINKACTIVITY-F9EC19DF-64469B9A-ENV-001,FEAT-ADD-FEED,PAGE-ADDLINKACTIVITY-F9EC19DF,STATE-PAGE-ADDLINKACTIVITY-F9EC19DF-F-64469B9A,isRemoveDialogOpen,ENV-001,Satisfy isRemoveDialogOpen,State isRemoveDialogOpen visible,app/src/main/java/com/capyreader/app/ui/articles/list/FolderActionMenu.kt:79
CAND-INV-PAGE-LABELBOTTOMSHEET-0225305A-482CF48E-ENV-001,FEAT-LOCAL-ACCOUNT,PAGE-LABELBOTTOMSHEET-0225305A,STATE-PAGE-LABELBOTTOMSHEET-0225305A-F-482CF48E,isSelected,ENV-001,Satisfy isSelected,State isSelected visible,app/src/main/java/com/capyreader/app/ui/articles/list/LabelBottomSheet.kt:97
CAND-INV-PAGE-LABELBOTTOMSHEET-0225305A-75A70699-ENV-001,FEAT-LOCAL-ACCOUNT,PAGE-LABELBOTTOMSHEET-0225305A,STATE-PAGE-LABELBOTTOMSHEET-0225305A-F-75A70699,showCreateDialog,ENV-001,Satisfy showCreateDialog,State showCreateDialog visible,app/src/main/java/com/capyreader/app/ui/articles/list/LabelBottomSheet.kt:114
CAND-INV-PAGE-LABELBOTTOMSHEET-0225305A-08D9FCAD-ENV-001,FEAT-LOCAL-ACCOUNT,PAGE-LABELBOTTOMSHEET-0225305A,STATE-PAGE-LABELBOTTOMSHEET-0225305A-F-08D9FCAD,errorMessage != null,ENV-001,Satisfy errorMessage != null,State errorMessage != null visible,app/src/main/java/com/capyreader/app/ui/articles/list/LabelBottomSheet.kt:180
CAND-INV-PAGE-ADDLINKACTIVITY-F9EC19DF-F7FAD2FE-ENV-001,FEAT-ADD-FEED,PAGE-ADDLINKACTIVITY-F9EC19DF,STATE-PAGE-ADDLINKACTIVITY-F9EC19DF-F-F7FAD2FE,position == MarkReadPosition.FLOATING_ACTION_BUTTON,ENV-001,Satisfy position == MarkReadPosition.FLOATING_AC,State position == MarkReadPosition.FLOATING_AC visible,app/src/main/java/com/capyreader/app/ui/articles/list/MarkAllReadButton.kt:26
CAND-INV-PAGE-ADDLINKACTIVITY-F9EC19DF-9C516ACE-ENV-001,FEAT-ADD-FEED,PAGE-ADDLINKACTIVITY-F9EC19DF,STATE-PAGE-ADDLINKACTIVITY-F9EC19DF-F-9C516ACE,LocalBadgeStyle.current != BadgeStyle.SIMPLE,ENV-001,Satisfy LocalBadgeStyle.current != BadgeStyle.SI,State LocalBadgeStyle.current != BadgeStyle.SI visible,app/src/main/java/com/capyreader/app/ui/articles/list/SavedSearchActionMenu.kt:36
CAND-INV-PAGE-ADDLINKACTIVITY-F9EC19DF-EA0C62B9-ENV-001,FEAT-ADD-FEED,PAGE-ADDLINKACTIVITY-F9EC19DF,STATE-PAGE-ADDLINKACTIVITY-F9EC19DF-F-EA0C62B9,savedSearch.showUnreadBadge,ENV-001,Satisfy savedSearch.showUnreadBadge,State savedSearch.showUnreadBadge visible,app/src/main/java/com/capyreader/app/ui/articles/list/SavedSearchActionMenu.kt:45
CAND-INV-PAGE-ADDLINKACTIVITY-F9EC19DF-372805D1-ENV-001,FEAT-ADD-FEED,PAGE-ADDLINKACTIVITY-F9EC19DF,STATE-PAGE-ADDLINKACTIVITY-F9EC19DF-F-372805D1,!imageState.isImageDisplayed && !showError,ENV-001,Satisfy !imageState.isImageDisplayed && !showErr,State !imageState.isImageDisplayed && !showErr visible,app/src/main/java/com/capyreader/app/ui/articles/media/ArticleMediaView.kt:194
CAND-INV-PAGE-ADDLINKACTIVITY-F9EC19DF-1F1C79FF-ENV-001,FEAT-ADD-FEED,PAGE-ADDLINKACTIVITY-F9EC19DF,STATE-PAGE-ADDLINKACTIVITY-F9EC19DF-F-1F1C79FF,showError,ENV-001,Satisfy showError,State showError visible,app/src/main/java/com/capyreader/app/ui/articles/media/ArticleMediaView.kt:196
CAND-INV-PAGE-ADDLINKACTIVITY-F9EC19DF-C9B7E5E9-ENV-001,FEAT-ADD-FEED,PAGE-ADDLINKACTIVITY-F9EC19DF,STATE-PAGE-ADDLINKACTIVITY-F9EC19DF-F-C9B7E5E9,direction,ENV-001,Satisfy direction,State direction visible,app/src/main/java/com/capyreader/app/ui/articles/media/ArticleMediaView.kt:375
CAND-INV-PAGE-ADDLINKACTIVITY-F9EC19DF-B6D64E84-ENV-001,FEAT-ADD-FEED,PAGE-ADDLINKACTIVITY-F9EC19DF,STATE-PAGE-ADDLINKACTIVITY-F9EC19DF-F-B6D64E84,direction,ENV-001,Satisfy direction,State direction visible,app/src/main/java/com/capyreader/app/ui/articles/media/ArticleMediaView.kt:379
CAND-INV-PAGE-ADDLINKACTIVITY-F9EC19DF-97A5AC78-ENV-001,FEAT-ADD-FEED,PAGE-ADDLINKACTIVITY-F9EC19DF,STATE-PAGE-ADDLINKACTIVITY-F9EC19DF-F-97A5AC78,article.read,ENV-001,Satisfy article.read,State article.read visible,app/src/main/java/com/capyreader/app/ui/components/ArticleAction.kt:21
CAND-INV-PAGE-ADDLINKACTIVITY-F9EC19DF-180D1C26-ENV-001,FEAT-ADD-FEED,PAGE-ADDLINKACTIVITY-F9EC19DF,STATE-PAGE-ADDLINKACTIVITY-F9EC19DF-F-180D1C26,article.starred,ENV-001,Satisfy article.starred,State article.starred visible,app/src/main/java/com/capyreader/app/ui/components/ArticleAction.kt:38
CAND-INV-PAGE-ADDLINKACTIVITY-F9EC19DF-67B384D0-ENV-001,FEAT-ADD-FEED,PAGE-ADDLINKACTIVITY-F9EC19DF,STATE-PAGE-ADDLINKACTIVITY-F9EC19DF-F-67B384D0,this[role].motion,ENV-001,Satisfy this[role].motion,State this[role].motion visible,app/src/main/java/com/capyreader/app/ui/components/CapyAnimatedPane.kt:35
CAND-INV-PAGE-ADDLINKACTIVITY-F9EC19DF-7269D6CE-ENV-001,FEAT-ADD-FEED,PAGE-ADDLINKACTIVITY-F9EC19DF,STATE-PAGE-ADDLINKACTIVITY-F9EC19DF-F-7269D6CE,this[role].motion,ENV-001,Satisfy this[role].motion,State this[role].motion visible,app/src/main/java/com/capyreader/app/ui/components/CapyAnimatedPane.kt:49
CAND-INV-PAGE-ADDLINKACTIVITY-F9EC19DF-B17F39AC-ENV-001,FEAT-ADD-FEED,PAGE-ADDLINKACTIVITY-F9EC19DF,STATE-PAGE-ADDLINKACTIVITY-F9EC19DF-F-B17F39AC,fillSize,ENV-001,Satisfy fillSize,State fillSize visible,app/src/main/java/com/capyreader/app/ui/components/EmptyView.kt:17
CAND-INV-PAGE-ADDLINKACTIVITY-F9EC19DF-8BEA6784-ENV-001,FEAT-ADD-FEED,PAGE-ADDLINKACTIVITY-F9EC19DF,STATE-PAGE-ADDLINKACTIVITY-F9EC19DF-F-8BEA6784,showLoading,ENV-001,Satisfy showLoading,State showLoading visible,app/src/main/java/com/capyreader/app/ui/components/EmptyView.kt:27
CAND-INV-PAGE-ADDLINKACTIVITY-F9EC19DF-99552011-ENV-001,FEAT-ADD-FEED,PAGE-ADDLINKACTIVITY-F9EC19DF,STATE-PAGE-ADDLINKACTIVITY-F9EC19DF-F-99552011,title != null,ENV-001,Satisfy title != null,State title != null visible,app/src/main/java/com/capyreader/app/ui/components/FormSection.kt:30
CAND-INV-PAGE-ADDLINKACTIVITY-F9EC19DF-C70BBDB7-ENV-001,FEAT-ADD-FEED,PAGE-ADDLINKACTIVITY-F9EC19DF,STATE-PAGE-ADDLINKACTIVITY-F9EC19DF-F-C70BBDB7,this,ENV-001,Satisfy this,State this visible,app/src/main/java/com/capyreader/app/ui/components/FormSection.kt:49
CAND-INV-PAGE-ADDLINKACTIVITY-F9EC19DF-8CFB4E99-ENV-001,FEAT-ADD-FEED,PAGE-ADDLINKACTIVITY-F9EC19DF,STATE-PAGE-ADDLINKACTIVITY-F9EC19DF-F-8CFB4E99,showLoading,ENV-001,Satisfy showLoading,State showLoading visible,app/src/main/java/com/capyreader/app/ui/components/LoadingView.kt:25
CAND-INV-PAGE-ADDLINKACTIVITY-F9EC19DF-1D08BD5C-ENV-001,FEAT-ADD-FEED,PAGE-ADDLINKACTIVITY-F9EC19DF,STATE-PAGE-ADDLINKACTIVITY-F9EC19DF-F-1D08BD5C,singleLine,ENV-001,Satisfy singleLine,State singleLine visible,app/src/main/java/com/capyreader/app/ui/components/SearchTextField.kt:50
CAND-INV-PAGE-ADDLINKACTIVITY-F9EC19DF-C4CD9646-ENV-001,FEAT-ADD-FEED,PAGE-ADDLINKACTIVITY-F9EC19DF,STATE-PAGE-ADDLINKACTIVITY-F9EC19DF-F-C4CD9646,maxHeight == 0,ENV-001,Satisfy maxHeight == 0,State maxHeight == 0 visible,app/src/main/java/com/capyreader/app/ui/components/SwiperState.kt:49
CAND-INV-PAGE-ADDLINKACTIVITY-F9EC19DF-6FE52996-ENV-001,FEAT-ADD-FEED,PAGE-ADDLINKACTIVITY-F9EC19DF,STATE-PAGE-ADDLINKACTIVITY-F9EC19DF-F-6FE52996,enabled,ENV-001,Satisfy enabled,State enabled visible,app/src/main/java/com/capyreader/app/ui/components/TextSwitch.kt:45
CAND-INV-PAGE-ADDLINKACTIVITY-F9EC19DF-49CD935E-ENV-001,FEAT-ADD-FEED,PAGE-ADDLINKACTIVITY-F9EC19DF,STATE-PAGE-ADDLINKACTIVITY-F9EC19DF-F-49CD935E,subtitle != null,ENV-001,Satisfy subtitle != null,State subtitle != null visible,app/src/main/java/com/capyreader/app/ui/components/TextSwitch.kt:47
CAND-INV-PAGE-ADDLINKACTIVITY-F9EC19DF-116BF1FA-ENV-001,FEAT-ADD-FEED,PAGE-ADDLINKACTIVITY-F9EC19DF,STATE-PAGE-ADDLINKACTIVITY-F9EC19DF-F-116BF1FA,enabled,ENV-001,Satisfy enabled,State enabled visible,app/src/main/java/com/capyreader/app/ui/components/TextSwitch.kt:50
CAND-INV-PAGE-ADDLINKACTIVITY-F9EC19DF-2AB72B6F-ENV-001,FEAT-ADD-FEED,PAGE-ADDLINKACTIVITY-F9EC19DF,STATE-PAGE-ADDLINKACTIVITY-F9EC19DF-F-2AB72B6F,asset != null,ENV-001,Satisfy asset != null,State asset != null visible,app/src/main/java/com/capyreader/app/ui/components/WebView.kt:75
CAND-INV-PAGE-ADDLINKACTIVITY-F9EC19DF-95740F8D-ENV-001,FEAT-ADD-FEED,PAGE-ADDLINKACTIVITY-F9EC19DF,STATE-PAGE-ADDLINKACTIVITY-F9EC19DF-F-95740F8D,url != null,ENV-001,Satisfy url != null,State url != null visible,app/src/main/java/com/capyreader/app/ui/components/WebView.kt:144
CAND-INV-PAGE-ADDLINKACTIVITY-F9EC19DF-690609B2-ENV-001,FEAT-ADD-FEED,PAGE-ADDLINKACTIVITY-F9EC19DF,STATE-PAGE-ADDLINKACTIVITY-F9EC19DF-F-690609B2,id == htmlId && hash == contentHash,ENV-001,Satisfy id == htmlId && hash == contentHash,State id == htmlId && hash == contentHash visible,app/src/main/java/com/capyreader/app/ui/components/WebView.kt:172
CAND-INV-PAGE-ADDLINKACTIVITY-F9EC19DF-78C86FD3-ENV-001,FEAT-ADD-FEED,PAGE-ADDLINKACTIVITY-F9EC19DF,STATE-PAGE-ADDLINKACTIVITY-F9EC19DF-F-78C86FD3,htmlId == null,ENV-001,Satisfy htmlId == null,State htmlId == null visible,app/src/main/java/com/capyreader/app/ui/components/WebView.kt:208
CAND-INV-PAGE-ADDLINKACTIVITY-F9EC19DF-3DFE788F-ENV-001,FEAT-ADD-FEED,PAGE-ADDLINKACTIVITY-F9EC19DF,STATE-PAGE-ADDLINKACTIVITY-F9EC19DF-F-3DFE788F,url != null,ENV-001,Satisfy url != null,State url != null visible,app/src/main/java/com/capyreader/app/ui/components/WebView.kt:212
CAND-INV-PAGE-ADDLINKACTIVITY-F9EC19DF-F0D7DD4C-ENV-001,FEAT-ADD-FEED,PAGE-ADDLINKACTIVITY-F9EC19DF,STATE-PAGE-ADDLINKACTIVITY-F9EC19DF-F-F0D7DD4C,enableNativeScroll,ENV-001,Satisfy enableNativeScroll,State enableNativeScroll visible,app/src/main/java/com/capyreader/app/ui/components/WebView.kt:249
CAND-INV-PAGE-ADDLINKACTIVITY-F9EC19DF-DCF56BCD-ENV-001,FEAT-ADD-FEED,PAGE-ADDLINKACTIVITY-F9EC19DF,STATE-PAGE-ADDLINKACTIVITY-F9EC19DF-F-DCF56BCD,arrowEnabled,ENV-001,Satisfy arrowEnabled,State arrowEnabled visible,app/src/main/java/com/capyreader/app/ui/components/pullrefresh/CircularProgressPainter.kt:77
CAND-INV-PAGE-ADDLINKACTIVITY-F9EC19DF-BA63F792-ENV-001,FEAT-ADD-FEED,PAGE-ADDLINKACTIVITY-F9EC19DF,STATE-PAGE-ADDLINKACTIVITY-F9EC19DF-F-BA63F792,largeIndication,ENV-001,Satisfy largeIndication,State largeIndication visible,app/src/main/java/com/capyreader/app/ui/components/pullrefresh/PullRefreshIndicator.kt:101
CAND-INV-PAGE-ADDLINKACTIVITY-F9EC19DF-6D2A8B1B-ENV-001,FEAT-ADD-FEED,PAGE-ADDLINKACTIVITY-F9EC19DF,STATE-PAGE-ADDLINKACTIVITY-F9EC19DF-F-6D2A8B1B,state.isSwipeInProgress,ENV-001,Satisfy state.isSwipeInProgress,State state.isSwipeInProgress visible,app/src/main/java/com/capyreader/app/ui/components/pullrefresh/PullRefreshIndicator.kt:117
CAND-INV-PAGE-ADDLINKACTIVITY-F9EC19DF-67E6BFD0-ENV-001,FEAT-ADD-FEED,PAGE-ADDLINKACTIVITY-F9EC19DF,STATE-PAGE-ADDLINKACTIVITY-F9EC19DF-F-67E6BFD0,!state.isSwipeInProgress,ENV-001,Satisfy !state.isSwipeInProgress,State !state.isSwipeInProgress visible,app/src/main/java/com/capyreader/app/ui/components/pullrefresh/PullRefreshIndicator.kt:123
CAND-INV-PAGE-ADDLINKACTIVITY-F9EC19DF-7F905F95-ENV-001,FEAT-ADD-FEED,PAGE-ADDLINKACTIVITY-F9EC19DF,STATE-PAGE-ADDLINKACTIVITY-F9EC19DF-F-7F905F95,clockwise,ENV-001,Satisfy clockwise,State clockwise visible,app/src/main/java/com/capyreader/app/ui/components/pullrefresh/PullRefreshIndicator.kt:142
CAND-INV-PAGE-ADDLINKACTIVITY-F9EC19DF-9393B0DB-ENV-001,FEAT-ADD-FEED,PAGE-ADDLINKACTIVITY-F9EC19DF,STATE-PAGE-ADDLINKACTIVITY-F9EC19DF-F-9393B0DB,scale && !state.isRefreshing,ENV-001,Satisfy scale && !state.isRefreshing,State scale && !state.isRefreshing visible,app/src/main/java/com/capyreader/app/ui/components/pullrefresh/PullRefreshIndicator.kt:148
CAND-INV-PAGE-ADDLINKACTIVITY-F9EC19DF-8FAD1768-ENV-001,FEAT-ADD-FEED,PAGE-ADDLINKACTIVITY-F9EC19DF,STATE-PAGE-ADDLINKACTIVITY-F9EC19DF-F-8FAD1768,fade,ENV-001,Satisfy fade,State fade visible,app/src/main/java/com/capyreader/app/ui/components/pullrefresh/PullRefreshIndicator.kt:164
CAND-INV-PAGE-ADDLINKACTIVITY-F9EC19DF-9F619384-ENV-001,FEAT-ADD-FEED,PAGE-ADDLINKACTIVITY-F9EC19DF,STATE-PAGE-ADDLINKACTIVITY-F9EC19DF-F-9F619384,dragConsumed.absoluteValue >= 0.5f,ENV-001,Satisfy dragConsumed.absoluteValue >= 0.5f,State dragConsumed.absoluteValue >= 0.5f visible,app/src/main/java/com/capyreader/app/ui/components/pullrefresh/SwipeRefresh.kt:154
CAND-INV-PAGE-ADDLINKACTIVITY-F9EC19DF-56BE1E5D-ENV-001,FEAT-ADD-FEED,PAGE-ADDLINKACTIVITY-F9EC19DF,STATE-PAGE-ADDLINKACTIVITY-F9EC19DF-F-56BE1E5D,scrollFromTop,ENV-001,Satisfy scrollFromTop,State scrollFromTop visible,app/src/main/java/com/capyreader/app/ui/components/pullrefresh/SwipeRefresh.kt:159
CAND-INV-PAGE-ADDLINKACTIVITY-F9EC19DF-F9EB1F7A-ENV-001,FEAT-ADD-FEED,PAGE-ADDLINKACTIVITY-F9EC19DF,STATE-PAGE-ADDLINKACTIVITY-F9EC19DF-F-F9EB1F7A,!state.isRefreshing && state.indicatorOffset >= refreshTrigger,ENV-001,Satisfy !state.isRefreshing && state.indicatorOf,State !state.isRefreshing && state.indicatorOf visible,app/src/main/java/com/capyreader/app/ui/components/pullrefresh/SwipeRefresh.kt:172
CAND-INV-PAGE-ADDLINKACTIVITY-F9EC19DF-543F8DE3-ENV-001,FEAT-ADD-FEED,PAGE-ADDLINKACTIVITY-F9EC19DF,STATE-PAGE-ADDLINKACTIVITY-F9EC19DF-F-543F8DE3,scrollFromTop,ENV-001,Satisfy scrollFromTop,State scrollFromTop visible,app/src/main/java/com/capyreader/app/ui/components/pullrefresh/SwipeRefresh.kt:184
CAND-INV-PAGE-ADDLINKACTIVITY-F9EC19DF-ECAF3116-ENV-001,FEAT-ADD-FEED,PAGE-ADDLINKACTIVITY-F9EC19DF,STATE-PAGE-ADDLINKACTIVITY-F9EC19DF-F-ECAF3116,!state.isSwipeInProgress,ENV-001,Satisfy !state.isSwipeInProgress,State !state.isSwipeInProgress visible,app/src/main/java/com/capyreader/app/ui/components/pullrefresh/SwipeRefresh.kt:258
CAND-INV-PAGE-ADDLINKACTIVITY-F9EC19DF-670908CF-ENV-001,FEAT-ADD-FEED,PAGE-ADDLINKACTIVITY-F9EC19DF,STATE-PAGE-ADDLINKACTIVITY-F9EC19DF-F-670908CF,atTrigger,ENV-001,Satisfy atTrigger,State atTrigger visible,app/src/main/java/com/capyreader/app/ui/components/pullrefresh/SwipeRefresh.kt:285
CAND-INV-PAGE-ADDLINKACTIVITY-F9EC19DF-8E8DB70C-ENV-001,FEAT-ADD-FEED,PAGE-ADDLINKACTIVITY-F9EC19DF,STATE-PAGE-ADDLINKACTIVITY-F9EC19DF-F-8E8DB70C,!clipIndicatorToPadding,ENV-001,Satisfy !clipIndicatorToPadding,State !clipIndicatorToPadding visible,app/src/main/java/com/capyreader/app/ui/components/pullrefresh/SwipeRefresh.kt:297
CAND-INV-PAGE-ADDLINKACTIVITY-F9EC19DF-9B69C9D8-ENV-001,FEAT-ADD-FEED,PAGE-ADDLINKACTIVITY-F9EC19DF,STATE-PAGE-ADDLINKACTIVITY-F9EC19DF-F-9B69C9D8,clipIndicatorToPadding,ENV-001,Satisfy clipIndicatorToPadding,State clipIndicatorToPadding visible,app/src/main/java/com/capyreader/app/ui/components/pullrefresh/SwipeRefresh.kt:302
CAND-INV-PAGE-ADDLINKACTIVITY-F9EC19DF-D35F7CFF-ENV-001,FEAT-ADD-FEED,PAGE-ADDLINKACTIVITY-F9EC19DF,STATE-PAGE-ADDLINKACTIVITY-F9EC19DF-F-D35F7CFF,source,ENV-001,Satisfy source,State source visible,app/src/main/java/com/capyreader/app/ui/settings/AccountSettingsStrings.kt:15
CAND-INV-PAGE-ADDLINKACTIVITY-F9EC19DF-8A03DA63-ENV-001,FEAT-ADD-FEED,PAGE-ADDLINKACTIVITY-F9EC19DF,STATE-PAGE-ADDLINKACTIVITY-F9EC19DF-F-8A03DA63,enabled,ENV-001,Satisfy enabled,State enabled visible,app/src/main/java/com/capyreader/app/ui/settings/PreferenceSelect.kt:57
CAND-INV-PAGE-ADDLINKACTIVITY-F9EC19DF-B8DC83A8-ENV-001,FEAT-ADD-FEED,PAGE-ADDLINKACTIVITY-F9EC19DF,STATE-PAGE-ADDLINKACTIVITY-F9EC19DF-F-B8DC83A8,enabled,ENV-001,Satisfy enabled,State enabled visible,app/src/main/java/com/capyreader/app/ui/settings/PreferenceSelect.kt:58
CAND-INV-PAGE-ADDLINKACTIVITY-F9EC19DF-D47BE85D-ENV-001,FEAT-ADD-FEED,PAGE-ADDLINKACTIVITY-F9EC19DF,STATE-PAGE-ADDLINKACTIVITY-F9EC19DF-F-D47BE85D,isOpen,ENV-001,Satisfy isOpen,State isOpen visible,app/src/main/java/com/capyreader/app/ui/settings/PreferenceSelect.kt:78
CAND-INV-PAGE-ADDLINKACTIVITY-F9EC19DF-536CF618-ENV-001,FEAT-ADD-FEED,PAGE-ADDLINKACTIVITY-F9EC19DF,STATE-PAGE-ADDLINKACTIVITY-F9EC19DF-F-536CF618,option == disabledOption,ENV-001,Satisfy option == disabledOption,State option == disabledOption visible,app/src/main/java/com/capyreader/app/ui/settings/PreferenceSelect.kt:122
CAND-INV-PAGE-ADDLINKACTIVITY-F9EC19DF-48689452-ENV-001,FEAT-ADD-FEED,PAGE-ADDLINKACTIVITY-F9EC19DF,STATE-PAGE-ADDLINKACTIVITY-F9EC19DF-F-48689452,isSubPanelNavigation,ENV-001,Satisfy isSubPanelNavigation,State isSubPanelNavigation visible,app/src/main/java/com/capyreader/app/ui/settings/SettingsView.kt:93
CAND-INV-PAGE-ADDLINKACTIVITY-F9EC19DF-8F234A0F-ENV-001,FEAT-ADD-FEED,PAGE-ADDLINKACTIVITY-F9EC19DF,STATE-PAGE-ADDLINKACTIVITY-F9EC19DF-F-8F234A0F,forward,ENV-001,Satisfy forward,State forward visible,app/src/main/java/com/capyreader/app/ui/settings/SettingsView.kt:97
CAND-INV-PAGE-ADDLINKACTIVITY-F9EC19DF-890E4B1B-ENV-001,FEAT-ADD-FEED,PAGE-ADDLINKACTIVITY-F9EC19DF,STATE-PAGE-ADDLINKACTIVITY-F9EC19DF-F-890E4B1B,panel != null,ENV-001,Satisfy panel != null,State panel != null visible,app/src/main/java/com/capyreader/app/ui/settings/SettingsView.kt:124
CAND-INV-PAGE-ADDLINKACTIVITY-F9EC19DF-045F562E-ENV-001,FEAT-ADD-FEED,PAGE-ADDLINKACTIVITY-F9EC19DF,STATE-PAGE-ADDLINKACTIVITY-F9EC19DF-F-045F562E,panel,ENV-001,Satisfy panel,State panel visible,app/src/main/java/com/capyreader/app/ui/settings/SettingsView.kt:131
CAND-INV-PAGE-ADDLINKACTIVITY-F9EC19DF-3829A8FF-ENV-001,FEAT-ADD-FEED,PAGE-ADDLINKACTIVITY-F9EC19DF,STATE-PAGE-ADDLINKACTIVITY-F9EC19DF-F-3829A8FF,isOpen,ENV-001,Satisfy isOpen,State isOpen visible,app/src/main/java/com/capyreader/app/ui/settings/filters/FiltersItem.kt:33
CAND-INV-PAGE-ADDLINKACTIVITY-F9EC19DF-15F2A126-ENV-001,FEAT-ADD-FEED,PAGE-ADDLINKACTIVITY-F9EC19DF,STATE-PAGE-ADDLINKACTIVITY-F9EC19DF-F-15F2A126,isRemoveDialogOpen,ENV-001,Satisfy isRemoveDialogOpen,State isRemoveDialogOpen visible,app/src/main/java/com/capyreader/app/ui/settings/panels/AccountSettingsPanel.kt:205
CAND-INV-PAGE-ADDLINKACTIVITY-F9EC19DF-A9A634DB-ENV-001,FEAT-ADD-FEED,PAGE-ADDLINKACTIVITY-F9EC19DF,STATE-PAGE-ADDLINKACTIVITY-F9EC19DF-F-A9A634DB,source == Source.LOCAL,ENV-001,Satisfy source == Source.LOCAL,State source == Source.LOCAL visible,app/src/main/java/com/capyreader/app/ui/settings/panels/AccountSettingsPanel.kt:231
CAND-INV-PAGE-ADDLINKACTIVITY-F9EC19DF-384C2292-ENV-001,FEAT-ADD-FEED,PAGE-ADDLINKACTIVITY-F9EC19DF,STATE-PAGE-ADDLINKACTIVITY-F9EC19DF-F-384C2292,lastRefreshed,ENV-001,Satisfy lastRefreshed,State lastRefreshed visible,app/src/main/java/com/capyreader/app/ui/settings/panels/AccountSettingsPanel.kt:253
CAND-INV-PAGE-ADDLINKACTIVITY-F9EC19DF-630A1D28-ENV-001,FEAT-ADD-FEED,PAGE-ADDLINKACTIVITY-F9EC19DF,STATE-PAGE-ADDLINKACTIVITY-F9EC19DF-F-630A1D28,workInfo == null || workInfo.state.isFinished,ENV-001,Satisfy workInfo == null || workInfo.state.isFin,State workInfo == null || workInfo.state.isFin visible,app/src/main/java/com/capyreader/app/ui/settings/panels/AccountSettingsViewModel.kt:60
CAND-INV-PAGE-ARTICLELISTSETTINGS-ACD03C79-DB98FFDA-ENV-001,FEAT-LOCAL-ACCOUNT,PAGE-ARTICLELISTSETTINGS-ACD03C79,STATE-PAGE-ARTICLELISTSETTINGS-ACD03C79-F-DB98FFDA,options.shortenTitles,ENV-001,Satisfy options.shortenTitles,State options.shortenTitles visible,app/src/main/java/com/capyreader/app/ui/settings/panels/ArticleListSettings.kt:155
CAND-INV-PAGE-ARTICLELISTSETTINGS-ACD03C79-8D3AA73B-ENV-001,FEAT-LOCAL-ACCOUNT,PAGE-ARTICLELISTSETTINGS-ACD03C79,STATE-PAGE-ARTICLELISTSETTINGS-ACD03C79-F-8D3AA73B,options.showFeedName,ENV-001,Satisfy options.showFeedName,State options.showFeedName visible,app/src/main/java/com/capyreader/app/ui/settings/panels/ArticleListSettings.kt:168
CAND-INV-PAGE-ARTICLELISTSETTINGS-ACD03C79-505C3141-ENV-001,FEAT-LOCAL-ACCOUNT,PAGE-ARTICLELISTSETTINGS-ACD03C79,STATE-PAGE-ARTICLELISTSETTINGS-ACD03C79-F-505C3141,options.showSummary || options.imagePreview == ImagePreview.LARGE,ENV-001,Satisfy options.showSummary || options.imagePrev,State options.showSummary || options.imagePrev visible,app/src/main/java/com/capyreader/app/ui/settings/panels/ArticleListSettings.kt:185
CAND-INV-PAGE-ARTICLELISTSETTINGS-ACD03C79-B65236B3-ENV-001,FEAT-LOCAL-ACCOUNT,PAGE-ARTICLELISTSETTINGS-ACD03C79,STATE-PAGE-ARTICLELISTSETTINGS-ACD03C79-F-B65236B3,options.showSummary,ENV-001,Satisfy options.showSummary,State options.showSummary visible,app/src/main/java/com/capyreader/app/ui/settings/panels/ArticleListSettings.kt:191
CAND-INV-PAGE-ARTICLELISTSETTINGS-ACD03C79-AB539A37-ENV-001,FEAT-LOCAL-ACCOUNT,PAGE-ARTICLELISTSETTINGS-ACD03C79,STATE-PAGE-ARTICLELISTSETTINGS-ACD03C79-F-AB539A37,options.imagePreview == ImagePreview.LARGE,ENV-001,Satisfy options.imagePreview == ImagePreview.LAR,State options.imagePreview == ImagePreview.LAR visible,app/src/main/java/com/capyreader/app/ui/settings/panels/ArticleListSettings.kt:198
CAND-INV-PAGE-ARTICLELISTSETTINGS-ACD03C79-1F63487A-ENV-001,FEAT-LOCAL-ACCOUNT,PAGE-ARTICLELISTSETTINGS-ACD03C79,STATE-PAGE-ARTICLELISTSETTINGS-ACD03C79-F-1F63487A,options.showFeedIcons,ENV-001,Satisfy options.showFeedIcons,State options.showFeedIcons visible,app/src/main/java/com/capyreader/app/ui/settings/panels/ArticleListSettings.kt:206
CAND-INV-PAGE-ARTICLELISTSETTINGS-ACD03C79-897F87C9-ENV-001,FEAT-LOCAL-ACCOUNT,PAGE-ARTICLELISTSETTINGS-ACD03C79,STATE-PAGE-ARTICLELISTSETTINGS-ACD03C79-F-897F87C9,isMonochrome,ENV-001,Satisfy isMonochrome,State isMonochrome visible,app/src/main/java/com/capyreader/app/ui/settings/panels/ArticleListSettings.kt:257
CAND-INV-PAGE-ARTICLELISTSETTINGS-ACD03C79-B8A13556-ENV-001,FEAT-LOCAL-ACCOUNT,PAGE-ARTICLELISTSETTINGS-ACD03C79,STATE-PAGE-ARTICLELISTSETTINGS-ACD03C79-F-B8A13556,imagePreview,ENV-001,Satisfy imagePreview,State imagePreview visible,app/src/main/java/com/capyreader/app/ui/settings/panels/ArticleListSettings.kt:223
CAND-INV-PAGE-ARTICLELISTSETTINGS-ACD03C79-F3FB9798-ENV-001,FEAT-LOCAL-ACCOUNT,PAGE-ARTICLELISTSETTINGS-ACD03C79,STATE-PAGE-ARTICLELISTSETTINGS-ACD03C79-F-F3FB9798,imagePreview,ENV-001,Satisfy imagePreview,State imagePreview visible,app/src/main/java/com/capyreader/app/ui/settings/panels/ArticleListSettings.kt:243
CAND-INV-PAGE-ADDLINKACTIVITY-F9EC19DF-A570E040-ENV-001,FEAT-ADD-FEED,PAGE-ADDLINKACTIVITY-F9EC19DF,STATE-PAGE-ADDLINKACTIVITY-F9EC19DF-F-A570E040,autoDelete,ENV-001,Satisfy autoDelete,State autoDelete visible,app/src/main/java/com/capyreader/app/ui/settings/panels/AutoDeleteMenu.kt:38
CAND-INV-PAGE-ADDLINKACTIVITY-F9EC19DF-5599E332-ENV-001,FEAT-ADD-FEED,PAGE-ADDLINKACTIVITY-F9EC19DF,STATE-PAGE-ADDLINKACTIVITY-F9EC19DF-F-5599E332,appPreferences != null,ENV-001,Satisfy appPreferences != null,State appPreferences != null visible,app/src/main/java/com/capyreader/app/ui/settings/panels/DisplaySettingsPanel.kt:107
CAND-INV-PAGE-ADDLINKACTIVITY-F9EC19DF-49B8C954-ENV-001,FEAT-ADD-FEED,PAGE-ADDLINKACTIVITY-F9EC19DF,STATE-PAGE-ADDLINKACTIVITY-F9EC19DF-F-49B8C954,index,ENV-001,Satisfy index,State index visible,app/src/main/java/com/capyreader/app/ui/settings/panels/DisplaySettingsPanel.kt:199
CAND-INV-PAGE-ADDLINKACTIVITY-F9EC19DF-D4AFCAEB-ENV-001,FEAT-ADD-FEED,PAGE-ADDLINKACTIVITY-F9EC19DF,STATE-PAGE-ADDLINKACTIVITY-F9EC19DF-F-D4AFCAEB,source == Source.LOCAL,ENV-001,Satisfy source == Source.LOCAL,State source == Source.LOCAL visible,app/src/main/java/com/capyreader/app/ui/settings/panels/GeneralSettingsPanel.kt:170
CAND-INV-PAGE-ADDLINKACTIVITY-F9EC19DF-4374FEF3-ENV-001,FEAT-ADD-FEED,PAGE-ADDLINKACTIVITY-F9EC19DF,STATE-PAGE-ADDLINKACTIVITY-F9EC19DF-F-4374FEF3,CrashReporting.isAvailable,ENV-001,Satisfy CrashReporting.isAvailable,State CrashReporting.isAvailable visible,app/src/main/java/com/capyreader/app/ui/settings/panels/GeneralSettingsPanel.kt:176
CAND-INV-PAGE-ADDLINKACTIVITY-F9EC19DF-70A85CAD-ENV-001,FEAT-ADD-FEED,PAGE-ADDLINKACTIVITY-F9EC19DF,STATE-PAGE-ADDLINKACTIVITY-F9EC19DF-F-70A85CAD,BuildConfig.DEBUG && !LocalView.current.isInEditMode,ENV-001,Satisfy BuildConfig.DEBUG && !LocalView.current.,State BuildConfig.DEBUG && !LocalView.current. visible,app/src/main/java/com/capyreader/app/ui/settings/panels/GeneralSettingsPanel.kt:256
CAND-INV-PAGE-ADDLINKACTIVITY-F9EC19DF-548CE292-ENV-001,FEAT-ADD-FEED,PAGE-ADDLINKACTIVITY-F9EC19DF,STATE-PAGE-ADDLINKACTIVITY-F9EC19DF-F-548CE292,isClearArticlesDialogOpen,ENV-001,Satisfy isClearArticlesDialogOpen,State isClearArticlesDialogOpen visible,app/src/main/java/com/capyreader/app/ui/settings/panels/GeneralSettingsPanel.kt:263
CAND-INV-PAGE-ADDLINKACTIVITY-F9EC19DF-D6651D39-ENV-001,FEAT-ADD-FEED,PAGE-ADDLINKACTIVITY-F9EC19DF,STATE-PAGE-ADDLINKACTIVITY-F9EC19DF-F-D6651D39,result == SnackbarResult.ActionPerformed,ENV-001,Satisfy result == SnackbarResult.ActionPerformed,State result == SnackbarResult.ActionPerformed visible,app/src/main/java/com/capyreader/app/ui/settings/panels/GeneralSettingsPanel.kt:299
CAND-INV-PAGE-ADDLINKACTIVITY-F9EC19DF-FFE04936-ENV-001,FEAT-ADD-FEED,PAGE-ADDLINKACTIVITY-F9EC19DF,STATE-PAGE-ADDLINKACTIVITY-F9EC19DF-F-FFE04936,enabled,ENV-001,Satisfy enabled,State enabled visible,app/src/main/java/com/capyreader/app/ui/settings/panels/GeneralSettingsPanel.kt:307
CAND-INV-PAGE-ADDLINKACTIVITY-F9EC19DF-00363095-ENV-001,FEAT-ADD-FEED,PAGE-ADDLINKACTIVITY-F9EC19DF,STATE-PAGE-ADDLINKACTIVITY-F9EC19DF-F-00363095,enabled,ENV-001,Satisfy enabled,State enabled visible,app/src/main/java/com/capyreader/app/ui/settings/panels/GeneralSettingsPanel.kt:308
CAND-INV-PAGE-ADDLINKACTIVITY-F9EC19DF-B89BDDF9-ENV-001,FEAT-ADD-FEED,PAGE-ADDLINKACTIVITY-F9EC19DF,STATE-PAGE-ADDLINKACTIVITY-F9EC19DF-F-B89BDDF9,allowed,ENV-001,Satisfy allowed,State allowed visible,app/src/main/java/com/capyreader/app/ui/settings/panels/GeneralSettingsPanel.kt:312
CAND-INV-PAGE-ADDLINKACTIVITY-F9EC19DF-19336566-ENV-001,FEAT-ADD-FEED,PAGE-ADDLINKACTIVITY-F9EC19DF,STATE-PAGE-ADDLINKACTIVITY-F9EC19DF-F-19336566,Notifications.askForPermission,ENV-001,Satisfy Notifications.askForPermission,State Notifications.askForPermission visible,app/src/main/java/com/capyreader/app/ui/settings/panels/GeneralSettingsPanel.kt:323
CAND-INV-PAGE-ADDLINKACTIVITY-F9EC19DF-4A240617-ENV-001,FEAT-ADD-FEED,PAGE-ADDLINKACTIVITY-F9EC19DF,STATE-PAGE-ADDLINKACTIVITY-F9EC19DF-F-4A240617,!enabled,ENV-001,Satisfy !enabled,State !enabled visible,app/src/main/java/com/capyreader/app/ui/settings/panels/GeneralSettingsPanel.kt:336
CAND-INV-PAGE-ADDLINKACTIVITY-F9EC19DF-D50197FC-ENV-001,FEAT-ADD-FEED,PAGE-ADDLINKACTIVITY-F9EC19DF,STATE-PAGE-ADDLINKACTIVITY-F9EC19DF-F-D50197FC,enabled,ENV-001,Satisfy enabled,State enabled visible,app/src/main/java/com/capyreader/app/ui/settings/panels/GeneralSettingsPanel.kt:341
CAND-INV-PAGE-ADDLINKACTIVITY-F9EC19DF-E57E06A1-ENV-001,FEAT-ADD-FEED,PAGE-ADDLINKACTIVITY-F9EC19DF,STATE-PAGE-ADDLINKACTIVITY-F9EC19DF-F-E57E06A1,!enable,ENV-001,Satisfy !enable,State !enable visible,app/src/main/java/com/capyreader/app/ui/settings/panels/GeneralSettingsViewModel.kt:111
CAND-INV-PAGE-ADDLINKACTIVITY-F9EC19DF-397222C1-ENV-001,FEAT-ADD-FEED,PAGE-ADDLINKACTIVITY-F9EC19DF,STATE-PAGE-ADDLINKACTIVITY-F9EC19DF-F-397222C1,improve,ENV-001,Satisfy improve,State improve visible,app/src/main/java/com/capyreader/app/ui/settings/panels/GesturesSettingsViewModel.kt:54
CAND-INV-PAGE-ADDLINKACTIVITY-F9EC19DF-B52BA2F7-ENV-001,FEAT-ADD-FEED,PAGE-ADDLINKACTIVITY-F9EC19DF,STATE-PAGE-ADDLINKACTIVITY-F9EC19DF-F-B52BA2F7,epochSeconds == 0L,ENV-001,Satisfy epochSeconds == 0L,State epochSeconds == 0L visible,app/src/main/java/com/capyreader/app/ui/settings/panels/LastRefreshed.kt:21
CAND-INV-PAGE-ADDLINKACTIVITY-F9EC19DF-CD6B4568-ENV-001,FEAT-ADD-FEED,PAGE-ADDLINKACTIVITY-F9EC19DF,STATE-PAGE-ADDLINKACTIVITY-F9EC19DF-F-CD6B4568,groupSelection,ENV-001,Satisfy groupSelection,State groupSelection visible,app/src/main/java/com/capyreader/app/ui/settings/panels/NotificationGroupCheckbox.kt:28
CAND-INV-PAGE-ADDLINKACTIVITY-F9EC19DF-2BBD2197-ENV-001,FEAT-ADD-FEED,PAGE-ADDLINKACTIVITY-F9EC19DF,STATE-PAGE-ADDLINKACTIVITY-F9EC19DF-F-2BBD2197,groupSelection,ENV-001,Satisfy groupSelection,State groupSelection visible,app/src/main/java/com/capyreader/app/ui/settings/panels/NotificationGroupCheckbox.kt:41
CAND-INV-PAGE-ADDLINKACTIVITY-F9EC19DF-0A53C629-ENV-001,FEAT-ADD-FEED,PAGE-ADDLINKACTIVITY-F9EC19DF,STATE-PAGE-ADDLINKACTIVITY-F9EC19DF-F-0A53C629,count,ENV-001,Satisfy count,State count visible,app/src/main/java/com/capyreader/app/ui/settings/panels/NotificationGroupCheckbox.kt:63
CAND-INV-PAGE-ADDLINKACTIVITY-F9EC19DF-B7749D02-ENV-001,FEAT-ADD-FEED,PAGE-ADDLINKACTIVITY-F9EC19DF,STATE-PAGE-ADDLINKACTIVITY-F9EC19DF-F-B7749D02,Notifications.askForPermission,ENV-001,Satisfy Notifications.askForPermission,State Notifications.askForPermission visible,app/src/main/java/com/capyreader/app/ui/settings/panels/OPMLImportButton.kt:32
CAND-INV-PAGE-ADDLINKACTIVITY-F9EC19DF-E3524B53-ENV-001,FEAT-ADD-FEED,PAGE-ADDLINKACTIVITY-F9EC19DF,STATE-PAGE-ADDLINKACTIVITY-F9EC19DF-F-E3524B53,progress != null,ENV-001,Satisfy progress != null,State progress != null visible,app/src/main/java/com/capyreader/app/ui/settings/panels/OPMLImportButton.kt:46
CAND-INV-PAGE-ADDLINKACTIVITY-F9EC19DF-4A476A8E-ENV-001,FEAT-ADD-FEED,PAGE-ADDLINKACTIVITY-F9EC19DF,STATE-PAGE-ADDLINKACTIVITY-F9EC19DF-F-4A476A8E,progress.total == 0,ENV-001,Satisfy progress.total == 0,State progress.total == 0 visible,app/src/main/java/com/capyreader/app/ui/settings/panels/OPMLImportButton.kt:58
CAND-INV-PAGE-ADDLINKACTIVITY-F9EC19DF-5B65B9C1-ENV-001,FEAT-ADD-FEED,PAGE-ADDLINKACTIVITY-F9EC19DF,STATE-PAGE-ADDLINKACTIVITY-F9EC19DF-F-5B65B9C1,refreshInterval,ENV-001,Satisfy refreshInterval,State refreshInterval visible,app/src/main/java/com/capyreader/app/ui/settings/panels/RefreshIntervalMenu.kt:36
CAND-INV-PAGE-ADDLINKACTIVITY-F9EC19DF-59D50648-ENV-001,FEAT-ADD-FEED,PAGE-ADDLINKACTIVITY-F9EC19DF,STATE-PAGE-ADDLINKACTIVITY-F9EC19DF-F-59D50648,style == BadgeStyle.EXACT,ENV-001,Satisfy style == BadgeStyle.EXACT,State style == BadgeStyle.EXACT visible,app/src/main/java/com/capyreader/app/ui/settings/panels/SettingsViewModel.kt:28
CAND-INV-PAGE-ADDLINKACTIVITY-F9EC19DF-3FDFF6F2-ENV-001,FEAT-ADD-FEED,PAGE-ADDLINKACTIVITY-F9EC19DF,STATE-PAGE-ADDLINKACTIVITY-F9EC19DF-F-3FDFF6F2,badgeStyle == BadgeStyle.SIMPLE,ENV-001,Satisfy badgeStyle == BadgeStyle.SIMPLE,State badgeStyle == BadgeStyle.SIMPLE visible,app/src/main/java/com/capyreader/app/ui/settings/panels/UnreadBadgesSettingsPanel.kt:83
CAND-INV-PAGE-ADDLINKACTIVITY-F9EC19DF-610E15C8-ENV-001,FEAT-ADD-FEED,PAGE-ADDLINKACTIVITY-F9EC19DF,STATE-PAGE-ADDLINKACTIVITY-F9EC19DF-F-610E15C8,enabled,ENV-001,Satisfy enabled,State enabled visible,app/src/main/java/com/capyreader/app/ui/settings/panels/UnreadBadgesSettingsPanel.kt:54
CAND-INV-PAGE-ADDLINKACTIVITY-F9EC19DF-47620E03-ENV-001,FEAT-ADD-FEED,PAGE-ADDLINKACTIVITY-F9EC19DF,STATE-PAGE-ADDLINKACTIVITY-F9EC19DF-F-47620E03,groupSelection,ENV-001,Satisfy groupSelection,State groupSelection visible,app/src/main/java/com/capyreader/app/ui/settings/panels/UnreadBadgesSettingsPanel.kt:150
CAND-INV-PAGE-ADDLINKACTIVITY-F9EC19DF-B8F6BC4A-ENV-001,FEAT-ADD-FEED,PAGE-ADDLINKACTIVITY-F9EC19DF,STATE-PAGE-ADDLINKACTIVITY-F9EC19DF-F-B8F6BC4A,groupSelection,ENV-001,Satisfy groupSelection,State groupSelection visible,app/src/main/java/com/capyreader/app/ui/settings/panels/UnreadBadgesSettingsPanel.kt:163
CAND-INV-PAGE-ADDLINKACTIVITY-F9EC19DF-A84A4C72-ENV-001,FEAT-ADD-FEED,PAGE-ADDLINKACTIVITY-F9EC19DF,STATE-PAGE-ADDLINKACTIVITY-F9EC19DF-F-A84A4C72,sortOrder,ENV-001,Satisfy sortOrder,State sortOrder visible,app/src/main/java/com/capyreader/app/ui/settings/panels/UnreadSortOrderSelect.kt:24
CAND-INV-PAGE-ADDLINKACTIVITY-F9EC19DF-B274C128-ENV-001,FEAT-ADD-FEED,PAGE-ADDLINKACTIVITY-F9EC19DF,STATE-PAGE-ADDLINKACTIVITY-F9EC19DF-F-B274C128,theme == AppTheme.MONET && Build.VERSION.SDK_INT >= Build.VERSION_CODES.S,ENV-001,Satisfy theme == AppTheme.MONET && Build.VERSION,State theme == AppTheme.MONET && Build.VERSION visible,app/src/main/java/com/capyreader/app/ui/theme/Theme.kt:99
CAND-INV-PAGE-ADDLINKACTIVITY-F9EC19DF-113918CB-ENV-001,FEAT-ADD-FEED,PAGE-ADDLINKACTIVITY-F9EC19DF,STATE-PAGE-ADDLINKACTIVITY-F9EC19DF-F-113918CB,isDark,ENV-001,Satisfy isDark,State isDark visible,app/src/main/java/com/capyreader/app/ui/theme/Theme.kt:100
CAND-INV-PAGE-ADDLINKACTIVITY-F9EC19DF-BC513B73-ENV-001,FEAT-ADD-FEED,PAGE-ADDLINKACTIVITY-F9EC19DF,STATE-PAGE-ADDLINKACTIVITY-F9EC19DF-F-BC513B73,!view.isInEditMode,ENV-001,Satisfy !view.isInEditMode,State !view.isInEditMode visible,app/src/main/java/com/capyreader/app/ui/theme/Theme.kt:135
CAND-INV-PAGE-ADDLINKACTIVITY-F9EC19DF-62346A55-ENV-001,FEAT-ADD-FEED,PAGE-ADDLINKACTIVITY-F9EC19DF,STATE-PAGE-ADDLINKACTIVITY-F9EC19DF-F-62346A55,isLightStatusBar || !pureBlack,ENV-001,Satisfy isLightStatusBar || !pureBlack,State isLightStatusBar || !pureBlack visible,app/src/main/java/com/capyreader/app/ui/theme/Theme.kt:156
CAND-INV-PAGE-ADDLINKACTIVITY-F9EC19DF-953E8614-ENV-001,FEAT-ADD-FEED,PAGE-ADDLINKACTIVITY-F9EC19DF,STATE-PAGE-ADDLINKACTIVITY-F9EC19DF-F-953E8614,themeMode,ENV-001,Satisfy themeMode,State themeMode visible,app/src/main/java/com/capyreader/app/ui/theme/Theme.kt:48
CAND-INV-PAGE-ADDLINKACTIVITY-F9EC19DF-FACC7F2D-ENV-001,FEAT-ADD-FEED,PAGE-ADDLINKACTIVITY-F9EC19DF,STATE-PAGE-ADDLINKACTIVITY-F9EC19DF-F-FACC7F2D,!isDark,ENV-001,Satisfy !isDark,State !isDark visible,app/src/main/java/com/capyreader/app/ui/theme/colorschemes/BaseColorScheme.kt:18
CAND-INV-PAGE-ADDLINKACTIVITY-F9EC19DF-4FE5984F-ENV-001,FEAT-ADD-FEED,PAGE-ADDLINKACTIVITY-F9EC19DF,STATE-PAGE-ADDLINKACTIVITY-F9EC19DF-F-4FE5984F,!isAmoled,ENV-001,Satisfy !isAmoled,State !isAmoled visible,app/src/main/java/com/capyreader/app/ui/theme/colorschemes/BaseColorScheme.kt:20
CAND-INV-PAGE-ADDLINKACTIVITY-F9EC19DF-83513468-ENV-001,FEAT-ADD-FEED,PAGE-ADDLINKACTIVITY-F9EC19DF,STATE-PAGE-ADDLINKACTIVITY-F9EC19DF-F-83513468,!pureBlack,ENV-001,Satisfy !pureBlack,State !pureBlack visible,app/src/main/java/com/capyreader/app/ui/theme/colorschemes/DynamicPureBlackTheme.kt:7
CAND-INV-PAGE-ADDLINKACTIVITY-F9EC19DF-00597D9D-ENV-001,FEAT-ADD-FEED,PAGE-ADDLINKACTIVITY-F9EC19DF,STATE-PAGE-ADDLINKACTIVITY-F9EC19DF-F-00597D9D,article.openInBrowser && article.url != null,ENV-001,Satisfy article.openInBrowser && article.url != ,State article.openInBrowser && article.url !=  visible,app/src/main/java/com/capyreader/app/ui/widget/ArticleHeadline.kt:108
CAND-INV-PAGE-ADDLINKACTIVITY-F9EC19DF-465AA18E-ENV-001,FEAT-ADD-FEED,PAGE-ADDLINKACTIVITY-F9EC19DF,STATE-PAGE-ADDLINKACTIVITY-F9EC19DF-F-465AA18E,viewModel.isLoggedIn,ENV-001,Satisfy viewModel.isLoggedIn,State viewModel.isLoggedIn visible,app/src/main/java/com/capyreader/app/ui/widget/HeadlinesWidget.kt:51
CAND-INV-PAGE-ADDLINKACTIVITY-F9EC19DF-A0CAAB76-ENV-001,FEAT-ADD-FEED,PAGE-ADDLINKACTIVITY-F9EC19DF,STATE-PAGE-ADDLINKACTIVITY-F9EC19DF-F-A0CAAB76,entry == null,ENV-001,Satisfy entry == null,State entry == null visible,app/src/main/java/com/capyreader/app/ui/widget/SpotlightLayout.kt:65
CAND-INV-PAGE-ADDLINKACTIVITY-F9EC19DF-970B08FA-ENV-001,FEAT-ADD-FEED,PAGE-ADDLINKACTIVITY-F9EC19DF,STATE-PAGE-ADDLINKACTIVITY-F9EC19DF-F-970B08FA,imageBitmap != null,ENV-001,Satisfy imageBitmap != null,State imageBitmap != null visible,app/src/main/java/com/capyreader/app/ui/widget/SpotlightLayout.kt:70
CAND-INV-PAGE-ADDLINKACTIVITY-F9EC19DF-51EE7DD9-ENV-001,FEAT-ADD-FEED,PAGE-ADDLINKACTIVITY-F9EC19DF,STATE-PAGE-ADDLINKACTIVITY-F9EC19DF-F-51EE7DD9,entry.openInBrowser && entry.articleURL != null,ENV-001,Satisfy entry.openInBrowser && entry.articleURL ,State entry.openInBrowser && entry.articleURL  visible,app/src/main/java/com/capyreader/app/ui/widget/SpotlightLayout.kt:208
CAND-INV-PAGE-ADDLINKACTIVITY-F9EC19DF-FF6039EA-ENV-001,FEAT-ADD-FEED,PAGE-ADDLINKACTIVITY-F9EC19DF,STATE-PAGE-ADDLINKACTIVITY-F9EC19DF-F-FF6039EA,viewModel.isLoggedIn,ENV-001,Satisfy viewModel.isLoggedIn,State viewModel.isLoggedIn visible,app/src/main/java/com/capyreader/app/ui/widget/SpotlightWidget.kt:48
CAND-INV-PAGE-ADDLINKACTIVITY-F9EC19DF-08AED8A2-ENV-001,FEAT-ADD-FEED,PAGE-ADDLINKACTIVITY-F9EC19DF,STATE-PAGE-ADDLINKACTIVITY-F9EC19DF-F-08AED8A2,!viewModel.isLoggedIn,ENV-001,Satisfy !viewModel.isLoggedIn,State !viewModel.isLoggedIn visible,app/src/main/java/com/capyreader/app/ui/widget/SpotlightWidget.kt:58
CAND-INV-PAGE-ADDLINKACTIVITY-F9EC19DF-2E3C67AB-ENV-001,FEAT-ADD-FEED,PAGE-ADDLINKACTIVITY-F9EC19DF,STATE-PAGE-ADDLINKACTIVITY-F9EC19DF-F-2E3C67AB,offset == 0f,ENV-001,Satisfy offset == 0f,State offset == 0f visible,app/src/main/java/me/saket/swipe/ActionFinder.kt:16
CAND-INV-PAGE-ADDLINKACTIVITY-F9EC19DF-1C4F9A7F-ENV-001,FEAT-ADD-FEED,PAGE-ADDLINKACTIVITY-F9EC19DF,STATE-PAGE-ADDLINKACTIVITY-F9EC19DF-F-1C4F9A7F,isOnRightSide,ENV-001,Satisfy isOnRightSide,State isOnRightSide visible,app/src/main/java/me/saket/swipe/ActionFinder.kt:21
CAND-INV-PAGE-ADDLINKACTIVITY-F9EC19DF-17562CA5-ENV-001,FEAT-ADD-FEED,PAGE-ADDLINKACTIVITY-F9EC19DF,STATE-PAGE-ADDLINKACTIVITY-F9EC19DF-F-17562CA5,offset <= actionEndX,ENV-001,Satisfy offset <= actionEndX,State offset <= actionEndX visible,app/src/main/java/me/saket/swipe/ActionFinder.kt:49
CAND-INV-PAGE-ADDLINKACTIVITY-F9EC19DF-3494F294-ENV-001,FEAT-ADD-FEED,PAGE-ADDLINKACTIVITY-F9EC19DF,STATE-PAGE-ADDLINKACTIVITY-F9EC19DF-F-3494F294,action.isUndo,ENV-001,Satisfy action.isUndo,State action.isUndo visible,app/src/main/java/me/saket/swipe/SwipeRipple.kt:35
CAND-INV-PAGE-ADDLINKACTIVITY-F9EC19DF-2AEAE187-ENV-001,FEAT-ADD-FEED,PAGE-ADDLINKACTIVITY-F9EC19DF,STATE-PAGE-ADDLINKACTIVITY-F9EC19DF-F-2AEAE187,action.isUndo,ENV-001,Satisfy action.isUndo,State action.isUndo visible,app/src/main/java/me/saket/swipe/SwipeRipple.kt:48
CAND-INV-PAGE-ADDLINKACTIVITY-F9EC19DF-613738CE-ENV-001,FEAT-ADD-FEED,PAGE-ADDLINKACTIVITY-F9EC19DF,STATE-PAGE-ADDLINKACTIVITY-F9EC19DF-F-613738CE,action.isUndo,ENV-001,Satisfy action.isUndo,State action.isUndo visible,app/src/main/java/me/saket/swipe/SwipeRipple.kt:49
CAND-INV-PAGE-ADDLINKACTIVITY-F9EC19DF-90E58503-ENV-001,FEAT-ADD-FEED,PAGE-ADDLINKACTIVITY-F9EC19DF,STATE-PAGE-ADDLINKACTIVITY-F9EC19DF-F-90E58503,action.isUndo,ENV-001,Satisfy action.isUndo,State action.isUndo visible,app/src/main/java/me/saket/swipe/SwipeRipple.kt:52
CAND-INV-PAGE-ADDLINKACTIVITY-F9EC19DF-DE37A794-ENV-001,FEAT-ADD-FEED,PAGE-ADDLINKACTIVITY-F9EC19DF,STATE-PAGE-ADDLINKACTIVITY-F9EC19DF-F-DE37A794,isUndo,ENV-001,Satisfy isUndo,State isUndo visible,app/src/main/java/me/saket/swipe/SwipeRipple.kt:67
CAND-INV-PAGE-ADDLINKACTIVITY-F9EC19DF-FC82F085-ENV-001,FEAT-ADD-FEED,PAGE-ADDLINKACTIVITY-F9EC19DF,STATE-PAGE-ADDLINKACTIVITY-F9EC19DF-F-FC82F085,!isUndo,ENV-001,Satisfy !isUndo,State !isUndo visible,app/src/main/java/me/saket/swipe/SwipeRipple.kt:68
CAND-INV-PAGE-ADDLINKACTIVITY-F9EC19DF-DC4233EB-ENV-001,FEAT-ADD-FEED,PAGE-ADDLINKACTIVITY-F9EC19DF,STATE-PAGE-ADDLINKACTIVITY-F9EC19DF-F-DC4233EB,rightSide,ENV-001,Satisfy rightSide,State rightSide visible,app/src/main/java/me/saket/swipe/SwipeRipple.kt:75
CAND-INV-PAGE-ADDLINKACTIVITY-F9EC19DF-0D4E510C-ENV-001,FEAT-ADD-FEED,PAGE-ADDLINKACTIVITY-F9EC19DF,STATE-PAGE-ADDLINKACTIVITY-F9EC19DF-F-0D4E510C,isRtl,ENV-001,Satisfy isRtl,State isRtl visible,app/src/main/java/me/saket/swipe/SwipeableActionsBox.kt:58
CAND-INV-PAGE-ADDLINKACTIVITY-F9EC19DF-7AED0390-ENV-001,FEAT-ADD-FEED,PAGE-ADDLINKACTIVITY-F9EC19DF,STATE-PAGE-ADDLINKACTIVITY-F9EC19DF-F-7AED0390,isRtl,ENV-001,Satisfy isRtl,State isRtl visible,app/src/main/java/me/saket/swipe/SwipeableActionsBox.kt:59
CAND-INV-PAGE-ADDLINKACTIVITY-F9EC19DF-4FD0F590-ENV-001,FEAT-ADD-FEED,PAGE-ADDLINKACTIVITY-F9EC19DF,STATE-PAGE-ADDLINKACTIVITY-F9EC19DF-F-4FD0F590,state.layoutWidth == 0,ENV-001,Satisfy state.layoutWidth == 0,State state.layoutWidth == 0 visible,app/src/main/java/me/saket/swipe/SwipeableActionsBox.kt:70
CAND-INV-PAGE-ADDLINKACTIVITY-F9EC19DF-3B00605A-ENV-001,FEAT-ADD-FEED,PAGE-ADDLINKACTIVITY-F9EC19DF,STATE-PAGE-ADDLINKACTIVITY-F9EC19DF-F-3B00605A,disableRipple,ENV-001,Satisfy disableRipple,State disableRipple visible,app/src/main/java/me/saket/swipe/SwipeableActionsBox.kt:84
CAND-INV-PAGE-ADDLINKACTIVITY-F9EC19DF-D04333F9-ENV-001,FEAT-ADD-FEED,PAGE-ADDLINKACTIVITY-F9EC19DF,STATE-PAGE-ADDLINKACTIVITY-F9EC19DF-F-D04333F9,action.isOnRightSide,ENV-001,Satisfy action.isOnRightSide,State action.isOnRightSide visible,app/src/main/java/me/saket/swipe/SwipeableActionsBox.kt:134
CAND-INV-PAGE-ADDLINKACTIVITY-F9EC19DF-64DFD590-ENV-001,FEAT-ADD-FEED,PAGE-ADDLINKACTIVITY-F9EC19DF,STATE-PAGE-ADDLINKACTIVITY-F9EC19DF-F-64DFD590,action.isOnRightSide,ENV-001,Satisfy action.isOnRightSide,State action.isOnRightSide visible,app/src/main/java/me/saket/swipe/SwipeableActionsBox.kt:139
CAND-INV-PAGE-ADDLINKACTIVITY-F9EC19DF-DF892D5B-ENV-001,FEAT-ADD-FEED,PAGE-ADDLINKACTIVITY-F9EC19DF,STATE-PAGE-ADDLINKACTIVITY-F9EC19DF-F-DF892D5B,isAllowed,ENV-001,Satisfy isAllowed,State isAllowed visible,app/src/main/java/me/saket/swipe/SwipeableActionsState.kt:66
CAND-INV-PAGE-ADDLINKACTIVITY-F9EC19DF-E39A77F7-ENV-001,FEAT-ADD-FEED,PAGE-ADDLINKACTIVITY-F9EC19DF,STATE-PAGE-ADDLINKACTIVITY-F9EC19DF-F-E39A77F7,!enabled,ENV-001,Satisfy !enabled,State !enabled visible,app/src/main/java/me/saket/swipe/horizontalDraggable.kt:107
CAND-INV-PAGE-ADDLINKACTIVITY-F9EC19DF-42A687AD-ENV-001,FEAT-ADD-FEED,PAGE-ADDLINKACTIVITY-F9EC19DF,STATE-PAGE-ADDLINKACTIVITY-F9EC19DF-F-42A687AD,event !is DragStarted,ENV-001,Satisfy event !is DragStarted,State event !is DragStarted visible,app/src/main/java/me/saket/swipe/horizontalDraggable.kt:115
CAND-INV-PAGE-ADDLINKACTIVITY-F9EC19DF-61A7E8AF-ENV-001,FEAT-ADD-FEED,PAGE-ADDLINKACTIVITY-F9EC19DF,STATE-PAGE-ADDLINKACTIVITY-F9EC19DF-F-61A7E8AF,event is DragStopped,ENV-001,Satisfy event is DragStopped,State event is DragStopped visible,app/src/main/java/me/saket/swipe/horizontalDraggable.kt:125
CAND-INV-PAGE-ADDLINKACTIVITY-F9EC19DF-B47D5AD3-ENV-001,FEAT-ADD-FEED,PAGE-ADDLINKACTIVITY-F9EC19DF,STATE-PAGE-ADDLINKACTIVITY-F9EC19DF-F-B47D5AD3,event is DragCancelled,ENV-001,Satisfy event is DragCancelled,State event is DragCancelled visible,app/src/main/java/me/saket/swipe/horizontalDraggable.kt:127
CAND-INV-PAGE-ADDLINKACTIVITY-F9EC19DF-3FA0A8C5-ENV-001,FEAT-ADD-FEED,PAGE-ADDLINKACTIVITY-F9EC19DF,STATE-PAGE-ADDLINKACTIVITY-F9EC19DF-F-3FA0A8C5,awaited != null,ENV-001,Satisfy awaited != null,State awaited != null visible,app/src/main/java/me/saket/swipe/horizontalDraggable.kt:143
CAND-INV-PAGE-ADDLINKACTIVITY-F9EC19DF-F83ED52E-ENV-001,FEAT-ADD-FEED,PAGE-ADDLINKACTIVITY-F9EC19DF,STATE-PAGE-ADDLINKACTIVITY-F9EC19DF-F-F83ED52E,!isActive,ENV-001,Satisfy !isActive,State !isActive visible,app/src/main/java/me/saket/swipe/horizontalDraggable.kt:155
CAND-INV-PAGE-ADDLINKACTIVITY-F9EC19DF-A0693042-ENV-001,FEAT-ADD-FEED,PAGE-ADDLINKACTIVITY-F9EC19DF,STATE-PAGE-ADDLINKACTIVITY-F9EC19DF-F-A0693042,isDragSuccessful,ENV-001,Satisfy isDragSuccessful,State isDragSuccessful visible,app/src/main/java/me/saket/swipe/horizontalDraggable.kt:157
CAND-INV-PAGE-ADDLINKACTIVITY-F9EC19DF-0410A69E-ENV-001,FEAT-ADD-FEED,PAGE-ADDLINKACTIVITY-F9EC19DF,STATE-PAGE-ADDLINKACTIVITY-F9EC19DF-F-0410A69E,this.state != state,ENV-001,Satisfy this.state != state,State this.state != state visible,app/src/main/java/me/saket/swipe/horizontalDraggable.kt:195
CAND-INV-PAGE-ADDLINKACTIVITY-F9EC19DF-5EAB6190-ENV-001,FEAT-ADD-FEED,PAGE-ADDLINKACTIVITY-F9EC19DF,STATE-PAGE-ADDLINKACTIVITY-F9EC19DF-F-5EAB6190,this.enabled != enabled,ENV-001,Satisfy this.enabled != enabled,State this.enabled != enabled visible,app/src/main/java/me/saket/swipe/horizontalDraggable.kt:199
CAND-INV-PAGE-ADDLINKACTIVITY-F9EC19DF-AF36EB4F-ENV-001,FEAT-ADD-FEED,PAGE-ADDLINKACTIVITY-F9EC19DF,STATE-PAGE-ADDLINKACTIVITY-F9EC19DF-F-AF36EB4F,resetPointerInputHandling,ENV-001,Satisfy resetPointerInputHandling,State resetPointerInputHandling visible,app/src/main/java/me/saket/swipe/horizontalDraggable.kt:206
CAND-INV-PAGE-ADDLINKACTIVITY-F9EC19DF-9F6BDB8C-ENV-001,FEAT-ADD-FEED,PAGE-ADDLINKACTIVITY-F9EC19DF,STATE-PAGE-ADDLINKACTIVITY-F9EC19DF-F-9F6BDB8C,isHorizontalSwipe,ENV-001,Satisfy isHorizontalSwipe,State isHorizontalSwipe visible,app/src/main/java/me/saket/swipe/horizontalDraggable.kt:230
CAND-INV-PAGE-ADDLINKACTIVITY-F9EC19DF-69642A83-ENV-001,FEAT-ADD-FEED,PAGE-ADDLINKACTIVITY-F9EC19DF,STATE-PAGE-ADDLINKACTIVITY-F9EC19DF-F-69642A83,afterSlopResult != null,ENV-001,Satisfy afterSlopResult != null,State afterSlopResult != null visible,app/src/main/java/me/saket/swipe/horizontalDraggable.kt:244
CAND-INV-PAGE-ADDLINKACTIVITY-F9EC19DF-2BE09C62-ENV-001,FEAT-ADD-FEED,PAGE-ADDLINKACTIVITY-F9EC19DF,STATE-PAGE-ADDLINKACTIVITY-F9EC19DF-F-2BE09C62,reverseDirection,ENV-001,Satisfy reverseDirection,State reverseDirection visible,app/src/main/java/me/saket/swipe/horizontalDraggable.kt:262
CAND-INV-PAGE-ADDLINKACTIVITY-F9EC19DF-38C8392E-ENV-001,FEAT-ADD-FEED,PAGE-ADDLINKACTIVITY-F9EC19DF,STATE-PAGE-ADDLINKACTIVITY-F9EC19DF-F-38C8392E,reverseDirection,ENV-001,Satisfy reverseDirection,State reverseDirection visible,app/src/main/java/me/saket/swipe/horizontalDraggable.kt:272
CAND-INV-PAGE-ADDLINKACTIVITY-F9EC19DF-FEA65A98-ENV-001,FEAT-ADD-FEED,PAGE-ADDLINKACTIVITY-F9EC19DF,STATE-PAGE-ADDLINKACTIVITY-F9EC19DF-F-FEA65A98,firstArticleID != null,ENV-001,Satisfy firstArticleID != null,State firstArticleID != null visible,bench/src/main/kotlin/com/jocmp/bench/Commands.kt:118
CAND-INV-PAGE-ADDLINKACTIVITY-F9EC19DF-8FC294CB-ENV-001,FEAT-ADD-FEED,PAGE-ADDLINKACTIVITY-F9EC19DF,STATE-PAGE-ADDLINKACTIVITY-F9EC19DF-F-8FC294CB,isNew,ENV-001,Satisfy isNew,State isNew visible,bench/src/main/kotlin/com/jocmp/bench/FileDatabaseProvider.kt:19
CAND-INV-PAGE-ADDLINKACTIVITY-F9EC19DF-0A3D5E60-ENV-001,FEAT-ADD-FEED,PAGE-ADDLINKACTIVITY-F9EC19DF,STATE-PAGE-ADDLINKACTIVITY-F9EC19DF-F-0A3D5E60,"command == ""reset""",ENV-001,"Satisfy command == ""reset""","State command == ""reset"" visible",bench/src/main/kotlin/com/jocmp/bench/Main.kt:17
CAND-INV-PAGE-ADDLINKACTIVITY-F9EC19DF-66275677-ENV-001,FEAT-ADD-FEED,PAGE-ADDLINKACTIVITY-F9EC19DF,STATE-PAGE-ADDLINKACTIVITY-F9EC19DF-F-66275677,command,ENV-001,Satisfy command,State command visible,bench/src/main/kotlin/com/jocmp/bench/Main.kt:26
CAND-INV-PAGE-ADDLINKACTIVITY-F9EC19DF-CAA0974E-ENV-001,FEAT-ADD-FEED,PAGE-ADDLINKACTIVITY-F9EC19DF,STATE-PAGE-ADDLINKACTIVITY-F9EC19DF-F-CAA0974E,cutoffDate != null,ENV-001,Satisfy cutoffDate != null,State cutoffDate != null visible,capy/src/main/java/com/jocmp/capy/Account.kt:232
CAND-INV-PAGE-ADDLINKACTIVITY-F9EC19DF-ECC9C1CB-ENV-001,FEAT-ADD-FEED,PAGE-ADDLINKACTIVITY-F9EC19DF,STATE-PAGE-ADDLINKACTIVITY-F9EC19DF-F-ECC9C1CB,source == Source.LOCAL,ENV-001,Satisfy source == Source.LOCAL,State source == Source.LOCAL visible,capy/src/main/java/com/jocmp/capy/Account.kt:393
CAND-INV-PAGE-ADDLINKACTIVITY-F9EC19DF-8B03F234-ENV-001,FEAT-ADD-FEED,PAGE-ADDLINKACTIVITY-F9EC19DF,STATE-PAGE-ADDLINKACTIVITY-F9EC19DF-F-8B03F234,source,ENV-001,Satisfy source,State source visible,capy/src/main/java/com/jocmp/capy/Account.kt:67
CAND-INV-PAGE-ADDLINKACTIVITY-F9EC19DF-F60A6026-ENV-001,FEAT-ADD-FEED,PAGE-ADDLINKACTIVITY-F9EC19DF,STATE-PAGE-ADDLINKACTIVITY-F9EC19DF-F-F60A6026,this,ENV-001,Satisfy this,State this visible,capy/src/main/java/com/jocmp/capy/Account.kt:547
CAND-INV-PAGE-ADDLINKACTIVITY-F9EC19DF-A4613D93-ENV-001,FEAT-ADD-FEED,PAGE-ADDLINKACTIVITY-F9EC19DF,STATE-PAGE-ADDLINKACTIVITY-F9EC19DF-F-A4613D93,this,ENV-001,Satisfy this,State this visible,capy/src/main/java/com/jocmp/capy/ArticleFilter.kt:28
CAND-INV-PAGE-ADDLINKACTIVITY-F9EC19DF-A9560CA2-ENV-001,FEAT-ADD-FEED,PAGE-ADDLINKACTIVITY-F9EC19DF,STATE-PAGE-ADDLINKACTIVITY-F9EC19DF-F-A9560CA2,mimeType == null,ENV-001,Satisfy mimeType == null,State mimeType == null visible,capy/src/main/java/com/jocmp/capy/EnclosureType.kt:9
CAND-INV-PAGE-ADDLINKACTIVITY-F9EC19DF-655566B6-ENV-001,FEAT-ADD-FEED,PAGE-ADDLINKACTIVITY-F9EC19DF,STATE-PAGE-ADDLINKACTIVITY-F9EC19DF-F-655566B6,queue.size < openTag.length,ENV-001,Satisfy queue.size < openTag.length,State queue.size < openTag.length visible,capy/src/main/java/com/jocmp/capy/MacroProcessor.kt:65
CAND-INV-PAGE-ADDLINKACTIVITY-F9EC19DF-3A3E5871-ENV-001,FEAT-ADD-FEED,PAGE-ADDLINKACTIVITY-F9EC19DF,STATE-PAGE-ADDLINKACTIVITY-F9EC19DF-F-3A3E5871,queue.size < closeTag.length,ENV-001,Satisfy queue.size < closeTag.length,State queue.size < closeTag.length visible,capy/src/main/java/com/jocmp/capy/MacroProcessor.kt:70
CAND-INV-PAGE-ADDLINKACTIVITY-F9EC19DF-EA747017-ENV-001,FEAT-ADD-FEED,PAGE-ADDLINKACTIVITY-F9EC19DF,STATE-PAGE-ADDLINKACTIVITY-F9EC19DF-F-EA747017,this,ENV-001,Satisfy this,State this visible,capy/src/main/java/com/jocmp/capy/MarkRead.kt:16
CAND-INV-PAGE-ADDLINKACTIVITY-F9EC19DF-444218B4-ENV-001,FEAT-ADD-FEED,PAGE-ADDLINKACTIVITY-F9EC19DF,STATE-PAGE-ADDLINKACTIVITY-F9EC19DF-F-444218B4,this,ENV-001,Satisfy this,State this visible,capy/src/main/java/com/jocmp/capy/MarkRead.kt:24
CAND-INV-PAGE-ADDLINKACTIVITY-F9EC19DF-B7784A59-ENV-001,FEAT-ADD-FEED,PAGE-ADDLINKACTIVITY-F9EC19DF,STATE-PAGE-ADDLINKACTIVITY-F9EC19DF-F-B7784A59,source,ENV-001,Satisfy source,State source visible,capy/src/main/java/com/jocmp/capy/accounts/Credentials.kt:27
CAND-INV-PAGE-ADDLINKACTIVITY-F9EC19DF-91BDAA82-ENV-001,FEAT-ADD-FEED,PAGE-ADDLINKACTIVITY-F9EC19DF,STATE-PAGE-ADDLINKACTIVITY-F9EC19DF-F-91BDAA82,result != null,ENV-001,Satisfy result != null,State result != null visible,capy/src/main/java/com/jocmp/capy/accounts/WithErrorHandling.kt:12
CAND-INV-PAGE-ADDLINKACTIVITY-F9EC19DF-DAEF5FA6-ENV-001,FEAT-ADD-FEED,PAGE-ADDLINKACTIVITY-F9EC19DF,STATE-PAGE-ADDLINKACTIVITY-F9EC19DF-F-DAEF5FA6,!response.isSuccessful || entry == null,ENV-001,Satisfy !response.isSuccessful || entry == null,State !response.isSuccessful || entry == null visible,capy/src/main/java/com/jocmp/capy/accounts/feedbin/FeedbinAccountDelegate.kt:126
CAND-INV-PAGE-ADDLINKACTIVITY-F9EC19DF-60FB99FF-ENV-001,FEAT-ADD-FEED,PAGE-ADDLINKACTIVITY-F9EC19DF,STATE-PAGE-ADDLINKACTIVITY-F9EC19DF-F-60FB99FF,subscription != null,ENV-001,Satisfy subscription != null,State subscription != null visible,capy/src/main/java/com/jocmp/capy/accounts/feedbin/FeedbinAccountDelegate.kt:150
CAND-INV-PAGE-ADDLINKACTIVITY-F9EC19DF-4B1A12C3-ENV-001,FEAT-ADD-FEED,PAGE-ADDLINKACTIVITY-F9EC19DF,STATE-PAGE-ADDLINKACTIVITY-F9EC19DF-F-4B1A12C3,feed != null,ENV-001,Satisfy feed != null,State feed != null visible,capy/src/main/java/com/jocmp/capy/accounts/feedbin/FeedbinAccountDelegate.kt:156
CAND-INV-PAGE-ADDLINKACTIVITY-F9EC19DF-416DED1A-ENV-001,FEAT-ADD-FEED,PAGE-ADDLINKACTIVITY-F9EC19DF,STATE-PAGE-ADDLINKACTIVITY-F9EC19DF-F-416DED1A,title != feed.title,ENV-001,Satisfy title != feed.title,State title != feed.title visible,capy/src/main/java/com/jocmp/capy/accounts/feedbin/FeedbinAccountDelegate.kt:184
CAND-INV-PAGE-ADDLINKACTIVITY-F9EC19DF-0A954A49-ENV-001,FEAT-ADD-FEED,PAGE-ADDLINKACTIVITY-F9EC19DF,STATE-PAGE-ADDLINKACTIVITY-F9EC19DF-F-0A954A49,result.isSuccessful,ENV-001,Satisfy result.isSuccessful,State result.isSuccessful visible,capy/src/main/java/com/jocmp/capy/accounts/feedbin/FeedbinAccountDelegate.kt:216
CAND-INV-PAGE-ADDLINKACTIVITY-F9EC19DF-C6A6292A-ENV-001,FEAT-ADD-FEED,PAGE-ADDLINKACTIVITY-F9EC19DF,STATE-PAGE-ADDLINKACTIVITY-F9EC19DF-F-C6A6292A,response.isSuccessful,ENV-001,Satisfy response.isSuccessful,State response.isSuccessful visible,capy/src/main/java/com/jocmp/capy/accounts/feedbin/FeedbinAccountDelegate.kt:248
CAND-INV-PAGE-ADDLINKACTIVITY-F9EC19DF-8A113CBE-ENV-001,FEAT-ADD-FEED,PAGE-ADDLINKACTIVITY-F9EC19DF,STATE-PAGE-ADDLINKACTIVITY-F9EC19DF-F-8A113CBE,entries != null,ENV-001,Satisfy entries != null,State entries != null visible,capy/src/main/java/com/jocmp/capy/accounts/feedbin/FeedbinAccountDelegate.kt:435
CAND-INV-PAGE-ADDLINKACTIVITY-F9EC19DF-F0F05B17-ENV-001,FEAT-ADD-FEED,PAGE-ADDLINKACTIVITY-F9EC19DF,STATE-PAGE-ADDLINKACTIVITY-F9EC19DF-F-F0F05B17,enclosure != null && enclosureType != null,ENV-001,Satisfy enclosure != null && enclosureType != nu,State enclosure != null && enclosureType != nu visible,capy/src/main/java/com/jocmp/capy/accounts/feedbin/FeedbinAccountDelegate.kt:478
CAND-INV-PAGE-ADDLINKACTIVITY-F9EC19DF-6E5F8EE7-ENV-001,FEAT-ADD-FEED,PAGE-ADDLINKACTIVITY-F9EC19DF,STATE-PAGE-ADDLINKACTIVITY-F9EC19DF-F-6E5F8EE7,savedSearchID != null,ENV-001,Satisfy savedSearchID != null,State savedSearchID != null visible,capy/src/main/java/com/jocmp/capy/accounts/feedbin/FeedbinAccountDelegate.kt:488
CAND-INV-PAGE-ADDLINKACTIVITY-F9EC19DF-0FB126EA-ENV-001,FEAT-ADD-FEED,PAGE-ADDLINKACTIVITY-F9EC19DF,STATE-PAGE-ADDLINKACTIVITY-F9EC19DF-F-0FB126EA,refreshedAt == 0L,ENV-001,Satisfy refreshedAt == 0L,State refreshedAt == 0L visible,capy/src/main/java/com/jocmp/capy/accounts/feedbin/FeedbinAccountDelegate.kt:509
CAND-INV-PAGE-ADDLINKACTIVITY-F9EC19DF-4B693304-ENV-001,FEAT-ADD-FEED,PAGE-ADDLINKACTIVITY-F9EC19DF,STATE-PAGE-ADDLINKACTIVITY-F9EC19DF-F-4B693304,!response.isSuccessful || result == null,ENV-001,Satisfy !response.isSuccessful || result == null,State !response.isSuccessful || result == null visible,capy/src/main/java/com/jocmp/capy/accounts/feedbin/FeedbinAccountDelegate.kt:522
CAND-INV-PAGE-ADDLINKACTIVITY-F9EC19DF-9A6C4A8F-ENV-001,FEAT-ADD-FEED,PAGE-ADDLINKACTIVITY-F9EC19DF,STATE-PAGE-ADDLINKACTIVITY-F9EC19DF-F-9A6C4A8F,response.isSuccessful,ENV-001,Satisfy response.isSuccessful,State response.isSuccessful visible,capy/src/main/java/com/jocmp/capy/accounts/feedbin/FeedbinCredentials.kt:22
CAND-INV-PAGE-ADDLINKACTIVITY-F9EC19DF-77348F58-ENV-001,FEAT-ADD-FEED,PAGE-ADDLINKACTIVITY-F9EC19DF,STATE-PAGE-ADDLINKACTIVITY-F9EC19DF-F-77348F58,url.host != GOOGLE_ALERTS_DOMAIN,ENV-001,Satisfy url.host != GOOGLE_ALERTS_DOMAIN,State url.host != GOOGLE_ALERTS_DOMAIN visible,capy/src/main/java/com/jocmp/capy/accounts/local/ArticleURL.kt:13
CAND-INV-PAGE-ADDLINKACTIVITY-F9EC19DF-28F8897A-ENV-001,FEAT-ADD-FEED,PAGE-ADDLINKACTIVITY-F9EC19DF,STATE-PAGE-ADDLINKACTIVITY-F9EC19DF-F-28F8897A,exception != null && exception is UnknownHostException,ENV-001,Satisfy exception != null && exception is Unknow,State exception != null && exception is Unknow visible,capy/src/main/java/com/jocmp/capy/accounts/local/LocalAccountDelegate.kt:75
CAND-INV-PAGE-ADDLINKACTIVITY-F9EC19DF-AF409C35-ENV-001,FEAT-ADD-FEED,PAGE-ADDLINKACTIVITY-F9EC19DF,STATE-PAGE-ADDLINKACTIVITY-F9EC19DF-F-AF409C35,feeds.size > 1,ENV-001,Satisfy feeds.size > 1,State feeds.size > 1 visible,capy/src/main/java/com/jocmp/capy/accounts/local/LocalAccountDelegate.kt:82
CAND-INV-PAGE-ADDLINKACTIVITY-F9EC19DF-4132D4A0-ENV-001,FEAT-ADD-FEED,PAGE-ADDLINKACTIVITY-F9EC19DF,STATE-PAGE-ADDLINKACTIVITY-F9EC19DF-F-4132D4A0,feed != null,ENV-001,Satisfy feed != null,State feed != null visible,capy/src/main/java/com/jocmp/capy/accounts/local/LocalAccountDelegate.kt:94
CAND-INV-PAGE-ADDLINKACTIVITY-F9EC19DF-C17B9EF8-ENV-001,FEAT-ADD-FEED,PAGE-ADDLINKACTIVITY-F9EC19DF,STATE-PAGE-ADDLINKACTIVITY-F9EC19DF-F-C17B9EF8,channel == null,ENV-001,Satisfy channel == null,State channel == null visible,capy/src/main/java/com/jocmp/capy/accounts/local/LocalAccountDelegate.kt:238
CAND-INV-PAGE-ADDLINKACTIVITY-F9EC19DF-5B97F313-ENV-001,FEAT-ADD-FEED,PAGE-ADDLINKACTIVITY-F9EC19DF,STATE-PAGE-ADDLINKACTIVITY-F9EC19DF-F-5B97F313,itunesImageURL != null,ENV-001,Satisfy itunesImageURL != null,State itunesImageURL != null visible,capy/src/main/java/com/jocmp/capy/accounts/local/LocalAccountDelegate.kt:250
CAND-INV-PAGE-ADDLINKACTIVITY-F9EC19DF-8AD5F088-ENV-001,FEAT-ADD-FEED,PAGE-ADDLINKACTIVITY-F9EC19DF,STATE-PAGE-ADDLINKACTIVITY-F9EC19DF-F-8AD5F088,parsedItem.id != null && withinCutoff && !blocked,ENV-001,Satisfy parsedItem.id != null && withinCutoff &&,State parsedItem.id != null && withinCutoff && visible,capy/src/main/java/com/jocmp/capy/accounts/local/LocalAccountDelegate.kt:290
CAND-INV-PAGE-ADDLINKACTIVITY-F9EC19DF-25B3F6E2-ENV-001,FEAT-ADD-FEED,PAGE-ADDLINKACTIVITY-F9EC19DF,STATE-PAGE-ADDLINKACTIVITY-F9EC19DF-F-25B3F6E2,filter,ENV-001,Satisfy filter,State filter visible,capy/src/main/java/com/jocmp/capy/accounts/local/LocalAccountDelegate.kt:44
CAND-INV-PAGE-ADDLINKACTIVITY-F9EC19DF-A4C6FC07-ENV-001,FEAT-ADD-FEED,PAGE-ADDLINKACTIVITY-F9EC19DF,STATE-PAGE-ADDLINKACTIVITY-F9EC19DF-F-A4C6FC07,isAudio,ENV-001,Satisfy isAudio,State isAudio visible,capy/src/main/java/com/jocmp/capy/accounts/local/ParsedItem.kt:29
CAND-INV-PAGE-ADDLINKACTIVITY-F9EC19DF-3F187A4B-ENV-001,FEAT-ADD-FEED,PAGE-ADDLINKACTIVITY-F9EC19DF,STATE-PAGE-ADDLINKACTIVITY-F9EC19DF-F-3F187A4B,isAudio,ENV-001,Satisfy isAudio,State isAudio visible,capy/src/main/java/com/jocmp/capy/accounts/local/ParsedItem.kt:30
CAND-INV-PAGE-ADDLINKACTIVITY-F9EC19DF-EB53AE6F-ENV-001,FEAT-ADD-FEED,PAGE-ADDLINKACTIVITY-F9EC19DF,STATE-PAGE-ADDLINKACTIVITY-F9EC19DF-F-EB53AE6F,mediaContent != null,ENV-001,Satisfy mediaContent != null,State mediaContent != null visible,capy/src/main/java/com/jocmp/capy/accounts/local/ParsedItem.kt:52
CAND-INV-PAGE-ADDLINKACTIVITY-F9EC19DF-F120E45F-ENV-001,FEAT-ADD-FEED,PAGE-ADDLINKACTIVITY-F9EC19DF,STATE-PAGE-ADDLINKACTIVITY-F9EC19DF-F-F120E45F,uri.isAbsolute,ENV-001,Satisfy uri.isAbsolute,State uri.isAbsolute visible,capy/src/main/java/com/jocmp/capy/accounts/local/ParsedItem.kt:96
CAND-INV-PAGE-ADDLINKACTIVITY-F9EC19DF-A3D21D4A-ENV-001,FEAT-ADD-FEED,PAGE-ADDLINKACTIVITY-F9EC19DF,STATE-PAGE-ADDLINKACTIVITY-F9EC19DF-F-A3D21D4A,parts.size,ENV-001,Satisfy parts.size,State parts.size visible,capy/src/main/java/com/jocmp/capy/accounts/local/ParsedItem.kt:116
CAND-INV-PAGE-ADDLINKACTIVITY-F9EC19DF-94F3B8A3-ENV-001,FEAT-ADD-FEED,PAGE-ADDLINKACTIVITY-F9EC19DF,STATE-PAGE-ADDLINKACTIVITY-F9EC19DF-F-94F3B8A3,response.isSuccessful,ENV-001,Satisfy response.isSuccessful,State response.isSuccessful visible,capy/src/main/java/com/jocmp/capy/accounts/miniflux/MinifluxAccountDelegate.kt:134
CAND-INV-PAGE-ADDLINKACTIVITY-F9EC19DF-2DC26D19-ENV-001,FEAT-ADD-FEED,PAGE-ADDLINKACTIVITY-F9EC19DF,STATE-PAGE-ADDLINKACTIVITY-F9EC19DF-F-2DC26D19,feed != null,ENV-001,Satisfy feed != null,State feed != null visible,capy/src/main/java/com/jocmp/capy/accounts/miniflux/MinifluxAccountDelegate.kt:166
CAND-INV-PAGE-ADDLINKACTIVITY-F9EC19DF-FA3B6122-ENV-001,FEAT-ADD-FEED,PAGE-ADDLINKACTIVITY-F9EC19DF,STATE-PAGE-ADDLINKACTIVITY-F9EC19DF-F-FA3B6122,localFeed != null,ENV-001,Satisfy localFeed != null,State localFeed != null visible,capy/src/main/java/com/jocmp/capy/accounts/miniflux/MinifluxAccountDelegate.kt:172
CAND-INV-PAGE-ADDLINKACTIVITY-F9EC19DF-BF90459D-ENV-001,FEAT-ADD-FEED,PAGE-ADDLINKACTIVITY-F9EC19DF,STATE-PAGE-ADDLINKACTIVITY-F9EC19DF-F-BF90459D,categoryId != null,ENV-001,Satisfy categoryId != null,State categoryId != null visible,capy/src/main/java/com/jocmp/capy/accounts/miniflux/MinifluxAccountDelegate.kt:209
CAND-INV-PAGE-ADDLINKACTIVITY-F9EC19DF-06D2D6EB-ENV-001,FEAT-ADD-FEED,PAGE-ADDLINKACTIVITY-F9EC19DF,STATE-PAGE-ADDLINKACTIVITY-F9EC19DF-F-06D2D6EB,category != null,ENV-001,Satisfy category != null,State category != null visible,capy/src/main/java/com/jocmp/capy/accounts/miniflux/MinifluxAccountDelegate.kt:239
CAND-INV-PAGE-ADDLINKACTIVITY-F9EC19DF-90FDB614-ENV-001,FEAT-ADD-FEED,PAGE-ADDLINKACTIVITY-F9EC19DF,STATE-PAGE-ADDLINKACTIVITY-F9EC19DF-F-90FDB614,category != null,ENV-001,Satisfy category != null,State category != null visible,capy/src/main/java/com/jocmp/capy/accounts/miniflux/MinifluxAccountDelegate.kt:261
CAND-INV-PAGE-ADDLINKACTIVITY-F9EC19DF-1EB68766-ENV-001,FEAT-ADD-FEED,PAGE-ADDLINKACTIVITY-F9EC19DF,STATE-PAGE-ADDLINKACTIVITY-F9EC19DF-F-1EB68766,response.isSuccessful && status != null,ENV-001,Satisfy response.isSuccessful && status != null,State response.isSuccessful && status != null visible,capy/src/main/java/com/jocmp/capy/accounts/miniflux/MinifluxAccountDelegate.kt:273
CAND-INV-PAGE-ADDLINKACTIVITY-F9EC19DF-FB062385-ENV-001,FEAT-ADD-FEED,PAGE-ADDLINKACTIVITY-F9EC19DF,STATE-PAGE-ADDLINKACTIVITY-F9EC19DF-F-FB062385,!feedsResponse.isSuccessful || feeds == null,ENV-001,Satisfy !feedsResponse.isSuccessful || feeds == ,State !feedsResponse.isSuccessful || feeds ==  visible,capy/src/main/java/com/jocmp/capy/accounts/miniflux/MinifluxAccountDelegate.kt:285
CAND-INV-PAGE-ADDLINKACTIVITY-F9EC19DF-442AF2AC-ENV-001,FEAT-ADD-FEED,PAGE-ADDLINKACTIVITY-F9EC19DF,STATE-PAGE-ADDLINKACTIVITY-F9EC19DF-F-442AF2AC,existing != null,ENV-001,Satisfy existing != null,State existing != null visible,capy/src/main/java/com/jocmp/capy/accounts/miniflux/MinifluxAccountDelegate.kt:456
CAND-INV-PAGE-ADDLINKACTIVITY-F9EC19DF-B427058E-ENV-001,FEAT-ADD-FEED,PAGE-ADDLINKACTIVITY-F9EC19DF,STATE-PAGE-ADDLINKACTIVITY-F9EC19DF-F-B427058E,response.isSuccessful && iconData != null,ENV-001,Satisfy response.isSuccessful && iconData != nul,State response.isSuccessful && iconData != nul visible,capy/src/main/java/com/jocmp/capy/accounts/miniflux/MinifluxAccountDelegate.kt:475
CAND-INV-PAGE-ADDLINKACTIVITY-F9EC19DF-CB4BF5BB-ENV-001,FEAT-ADD-FEED,PAGE-ADDLINKACTIVITY-F9EC19DF,STATE-PAGE-ADDLINKACTIVITY-F9EC19DF-F-CB4BF5BB,source == Source.MINIFLUX_TOKEN,ENV-001,Satisfy source == Source.MINIFLUX_TOKEN,State source == Source.MINIFLUX_TOKEN visible,capy/src/main/java/com/jocmp/capy/accounts/miniflux/MinifluxCredentials.kt:24
CAND-INV-PAGE-ADDLINKACTIVITY-F9EC19DF-3A7BA8E5-ENV-001,FEAT-ADD-FEED,PAGE-ADDLINKACTIVITY-F9EC19DF,STATE-PAGE-ADDLINKACTIVITY-F9EC19DF-F-3A7BA8E5,response?.isSuccessful == true && username != null,ENV-001,Satisfy response?.isSuccessful == true && userna,State response?.isSuccessful == true && userna visible,capy/src/main/java/com/jocmp/capy/accounts/miniflux/MinifluxCredentials.kt:33
CAND-INV-PAGE-ADDLINKACTIVITY-F9EC19DF-8D489411-ENV-001,FEAT-ADD-FEED,PAGE-ADDLINKACTIVITY-F9EC19DF,STATE-PAGE-ADDLINKACTIVITY-F9EC19DF-F-8D489411,verified,ENV-001,Satisfy verified,State verified visible,capy/src/main/java/com/jocmp/capy/accounts/miniflux/MinifluxCredentials.kt:44
CAND-INV-PAGE-ADDLINKACTIVITY-F9EC19DF-6CF00716-ENV-001,FEAT-ADD-FEED,PAGE-ADDLINKACTIVITY-F9EC19DF,STATE-PAGE-ADDLINKACTIVITY-F9EC19DF-F-6CF00716,imageEnclosure != null,ENV-001,Satisfy imageEnclosure != null,State imageEnclosure != null visible,capy/src/main/java/com/jocmp/capy/accounts/miniflux/MinifluxEnclosureParsing.kt:11
CAND-INV-PAGE-ADDLINKACTIVITY-F9EC19DF-DD5B630D-ENV-001,FEAT-ADD-FEED,PAGE-ADDLINKACTIVITY-F9EC19DF,STATE-PAGE-ADDLINKACTIVITY-F9EC19DF-F-DD5B630D,source == Source.MINIFLUX_TOKEN,ENV-001,Satisfy source == Source.MINIFLUX_TOKEN,State source == Source.MINIFLUX_TOKEN visible,capy/src/main/java/com/jocmp/capy/accounts/miniflux/MinifluxOkHttpClient.kt:23
CAND-INV-PAGE-ADDLINKACTIVITY-F9EC19DF-380D7E91-ENV-001,FEAT-ADD-FEED,PAGE-ADDLINKACTIVITY-F9EC19DF,STATE-PAGE-ADDLINKACTIVITY-F9EC19DF-F-380D7E91,subscription == null,ENV-001,Satisfy subscription == null,State subscription == null visible,capy/src/main/java/com/jocmp/capy/accounts/reader/ReaderAccountDelegate.kt:138
CAND-INV-PAGE-ADDLINKACTIVITY-F9EC19DF-52388706-ENV-001,FEAT-ADD-FEED,PAGE-ADDLINKACTIVITY-F9EC19DF,STATE-PAGE-ADDLINKACTIVITY-F9EC19DF-F-52388706,feed != null,ENV-001,Satisfy feed != null,State feed != null visible,capy/src/main/java/com/jocmp/capy/accounts/reader/ReaderAccountDelegate.kt:158
CAND-INV-PAGE-ADDLINKACTIVITY-F9EC19DF-888EF641-ENV-001,FEAT-ADD-FEED,PAGE-ADDLINKACTIVITY-F9EC19DF,STATE-PAGE-ADDLINKACTIVITY-F9EC19DF-F-888EF641,folderTitles.size != 1,ENV-001,Satisfy folderTitles.size != 1,State folderTitles.size != 1 visible,capy/src/main/java/com/jocmp/capy/accounts/reader/ReaderAccountDelegate.kt:177
CAND-INV-PAGE-ADDLINKACTIVITY-F9EC19DF-D285D5E9-ENV-001,FEAT-ADD-FEED,PAGE-ADDLINKACTIVITY-F9EC19DF,STATE-PAGE-ADDLINKACTIVITY-F9EC19DF-F-D285D5E9,!response.isSuccessful,ENV-001,Satisfy !response.isSuccessful,State !response.isSuccessful visible,capy/src/main/java/com/jocmp/capy/accounts/reader/ReaderAccountDelegate.kt:196
CAND-INV-PAGE-ADDLINKACTIVITY-F9EC19DF-35144546-ENV-001,FEAT-ADD-FEED,PAGE-ADDLINKACTIVITY-F9EC19DF,STATE-PAGE-ADDLINKACTIVITY-F9EC19DF-F-35144546,!response.isSuccessful,ENV-001,Satisfy !response.isSuccessful,State !response.isSuccessful visible,capy/src/main/java/com/jocmp/capy/accounts/reader/ReaderAccountDelegate.kt:238
CAND-INV-PAGE-ADDLINKACTIVITY-F9EC19DF-DE2F1047-ENV-001,FEAT-ADD-FEED,PAGE-ADDLINKACTIVITY-F9EC19DF,STATE-PAGE-ADDLINKACTIVITY-F9EC19DF-F-DE2F1047,!response.isSuccessful,ENV-001,Satisfy !response.isSuccessful,State !response.isSuccessful visible,capy/src/main/java/com/jocmp/capy/accounts/reader/ReaderAccountDelegate.kt:255
CAND-INV-PAGE-ADDLINKACTIVITY-F9EC19DF-81E17C81-ENV-001,FEAT-ADD-FEED,PAGE-ADDLINKACTIVITY-F9EC19DF,STATE-PAGE-ADDLINKACTIVITY-F9EC19DF-F-81E17C81,!response.isSuccessful,ENV-001,Satisfy !response.isSuccessful,State !response.isSuccessful visible,capy/src/main/java/com/jocmp/capy/accounts/reader/ReaderAccountDelegate.kt:270
CAND-INV-PAGE-ADDLINKACTIVITY-F9EC19DF-40135EB9-ENV-001,FEAT-ADD-FEED,PAGE-ADDLINKACTIVITY-F9EC19DF,STATE-PAGE-ADDLINKACTIVITY-F9EC19DF-F-40135EB9,stream !is Stream.Feed,ENV-001,Satisfy stream !is Stream.Feed,State stream !is Stream.Feed visible,capy/src/main/java/com/jocmp/capy/accounts/reader/ReaderAccountDelegate.kt:386
CAND-INV-PAGE-ADDLINKACTIVITY-F9EC19DF-05C905F9-ENV-001,FEAT-ADD-FEED,PAGE-ADDLINKACTIVITY-F9EC19DF,STATE-PAGE-ADDLINKACTIVITY-F9EC19DF-F-05C905F9,stream is UserLabel,ENV-001,Satisfy stream is UserLabel,State stream is UserLabel visible,capy/src/main/java/com/jocmp/capy/accounts/reader/ReaderAccountDelegate.kt:390
CAND-INV-PAGE-ADDLINKACTIVITY-F9EC19DF-DB7C1187-ENV-001,FEAT-ADD-FEED,PAGE-ADDLINKACTIVITY-F9EC19DF,STATE-PAGE-ADDLINKACTIVITY-F9EC19DF-F-DB7C1187,!response.isSuccessful || result == null,ENV-001,Satisfy !response.isSuccessful || result == null,State !response.isSuccessful || result == null visible,capy/src/main/java/com/jocmp/capy/accounts/reader/ReaderAccountDelegate.kt:423
CAND-INV-PAGE-ADDLINKACTIVITY-F9EC19DF-0019B2D0-ENV-001,FEAT-ADD-FEED,PAGE-ADDLINKACTIVITY-F9EC19DF,STATE-PAGE-ADDLINKACTIVITY-F9EC19DF-F-0019B2D0,!response.isSuccessful,ENV-001,Satisfy !response.isSuccessful,State !response.isSuccessful visible,capy/src/main/java/com/jocmp/capy/accounts/reader/ReaderAccountDelegate.kt:585
CAND-INV-PAGE-ADDLINKACTIVITY-F9EC19DF-19FF2BBB-ENV-001,FEAT-ADD-FEED,PAGE-ADDLINKACTIVITY-F9EC19DF,STATE-PAGE-ADDLINKACTIVITY-F9EC19DF-F-19FF2BBB,!isBadToken,ENV-001,Satisfy !isBadToken,State !isBadToken visible,capy/src/main/java/com/jocmp/capy/accounts/reader/ReaderAccountDelegate.kt:604
CAND-INV-PAGE-ADDLINKACTIVITY-F9EC19DF-8A11075B-ENV-001,FEAT-ADD-FEED,PAGE-ADDLINKACTIVITY-F9EC19DF,STATE-PAGE-ADDLINKACTIVITY-F9EC19DF-F-8A11075B,source == Source.FRESHRSS,ENV-001,Satisfy source == Source.FRESHRSS,State source == Source.FRESHRSS visible,capy/src/main/java/com/jocmp/capy/accounts/reader/ReaderAccountDelegate.kt:679
CAND-INV-PAGE-ADDLINKACTIVITY-F9EC19DF-86F391C2-ENV-001,FEAT-ADD-FEED,PAGE-ADDLINKACTIVITY-F9EC19DF,STATE-PAGE-ADDLINKACTIVITY-F9EC19DF-F-86F391C2,this,ENV-001,Satisfy this,State this visible,capy/src/main/java/com/jocmp/capy/accounts/reader/ReaderAccountDelegate.kt:667
CAND-INV-PAGE-ADDLINKACTIVITY-F9EC19DF-0237FD96-ENV-001,FEAT-ADD-FEED,PAGE-ADDLINKACTIVITY-F9EC19DF,STATE-PAGE-ADDLINKACTIVITY-F9EC19DF-F-0237FD96,response.isSuccessful && responseBody != null,ENV-001,Satisfy response.isSuccessful && responseBody !=,State response.isSuccessful && responseBody != visible,capy/src/main/java/com/jocmp/capy/accounts/reader/ReaderCredentials.kt:33
CAND-INV-PAGE-ADDLINKACTIVITY-F9EC19DF-D0E16C86-ENV-001,FEAT-ADD-FEED,PAGE-ADDLINKACTIVITY-F9EC19DF,STATE-PAGE-ADDLINKACTIVITY-F9EC19DF-F-D0E16C86,auth != null,ENV-001,Satisfy auth != null,State auth != null visible,capy/src/main/java/com/jocmp/capy/accounts/reader/ReaderCredentials.kt:50
CAND-INV-PAGE-ADDLINKACTIVITY-F9EC19DF-7AFEE69D-ENV-001,FEAT-ADD-FEED,PAGE-ADDLINKACTIVITY-F9EC19DF,STATE-PAGE-ADDLINKACTIVITY-F9EC19DF-F-7AFEE69D,imageHref != null,ENV-001,Satisfy imageHref != null,State imageHref != null visible,capy/src/main/java/com/jocmp/capy/accounts/reader/ReaderEnclosureParsing.kt:13
CAND-INV-PAGE-ADDLINKACTIVITY-F9EC19DF-90D210E2-ENV-001,FEAT-ADD-FEED,PAGE-ADDLINKACTIVITY-F9EC19DF,STATE-PAGE-ADDLINKACTIVITY-F9EC19DF-F-90D210E2,!response.isSuccessful,ENV-001,Satisfy !response.isSuccessful,State !response.isSuccessful visible,capy/src/main/java/com/jocmp/capy/articles/ArticleContent.kt:31
CAND-INV-PAGE-ADDLINKACTIVITY-F9EC19DF-0DE488F9-ENV-001,FEAT-ADD-FEED,PAGE-ADDLINKACTIVITY-F9EC19DF,STATE-PAGE-ADDLINKACTIVITY-F9EC19DF-F-0DE488F9,body == null,ENV-001,Satisfy body == null,State body == null visible,capy/src/main/java/com/jocmp/capy/articles/ArticleContent.kt:37
CAND-INV-PAGE-ADDLINKACTIVITY-F9EC19DF-E01E5E88-ENV-001,FEAT-ADD-FEED,PAGE-ADDLINKACTIVITY-F9EC19DF,STATE-PAGE-ADDLINKACTIVITY-F9EC19DF-F-E01E5E88,"contentType?.subtype != ""html""",ENV-001,"Satisfy contentType?.subtype != ""html""","State contentType?.subtype != ""html"" visible",capy/src/main/java/com/jocmp/capy/articles/ArticleContent.kt:53
CAND-INV-PAGE-ADDLINKACTIVITY-F9EC19DF-FEE593B0-ENV-001,FEAT-ADD-FEED,PAGE-ADDLINKACTIVITY-F9EC19DF,STATE-PAGE-ADDLINKACTIVITY-F9EC19DF-F-FEE593B0,hours > 0,ENV-001,Satisfy hours > 0,State hours > 0 visible,capy/src/main/java/com/jocmp/capy/articles/ArticleEnclosuresExt.kt:97
CAND-INV-PAGE-ADDLINKACTIVITY-F9EC19DF-AEB9AFFE-ENV-001,FEAT-ADD-FEED,PAGE-ADDLINKACTIVITY-F9EC19DF,STATE-PAGE-ADDLINKACTIVITY-F9EC19DF-F-AEB9AFFE,showPlaceholderTitle,ENV-001,Satisfy showPlaceholderTitle,State showPlaceholderTitle visible,capy/src/main/java/com/jocmp/capy/articles/ArticleRenderer.kt:29
CAND-INV-PAGE-ADDLINKACTIVITY-F9EC19DF-B60DD217-ENV-001,FEAT-ADD-FEED,PAGE-ADDLINKACTIVITY-F9EC19DF,STATE-PAGE-ADDLINKACTIVITY-F9EC19DF-F-B60DD217,showPlaceholderTitle,ENV-001,Satisfy showPlaceholderTitle,State showPlaceholderTitle visible,capy/src/main/java/com/jocmp/capy/articles/ArticleRenderer.kt:35
CAND-INV-PAGE-ADDLINKACTIVITY-F9EC19DF-08B48AEB-ENV-001,FEAT-ADD-FEED,PAGE-ADDLINKACTIVITY-F9EC19DF,STATE-PAGE-ADDLINKACTIVITY-F9EC19DF-F-08B48AEB,article.parseFullContent,ENV-001,Satisfy article.parseFullContent,State article.parseFullContent visible,capy/src/main/java/com/jocmp/capy/articles/ArticleRenderer.kt:69
CAND-INV-PAGE-ADDLINKACTIVITY-F9EC19DF-EEA8D7DC-ENV-001,FEAT-ADD-FEED,PAGE-ADDLINKACTIVITY-F9EC19DF,STATE-PAGE-ADDLINKACTIVITY-F9EC19DF-F-EEA8D7DC,horizontalScroll,ENV-001,Satisfy horizontalScroll,State horizontalScroll visible,capy/src/main/java/com/jocmp/capy/articles/ArticleRenderer.kt:82
CAND-INV-PAGE-ADDLINKACTIVITY-F9EC19DF-5B178B66-ENV-001,FEAT-ADD-FEED,PAGE-ADDLINKACTIVITY-F9EC19DF,STATE-PAGE-ADDLINKACTIVITY-F9EC19DF-F-5B178B66,horizontalScroll,ENV-001,Satisfy horizontalScroll,State horizontalScroll visible,capy/src/main/java/com/jocmp/capy/articles/ArticleRenderer.kt:90
CAND-INV-PAGE-ADDLINKACTIVITY-F9EC19DF-F07BEB60-ENV-001,FEAT-ADD-FEED,PAGE-ADDLINKACTIVITY-F9EC19DF,STATE-PAGE-ADDLINKACTIVITY-F9EC19DF-F-F07BEB60,fontFamily,ENV-001,Satisfy fontFamily,State fontFamily visible,capy/src/main/java/com/jocmp/capy/articles/ArticleRenderer.kt:98
CAND-INV-PAGE-ADDLINKACTIVITY-F9EC19DF-2CB45347-ENV-001,FEAT-ADD-FEED,PAGE-ADDLINKACTIVITY-F9EC19DF,STATE-PAGE-ADDLINKACTIVITY-F9EC19DF-F-2CB45347,this,ENV-001,Satisfy this,State this visible,capy/src/main/java/com/jocmp/capy/articles/FontOption.kt:13
CAND-INV-PAGE-ADDLINKACTIVITY-F9EC19DF-3D3DCB8C-ENV-001,FEAT-ADD-FEED,PAGE-ADDLINKACTIVITY-F9EC19DF,STATE-PAGE-ADDLINKACTIVITY-F9EC19DF-F-3D3DCB8C,folder.expanded,ENV-001,Satisfy folder.expanded,State folder.expanded visible,capy/src/main/java/com/jocmp/capy/articles/SidebarItem.kt:38
CAND-INV-PAGE-ADDLINKACTIVITY-F9EC19DF-B3C29D80-ENV-001,FEAT-ADD-FEED,PAGE-ADDLINKACTIVITY-F9EC19DF,STATE-PAGE-ADDLINKACTIVITY-F9EC19DF-F-B3C29D80,this,ENV-001,Satisfy this,State this visible,capy/src/main/java/com/jocmp/capy/articles/TextAlignment.kt:8
CAND-INV-PAGE-ADDLINKACTIVITY-F9EC19DF-3C5DC4D6-ENV-001,FEAT-ADD-FEED,PAGE-ADDLINKACTIVITY-F9EC19DF,STATE-PAGE-ADDLINKACTIVITY-F9EC19DF-F-3C5DC4D6,continuation.isCancelled,ENV-001,Satisfy continuation.isCancelled,State continuation.isCancelled visible,capy/src/main/java/com/jocmp/capy/common/CallExecuteAsyncExt.kt:27
CAND-INV-PAGE-ADDLINKACTIVITY-F9EC19DF-1FB14900-ENV-001,FEAT-ADD-FEED,PAGE-ADDLINKACTIVITY-F9EC19DF,STATE-PAGE-ADDLINKACTIVITY-F9EC19DF-F-1FB14900,text.length <= MAX_LENGTH,ENV-001,Satisfy text.length <= MAX_LENGTH,State text.length <= MAX_LENGTH visible,capy/src/main/java/com/jocmp/capy/common/ContentFormatter.kt:25
CAND-INV-PAGE-ADDLINKACTIVITY-F9EC19DF-8DDAD9A2-ENV-001,FEAT-ADD-FEED,PAGE-ADDLINKACTIVITY-F9EC19DF,STATE-PAGE-ADDLINKACTIVITY-F9EC19DF-F-8DDAD9A2,lastSpace <= 0,ENV-001,Satisfy lastSpace <= 0,State lastSpace <= 0 visible,capy/src/main/java/com/jocmp/capy/common/ContentFormatter.kt:32
CAND-INV-PAGE-ADDLINKACTIVITY-F9EC19DF-E1D3C521-ENV-001,FEAT-ADD-FEED,PAGE-ADDLINKACTIVITY-F9EC19DF,STATE-PAGE-ADDLINKACTIVITY-F9EC19DF-F-E1D3C521,index > -1,ENV-001,Satisfy index > -1,State index > -1 visible,capy/src/main/java/com/jocmp/capy/common/MutableListExt.kt:6
CAND-INV-PAGE-ADDLINKACTIVITY-F9EC19DF-B6A969D7-ENV-001,FEAT-ADD-FEED,PAGE-ADDLINKACTIVITY-F9EC19DF,STATE-PAGE-ADDLINKACTIVITY-F9EC19DF-F-B6A969D7,index > -1,ENV-001,Satisfy index > -1,State index > -1 visible,capy/src/main/java/com/jocmp/capy/common/MutableListExt.kt:14
CAND-INV-PAGE-ADDLINKACTIVITY-F9EC19DF-8B420733-ENV-001,FEAT-ADD-FEED,PAGE-ADDLINKACTIVITY-F9EC19DF,STATE-PAGE-ADDLINKACTIVITY-F9EC19DF-F-8B420733,port != -1,ENV-001,Satisfy port != -1,State port != -1 visible,capy/src/main/java/com/jocmp/capy/common/OptionalURL.kt:7
CAND-INV-PAGE-ADDLINKACTIVITY-F9EC19DF-D81C55C4-ENV-001,FEAT-ADD-FEED,PAGE-ADDLINKACTIVITY-F9EC19DF,STATE-PAGE-ADDLINKACTIVITY-F9EC19DF-F-D81C55C4,char,ENV-001,Satisfy char,State char visible,capy/src/main/java/com/jocmp/capy/common/StringCharactersExt.kt:13
CAND-INV-PAGE-ADDLINKACTIVITY-F9EC19DF-60FB8A60-ENV-001,FEAT-ADD-FEED,PAGE-ADDLINKACTIVITY-F9EC19DF,STATE-PAGE-ADDLINKACTIVITY-F9EC19DF-F-60FB8A60,tabCount < 1,ENV-001,Satisfy tabCount < 1,State tabCount < 1 visible,capy/src/main/java/com/jocmp/capy/common/StringPrependingExt.kt:4
CAND-INV-PAGE-ADDLINKACTIVITY-F9EC19DF-29A73775-ENV-001,FEAT-ADD-FEED,PAGE-ADDLINKACTIVITY-F9EC19DF,STATE-PAGE-ADDLINKACTIVITY-F9EC19DF-F-29A73775,dateTime != null,ENV-001,Satisfy dateTime != null,State dateTime != null visible,capy/src/main/java/com/jocmp/capy/common/TimeHelpers.kt:43
CAND-INV-PAGE-ADDLINKACTIVITY-F9EC19DF-A4FC37FF-ENV-001,FEAT-ADD-FEED,PAGE-ADDLINKACTIVITY-F9EC19DF,STATE-PAGE-ADDLINKACTIVITY-F9EC19DF-F-A4FC37FF,hasUnclosedTag,ENV-001,Satisfy hasUnclosedTag,State hasUnclosedTag visible,capy/src/main/java/com/jocmp/capy/common/TitleMarkup.kt:30
CAND-INV-PAGE-ADDLINKACTIVITY-F9EC19DF-1C072587-ENV-001,FEAT-ADD-FEED,PAGE-ADDLINKACTIVITY-F9EC19DF,STATE-PAGE-ADDLINKACTIVITY-F9EC19DF-F-1C072587,!response.isSuccessful || result == null,ENV-001,Satisfy !response.isSuccessful || result == null,State !response.isSuccessful || result == null visible,capy/src/main/java/com/jocmp/capy/common/WithResult.kt:12
CAND-INV-PAGE-ADDLINKACTIVITY-F9EC19DF-026EE573-ENV-001,FEAT-ADD-FEED,PAGE-ADDLINKACTIVITY-F9EC19DF,STATE-PAGE-ADDLINKACTIVITY-F9EC19DF-F-026EE573,element.isFeed,ENV-001,Satisfy element.isFeed,State element.isFeed visible,capy/src/main/java/com/jocmp/capy/opml/OPMLHandler.kt:16
CAND-INV-PAGE-ADDLINKACTIVITY-F9EC19DF-FC43C89D-ENV-001,FEAT-ADD-FEED,PAGE-ADDLINKACTIVITY-F9EC19DF,STATE-PAGE-ADDLINKACTIVITY-F9EC19DF-F-FC43C89D,child.isFeed,ENV-001,Satisfy child.isFeed,State child.isFeed visible,capy/src/main/java/com/jocmp/capy/opml/OPMLHandler.kt:37
CAND-INV-PAGE-ADDLINKACTIVITY-F9EC19DF-A5E0551A-ENV-001,FEAT-ADD-FEED,PAGE-ADDLINKACTIVITY-F9EC19DF,STATE-PAGE-ADDLINKACTIVITY-F9EC19DF-F-A5E0551A,outline is Outline.FeedOutline,ENV-001,Satisfy outline is Outline.FeedOutline,State outline is Outline.FeedOutline visible,capy/src/main/java/com/jocmp/capy/opml/OPMLImporter.kt:43
CAND-INV-PAGE-ADDLINKACTIVITY-F9EC19DF-B9D9896E-ENV-001,FEAT-ADD-FEED,PAGE-ADDLINKACTIVITY-F9EC19DF,STATE-PAGE-ADDLINKACTIVITY-F9EC19DF-F-B9D9896E,xmlURL != null,ENV-001,Satisfy xmlURL != null,State xmlURL != null visible,capy/src/main/java/com/jocmp/capy/opml/OPMLImporter.kt:47
CAND-INV-PAGE-ADDLINKACTIVITY-F9EC19DF-AE7D654E-ENV-001,FEAT-ADD-FEED,PAGE-ADDLINKACTIVITY-F9EC19DF,STATE-PAGE-ADDLINKACTIVITY-F9EC19DF-F-AE7D654E,outline is Outline.FolderOutline,ENV-001,Satisfy outline is Outline.FolderOutline,State outline is Outline.FolderOutline visible,capy/src/main/java/com/jocmp/capy/opml/OPMLImporter.kt:55
CAND-INV-PAGE-ADDLINKACTIVITY-F9EC19DF-BE45E294-ENV-001,FEAT-ADD-FEED,PAGE-ADDLINKACTIVITY-F9EC19DF,STATE-PAGE-ADDLINKACTIVITY-F9EC19DF-F-BE45E294,xmlURL != null,ENV-001,Satisfy xmlURL != null,State xmlURL != null visible,capy/src/main/java/com/jocmp/capy/opml/OPMLImporter.kt:61
CAND-INV-PAGE-ADDLINKACTIVITY-F9EC19DF-31B73D66-ENV-001,FEAT-ADD-FEED,PAGE-ADDLINKACTIVITY-F9EC19DF,STATE-PAGE-ADDLINKACTIVITY-F9EC19DF-F-31B73D66,read,ENV-001,Satisfy read,State read visible,capy/src/main/java/com/jocmp/capy/persistence/ArticleRecords.kt:72
CAND-INV-PAGE-ADDLINKACTIVITY-F9EC19DF-4B79B79C-ENV-001,FEAT-ADD-FEED,PAGE-ADDLINKACTIVITY-F9EC19DF,STATE-PAGE-ADDLINKACTIVITY-F9EC19DF-F-4B79B79C,filter,ENV-001,Satisfy filter,State filter visible,capy/src/main/java/com/jocmp/capy/persistence/ArticleRecords.kt:262
CAND-INV-PAGE-ADDLINKACTIVITY-F9EC19DF-A7C38084-ENV-001,FEAT-ADD-FEED,PAGE-ADDLINKACTIVITY-F9EC19DF,STATE-PAGE-ADDLINKACTIVITY-F9EC19DF-F-A7C38084,filter,ENV-001,Satisfy filter,State filter visible,capy/src/main/java/com/jocmp/capy/persistence/ArticleRecords.kt:329
CAND-INV-PAGE-ADDLINKACTIVITY-F9EC19DF-296246D6-ENV-001,FEAT-ADD-FEED,PAGE-ADDLINKACTIVITY-F9EC19DF,STATE-PAGE-ADDLINKACTIVITY-F9EC19DF-F-296246D6,this,ENV-001,Satisfy this,State this visible,capy/src/main/java/com/jocmp/capy/persistence/ArticleStatusPair.kt:11
CAND-INV-PAGE-ADDLINKACTIVITY-F9EC19DF-67DBB5B7-ENV-001,FEAT-ADD-FEED,PAGE-ADDLINKACTIVITY-F9EC19DF,STATE-PAGE-ADDLINKACTIVITY-F9EC19DF-F-67DBB5B7,this,ENV-001,Satisfy this,State this visible,capy/src/main/java/com/jocmp/capy/persistence/ArticleStatusPair.kt:18
CAND-INV-PAGE-ADDLINKACTIVITY-F9EC19DF-A99385B9-ENV-001,FEAT-ADD-FEED,PAGE-ADDLINKACTIVITY-F9EC19DF,STATE-PAGE-ADDLINKACTIVITY-F9EC19DF-F-A99385B9,read != null,ENV-001,Satisfy read != null,State read != null visible,capy/src/main/java/com/jocmp/capy/persistence/articles/ArticleHelpers.kt:10
CAND-INV-PAGE-ADDLINKACTIVITY-F9EC19DF-D28C1B66-ENV-001,FEAT-ADD-FEED,PAGE-ADDLINKACTIVITY-F9EC19DF,STATE-PAGE-ADDLINKACTIVITY-F9EC19DF-F-D28C1B66,starred != null,ENV-001,Satisfy starred != null,State starred != null visible,capy/src/main/java/com/jocmp/capy/persistence/articles/ArticleHelpers.kt:18
CAND-INV-PAGE-ADDLINKACTIVITY-F9EC19DF-21648DE3-ENV-001,FEAT-ADD-FEED,PAGE-ADDLINKACTIVITY-F9EC19DF,STATE-PAGE-ADDLINKACTIVITY-F9EC19DF-F-21648DE3,SQL: page,ENV-001,Satisfy SQL: page,State SQL: page visible,feedbinclient/src/main/java/com/jocmp/feedbinclient/Feedbin.kt:25
CAND-INV-PAGE-ADDLINKACTIVITY-F9EC19DF-91FEAE9F-ENV-001,FEAT-ADD-FEED,PAGE-ADDLINKACTIVITY-F9EC19DF,STATE-PAGE-ADDLINKACTIVITY-F9EC19DF-F-91FEAE9F,SQL: since,ENV-001,Satisfy SQL: since,State SQL: since visible,feedbinclient/src/main/java/com/jocmp/feedbinclient/Feedbin.kt:26
CAND-INV-PAGE-ADDLINKACTIVITY-F9EC19DF-EF19BD06-ENV-001,FEAT-ADD-FEED,PAGE-ADDLINKACTIVITY-F9EC19DF,STATE-PAGE-ADDLINKACTIVITY-F9EC19DF-F-EF19BD06,SQL: mode,ENV-001,Satisfy SQL: mode,State SQL: mode visible,feedbinclient/src/main/java/com/jocmp/feedbinclient/Feedbin.kt:27
CAND-INV-PAGE-ADDLINKACTIVITY-F9EC19DF-33AD8E7A-ENV-001,FEAT-ADD-FEED,PAGE-ADDLINKACTIVITY-F9EC19DF,STATE-PAGE-ADDLINKACTIVITY-F9EC19DF-F-33AD8E7A,SQL: per_page,ENV-001,Satisfy SQL: per_page,State SQL: per_page visible,feedbinclient/src/main/java/com/jocmp/feedbinclient/Feedbin.kt:28
CAND-INV-PAGE-ADDLINKACTIVITY-F9EC19DF-EF270221-ENV-001,FEAT-ADD-FEED,PAGE-ADDLINKACTIVITY-F9EC19DF,STATE-PAGE-ADDLINKACTIVITY-F9EC19DF-F-EF270221,SQL: ids,ENV-001,Satisfy SQL: ids,State SQL: ids visible,feedbinclient/src/main/java/com/jocmp/feedbinclient/Feedbin.kt:30
CAND-INV-PAGE-ADDLINKACTIVITY-F9EC19DF-A1840839-ENV-001,FEAT-ADD-FEED,PAGE-ADDLINKACTIVITY-F9EC19DF,STATE-PAGE-ADDLINKACTIVITY-F9EC19DF-F-A1840839,SQL: page,ENV-001,Satisfy SQL: page,State SQL: page visible,feedbinclient/src/main/java/com/jocmp/feedbinclient/Feedbin.kt:104
CAND-INV-PAGE-ADDLINKACTIVITY-F9EC19DF-6E42EF68-ENV-001,FEAT-ADD-FEED,PAGE-ADDLINKACTIVITY-F9EC19DF,STATE-PAGE-ADDLINKACTIVITY-F9EC19DF-F-6E42EF68,SQL: mode,ENV-001,Satisfy SQL: mode,State SQL: mode visible,feedbinclient/src/main/java/com/jocmp/feedbinclient/Feedbin.kt:105
CAND-INV-PAGE-ADDLINKACTIVITY-F9EC19DF-77E0631B-ENV-001,FEAT-ADD-FEED,PAGE-ADDLINKACTIVITY-F9EC19DF,STATE-PAGE-ADDLINKACTIVITY-F9EC19DF-F-77E0631B,SQL: per_page,ENV-001,Satisfy SQL: per_page,State SQL: per_page visible,feedbinclient/src/main/java/com/jocmp/feedbinclient/Feedbin.kt:106
CAND-INV-PAGE-ADDLINKACTIVITY-F9EC19DF-76D91A00-ENV-001,FEAT-ADD-FEED,PAGE-ADDLINKACTIVITY-F9EC19DF,STATE-PAGE-ADDLINKACTIVITY-F9EC19DF-F-76D91A00,userInfo.size == 2,ENV-001,Satisfy userInfo.size == 2,State userInfo.size == 2 visible,feedfinder/src/main/java/com/jocmp/feedfinder/DefaultRequest.kt:24
CAND-INV-PAGE-ADDLINKACTIVITY-F9EC19DF-BBD329D3-ENV-001,FEAT-ADD-FEED,PAGE-ADDLINKACTIVITY-F9EC19DF,STATE-PAGE-ADDLINKACTIVITY-F9EC19DF-F-BBD329D3,parsed == null,ENV-001,Satisfy parsed == null,State parsed == null visible,feedfinder/src/main/java/com/jocmp/feedfinder/Response.kt:15
CAND-INV-PAGE-ADDLINKACTIVITY-F9EC19DF-F708BED8-ENV-001,FEAT-ADD-FEED,PAGE-ADDLINKACTIVITY-F9EC19DF,STATE-PAGE-ADDLINKACTIVITY-F9EC19DF-F-F708BED8,document != null,ENV-001,Satisfy document != null,State document != null visible,feedfinder/src/main/java/com/jocmp/feedfinder/parser/Parser.kt:22
CAND-INV-PAGE-ADDLINKACTIVITY-F9EC19DF-C29EEB01-ENV-001,FEAT-ADD-FEED,PAGE-ADDLINKACTIVITY-F9EC19DF,STATE-PAGE-ADDLINKACTIVITY-F9EC19DF-F-C29EEB01,validate,ENV-001,Satisfy validate,State validate visible,feedfinder/src/main/java/com/jocmp/feedfinder/parser/Parser.kt:26
CAND-INV-PAGE-ADDLINKACTIVITY-F9EC19DF-51D76589-ENV-001,FEAT-ADD-FEED,PAGE-ADDLINKACTIVITY-F9EC19DF,STATE-PAGE-ADDLINKACTIVITY-F9EC19DF-F-51D76589,match != null,ENV-001,Satisfy match != null,State match != null visible,feedfinder/src/main/java/com/jocmp/feedfinder/sources/KnownPatterns.kt:20
CAND-INV-PAGE-ADDLINKACTIVITY-F9EC19DF-A22BB856-ENV-001,FEAT-ADD-FEED,PAGE-ADDLINKACTIVITY-F9EC19DF,STATE-PAGE-ADDLINKACTIVITY-F9EC19DF-F-A22BB856,result != null,ENV-001,Satisfy result != null,State result != null visible,feedfinder/src/main/java/com/jocmp/feedfinder/sources/KnownPatterns.kt:28
CAND-INV-PAGE-ADDLINKACTIVITY-F9EC19DF-45D48846-ENV-001,FEAT-ADD-FEED,PAGE-ADDLINKACTIVITY-F9EC19DF,STATE-PAGE-ADDLINKACTIVITY-F9EC19DF-F-45D48846,feed != null,ENV-001,Satisfy feed != null,State feed != null visible,feedfinder/src/main/java/com/jocmp/feedfinder/sources/KnownPatterns.kt:34
CAND-INV-PAGE-ADDLINKACTIVITY-F9EC19DF-307B4653-ENV-001,FEAT-ADD-FEED,PAGE-ADDLINKACTIVITY-F9EC19DF,STATE-PAGE-ADDLINKACTIVITY-F9EC19DF-F-307B4653,document != null && isYouTubeDomain,ENV-001,Satisfy document != null && isYouTubeDomain,State document != null && isYouTubeDomain visible,feedfinder/src/main/java/com/jocmp/feedfinder/sources/KnownPatterns.kt:41
CAND-INV-PAGE-ADDLINKACTIVITY-F9EC19DF-0E897C9B-ENV-001,FEAT-ADD-FEED,PAGE-ADDLINKACTIVITY-F9EC19DF,STATE-PAGE-ADDLINKACTIVITY-F9EC19DF-F-0E897C9B,feed != null,ENV-001,Satisfy feed != null,State feed != null visible,feedfinder/src/main/java/com/jocmp/feedfinder/sources/KnownPatterns.kt:46
CAND-INV-PAGE-ADDLINKACTIVITY-F9EC19DF-7E21C4F2-ENV-001,FEAT-ADD-FEED,PAGE-ADDLINKACTIVITY-F9EC19DF,STATE-PAGE-ADDLINKACTIVITY-F9EC19DF-F-7E21C4F2,isMastodonServer,ENV-001,Satisfy isMastodonServer,State isMastodonServer visible,feedfinder/src/main/java/com/jocmp/feedfinder/sources/KnownPatterns.kt:51
CAND-INV-PAGE-ADDLINKACTIVITY-F9EC19DF-5DFE31C3-ENV-001,FEAT-ADD-FEED,PAGE-ADDLINKACTIVITY-F9EC19DF,STATE-PAGE-ADDLINKACTIVITY-F9EC19DF-F-5DFE31C3,feed != null,ENV-001,Satisfy feed != null,State feed != null visible,feedfinder/src/main/java/com/jocmp/feedfinder/sources/KnownPatterns.kt:55
CAND-INV-PAGE-ADDLINKACTIVITY-F9EC19DF-F9DC17F4-ENV-001,FEAT-ADD-FEED,PAGE-ADDLINKACTIVITY-F9EC19DF,STATE-PAGE-ADDLINKACTIVITY-F9EC19DF-F-F9DC17F4,result is Parser.Result.HTMLDocument,ENV-001,Satisfy result is Parser.Result.HTMLDocument,State result is Parser.Result.HTMLDocument visible,feedfinder/src/main/java/com/jocmp/feedfinder/sources/ResponseDocumentExt.kt:10
CAND-INV-PAGE-ADDLINKACTIVITY-F9EC19DF-E5AAC6BF-ENV-001,FEAT-ADD-FEED,PAGE-ADDLINKACTIVITY-F9EC19DF,STATE-PAGE-ADDLINKACTIVITY-F9EC19DF-F-E5AAC6BF,SQL: status,ENV-001,Satisfy SQL: status,State SQL: status visible,minifluxclient/src/main/java/com/jocmp/minifluxclient/Miniflux.kt:47
CAND-INV-PAGE-ADDLINKACTIVITY-F9EC19DF-31161961-ENV-001,FEAT-ADD-FEED,PAGE-ADDLINKACTIVITY-F9EC19DF,STATE-PAGE-ADDLINKACTIVITY-F9EC19DF-F-31161961,SQL: offset,ENV-001,Satisfy SQL: offset,State SQL: offset visible,minifluxclient/src/main/java/com/jocmp/minifluxclient/Miniflux.kt:48
CAND-INV-PAGE-ADDLINKACTIVITY-F9EC19DF-23C07986-ENV-001,FEAT-ADD-FEED,PAGE-ADDLINKACTIVITY-F9EC19DF,STATE-PAGE-ADDLINKACTIVITY-F9EC19DF-F-23C07986,SQL: limit,ENV-001,Satisfy SQL: limit,State SQL: limit visible,minifluxclient/src/main/java/com/jocmp/minifluxclient/Miniflux.kt:49
CAND-INV-PAGE-ADDLINKACTIVITY-F9EC19DF-CE5AB1D7-ENV-001,FEAT-ADD-FEED,PAGE-ADDLINKACTIVITY-F9EC19DF,STATE-PAGE-ADDLINKACTIVITY-F9EC19DF-F-CE5AB1D7,SQL: order,ENV-001,Satisfy SQL: order,State SQL: order visible,minifluxclient/src/main/java/com/jocmp/minifluxclient/Miniflux.kt:50
CAND-INV-PAGE-ADDLINKACTIVITY-F9EC19DF-29D5F805-ENV-001,FEAT-ADD-FEED,PAGE-ADDLINKACTIVITY-F9EC19DF,STATE-PAGE-ADDLINKACTIVITY-F9EC19DF-F-29D5F805,SQL: direction,ENV-001,Satisfy SQL: direction,State SQL: direction visible,minifluxclient/src/main/java/com/jocmp/minifluxclient/Miniflux.kt:51
CAND-INV-PAGE-ADDLINKACTIVITY-F9EC19DF-047B15A7-ENV-001,FEAT-ADD-FEED,PAGE-ADDLINKACTIVITY-F9EC19DF,STATE-PAGE-ADDLINKACTIVITY-F9EC19DF-F-047B15A7,SQL: before,ENV-001,Satisfy SQL: before,State SQL: before visible,minifluxclient/src/main/java/com/jocmp/minifluxclient/Miniflux.kt:52
CAND-INV-PAGE-ADDLINKACTIVITY-F9EC19DF-805FEC76-ENV-001,FEAT-ADD-FEED,PAGE-ADDLINKACTIVITY-F9EC19DF,STATE-PAGE-ADDLINKACTIVITY-F9EC19DF-F-805FEC76,SQL: after,ENV-001,Satisfy SQL: after,State SQL: after visible,minifluxclient/src/main/java/com/jocmp/minifluxclient/Miniflux.kt:53
CAND-INV-PAGE-ADDLINKACTIVITY-F9EC19DF-FABD680C-ENV-001,FEAT-ADD-FEED,PAGE-ADDLINKACTIVITY-F9EC19DF,STATE-PAGE-ADDLINKACTIVITY-F9EC19DF-F-FABD680C,SQL: before_entry_id,ENV-001,Satisfy SQL: before_entry_id,State SQL: before_entry_id visible,minifluxclient/src/main/java/com/jocmp/minifluxclient/Miniflux.kt:54
CAND-INV-PAGE-ADDLINKACTIVITY-F9EC19DF-503DC895-ENV-001,FEAT-ADD-FEED,PAGE-ADDLINKACTIVITY-F9EC19DF,STATE-PAGE-ADDLINKACTIVITY-F9EC19DF-F-503DC895,SQL: after_entry_id,ENV-001,Satisfy SQL: after_entry_id,State SQL: after_entry_id visible,minifluxclient/src/main/java/com/jocmp/minifluxclient/Miniflux.kt:55
CAND-INV-PAGE-ADDLINKACTIVITY-F9EC19DF-A86B2878-ENV-001,FEAT-ADD-FEED,PAGE-ADDLINKACTIVITY-F9EC19DF,STATE-PAGE-ADDLINKACTIVITY-F9EC19DF-F-A86B2878,SQL: starred,ENV-001,Satisfy SQL: starred,State SQL: starred visible,minifluxclient/src/main/java/com/jocmp/minifluxclient/Miniflux.kt:56
CAND-INV-PAGE-ADDLINKACTIVITY-F9EC19DF-BA387A68-ENV-001,FEAT-ADD-FEED,PAGE-ADDLINKACTIVITY-F9EC19DF,STATE-PAGE-ADDLINKACTIVITY-F9EC19DF-F-BA387A68,SQL: search,ENV-001,Satisfy SQL: search,State SQL: search visible,minifluxclient/src/main/java/com/jocmp/minifluxclient/Miniflux.kt:57
CAND-INV-PAGE-ADDLINKACTIVITY-F9EC19DF-1E3882E1-ENV-001,FEAT-ADD-FEED,PAGE-ADDLINKACTIVITY-F9EC19DF,STATE-PAGE-ADDLINKACTIVITY-F9EC19DF-F-1E3882E1,SQL: category_id,ENV-001,Satisfy SQL: category_id,State SQL: category_id visible,minifluxclient/src/main/java/com/jocmp/minifluxclient/Miniflux.kt:58
CAND-INV-PAGE-ADDLINKACTIVITY-F9EC19DF-3D0945B3-ENV-001,FEAT-ADD-FEED,PAGE-ADDLINKACTIVITY-F9EC19DF,STATE-PAGE-ADDLINKACTIVITY-F9EC19DF-F-3D0945B3,SQL: changed_after,ENV-001,Satisfy SQL: changed_after,State SQL: changed_after visible,minifluxclient/src/main/java/com/jocmp/minifluxclient/Miniflux.kt:59
CAND-INV-PAGE-ADDLINKACTIVITY-F9EC19DF-6A758D3B-ENV-001,FEAT-ADD-FEED,PAGE-ADDLINKACTIVITY-F9EC19DF,STATE-PAGE-ADDLINKACTIVITY-F9EC19DF-F-6A758D3B,SQL: status,ENV-001,Satisfy SQL: status,State SQL: status visible,minifluxclient/src/main/java/com/jocmp/minifluxclient/Miniflux.kt:65
CAND-INV-PAGE-ADDLINKACTIVITY-F9EC19DF-E3150F2B-ENV-001,FEAT-ADD-FEED,PAGE-ADDLINKACTIVITY-F9EC19DF,STATE-PAGE-ADDLINKACTIVITY-F9EC19DF-F-E3150F2B,SQL: offset,ENV-001,Satisfy SQL: offset,State SQL: offset visible,minifluxclient/src/main/java/com/jocmp/minifluxclient/Miniflux.kt:66
CAND-INV-PAGE-ADDLINKACTIVITY-F9EC19DF-16FC966A-ENV-001,FEAT-ADD-FEED,PAGE-ADDLINKACTIVITY-F9EC19DF,STATE-PAGE-ADDLINKACTIVITY-F9EC19DF-F-16FC966A,SQL: limit,ENV-001,Satisfy SQL: limit,State SQL: limit visible,minifluxclient/src/main/java/com/jocmp/minifluxclient/Miniflux.kt:67
CAND-INV-PAGE-ADDLINKACTIVITY-F9EC19DF-DD92854F-ENV-001,FEAT-ADD-FEED,PAGE-ADDLINKACTIVITY-F9EC19DF,STATE-PAGE-ADDLINKACTIVITY-F9EC19DF-F-DD92854F,SQL: order,ENV-001,Satisfy SQL: order,State SQL: order visible,minifluxclient/src/main/java/com/jocmp/minifluxclient/Miniflux.kt:68
CAND-INV-PAGE-ADDLINKACTIVITY-F9EC19DF-02AFF67A-ENV-001,FEAT-ADD-FEED,PAGE-ADDLINKACTIVITY-F9EC19DF,STATE-PAGE-ADDLINKACTIVITY-F9EC19DF-F-02AFF67A,SQL: direction,ENV-001,Satisfy SQL: direction,State SQL: direction visible,minifluxclient/src/main/java/com/jocmp/minifluxclient/Miniflux.kt:69
CAND-INV-PAGE-ADDLINKACTIVITY-F9EC19DF-A8B36C09-ENV-001,FEAT-ADD-FEED,PAGE-ADDLINKACTIVITY-F9EC19DF,STATE-PAGE-ADDLINKACTIVITY-F9EC19DF-F-A8B36C09,SQL: before,ENV-001,Satisfy SQL: before,State SQL: before visible,minifluxclient/src/main/java/com/jocmp/minifluxclient/Miniflux.kt:70
CAND-INV-PAGE-ADDLINKACTIVITY-F9EC19DF-22B62253-ENV-001,FEAT-ADD-FEED,PAGE-ADDLINKACTIVITY-F9EC19DF,STATE-PAGE-ADDLINKACTIVITY-F9EC19DF-F-22B62253,SQL: after,ENV-001,Satisfy SQL: after,State SQL: after visible,minifluxclient/src/main/java/com/jocmp/minifluxclient/Miniflux.kt:71
CAND-INV-PAGE-ADDLINKACTIVITY-F9EC19DF-329B2728-ENV-001,FEAT-ADD-FEED,PAGE-ADDLINKACTIVITY-F9EC19DF,STATE-PAGE-ADDLINKACTIVITY-F9EC19DF-F-329B2728,SQL: starred,ENV-001,Satisfy SQL: starred,State SQL: starred visible,minifluxclient/src/main/java/com/jocmp/minifluxclient/Miniflux.kt:72
CAND-INV-PAGE-ADDLINKACTIVITY-F9EC19DF-0C7D0856-ENV-001,FEAT-ADD-FEED,PAGE-ADDLINKACTIVITY-F9EC19DF,STATE-PAGE-ADDLINKACTIVITY-F9EC19DF-F-0C7D0856,SQL: search,ENV-001,Satisfy SQL: search,State SQL: search visible,minifluxclient/src/main/java/com/jocmp/minifluxclient/Miniflux.kt:73
CAND-INV-PAGE-ADDLINKACTIVITY-F9EC19DF-A8D73805-ENV-001,FEAT-ADD-FEED,PAGE-ADDLINKACTIVITY-F9EC19DF,STATE-PAGE-ADDLINKACTIVITY-F9EC19DF-F-A8D73805,SQL: counts,ENV-001,Satisfy SQL: counts,State SQL: counts visible,minifluxclient/src/main/java/com/jocmp/minifluxclient/Miniflux.kt:92
CAND-INV-PAGE-ADDLINKACTIVITY-F9EC19DF-7BF8CE73-ENV-001,FEAT-ADD-FEED,PAGE-ADDLINKACTIVITY-F9EC19DF,STATE-PAGE-ADDLINKACTIVITY-F9EC19DF-F-7BF8CE73,SQL: status,ENV-001,Satisfy SQL: status,State SQL: status visible,minifluxclient/src/main/java/com/jocmp/minifluxclient/Miniflux.kt:115
CAND-INV-PAGE-ADDLINKACTIVITY-F9EC19DF-4BB7FD20-ENV-001,FEAT-ADD-FEED,PAGE-ADDLINKACTIVITY-F9EC19DF,STATE-PAGE-ADDLINKACTIVITY-F9EC19DF-F-4BB7FD20,SQL: offset,ENV-001,Satisfy SQL: offset,State SQL: offset visible,minifluxclient/src/main/java/com/jocmp/minifluxclient/Miniflux.kt:116
CAND-INV-PAGE-ADDLINKACTIVITY-F9EC19DF-BAFA3937-ENV-001,FEAT-ADD-FEED,PAGE-ADDLINKACTIVITY-F9EC19DF,STATE-PAGE-ADDLINKACTIVITY-F9EC19DF-F-BAFA3937,SQL: limit,ENV-001,Satisfy SQL: limit,State SQL: limit visible,minifluxclient/src/main/java/com/jocmp/minifluxclient/Miniflux.kt:117
CAND-INV-PAGE-ADDLINKACTIVITY-F9EC19DF-5B309543-ENV-001,FEAT-ADD-FEED,PAGE-ADDLINKACTIVITY-F9EC19DF,STATE-PAGE-ADDLINKACTIVITY-F9EC19DF-F-5B309543,SQL: order,ENV-001,Satisfy SQL: order,State SQL: order visible,minifluxclient/src/main/java/com/jocmp/minifluxclient/Miniflux.kt:118
CAND-INV-PAGE-ADDLINKACTIVITY-F9EC19DF-CBBAB678-ENV-001,FEAT-ADD-FEED,PAGE-ADDLINKACTIVITY-F9EC19DF,STATE-PAGE-ADDLINKACTIVITY-F9EC19DF-F-CBBAB678,SQL: direction,ENV-001,Satisfy SQL: direction,State SQL: direction visible,minifluxclient/src/main/java/com/jocmp/minifluxclient/Miniflux.kt:119
CAND-INV-PAGE-ADDLINKACTIVITY-F9EC19DF-DE93D138-ENV-001,FEAT-ADD-FEED,PAGE-ADDLINKACTIVITY-F9EC19DF,STATE-PAGE-ADDLINKACTIVITY-F9EC19DF-F-DE93D138,SQL: starred,ENV-001,Satisfy SQL: starred,State SQL: starred visible,minifluxclient/src/main/java/com/jocmp/minifluxclient/Miniflux.kt:120
CAND-INV-PAGE-ADDLINKACTIVITY-F9EC19DF-04B550E4-ENV-001,FEAT-ADD-FEED,PAGE-ADDLINKACTIVITY-F9EC19DF,STATE-PAGE-ADDLINKACTIVITY-F9EC19DF-F-04B550E4,SQL: search,ENV-001,Satisfy SQL: search,State SQL: search visible,minifluxclient/src/main/java/com/jocmp/minifluxclient/Miniflux.kt:121
CAND-INV-PAGE-ADDLINKACTIVITY-F9EC19DF-2B030F86-ENV-001,FEAT-ADD-FEED,PAGE-ADDLINKACTIVITY-F9EC19DF,STATE-PAGE-ADDLINKACTIVITY-F9EC19DF-F-2B030F86,SQL: output,ENV-001,Satisfy SQL: output,State SQL: output visible,readerclient/src/main/java/com/jocmp/readerclient/GoogleReader.kt:19
CAND-INV-PAGE-ADDLINKACTIVITY-F9EC19DF-FD8BB79D-ENV-001,FEAT-ADD-FEED,PAGE-ADDLINKACTIVITY-F9EC19DF,STATE-PAGE-ADDLINKACTIVITY-F9EC19DF-F-FD8BB79D,SQL: output,ENV-001,Satisfy SQL: output,State SQL: output visible,readerclient/src/main/java/com/jocmp/readerclient/GoogleReader.kt:24
CAND-INV-PAGE-ADDLINKACTIVITY-F9EC19DF-76648E06-ENV-001,FEAT-ADD-FEED,PAGE-ADDLINKACTIVITY-F9EC19DF,STATE-PAGE-ADDLINKACTIVITY-F9EC19DF-F-76648E06,SQL: s,ENV-001,Satisfy SQL: s,State SQL: s visible,readerclient/src/main/java/com/jocmp/readerclient/GoogleReader.kt:29
CAND-INV-PAGE-ADDLINKACTIVITY-F9EC19DF-CF8BA6B2-ENV-001,FEAT-ADD-FEED,PAGE-ADDLINKACTIVITY-F9EC19DF,STATE-PAGE-ADDLINKACTIVITY-F9EC19DF-F-CF8BA6B2,SQL: ot,ENV-001,Satisfy SQL: ot,State SQL: ot visible,readerclient/src/main/java/com/jocmp/readerclient/GoogleReader.kt:31
CAND-INV-PAGE-ADDLINKACTIVITY-F9EC19DF-D5987921-ENV-001,FEAT-ADD-FEED,PAGE-ADDLINKACTIVITY-F9EC19DF,STATE-PAGE-ADDLINKACTIVITY-F9EC19DF-F-D5987921,SQL: c,ENV-001,Satisfy SQL: c,State SQL: c visible,readerclient/src/main/java/com/jocmp/readerclient/GoogleReader.kt:32
CAND-INV-PAGE-ADDLINKACTIVITY-F9EC19DF-F10B4B52-ENV-001,FEAT-ADD-FEED,PAGE-ADDLINKACTIVITY-F9EC19DF,STATE-PAGE-ADDLINKACTIVITY-F9EC19DF-F-F10B4B52,SQL: n,ENV-001,Satisfy SQL: n,State SQL: n visible,readerclient/src/main/java/com/jocmp/readerclient/GoogleReader.kt:33
CAND-INV-PAGE-ADDLINKACTIVITY-F9EC19DF-C8736D04-ENV-001,FEAT-ADD-FEED,PAGE-ADDLINKACTIVITY-F9EC19DF,STATE-PAGE-ADDLINKACTIVITY-F9EC19DF-F-C8736D04,SQL: xt,ENV-001,Satisfy SQL: xt,State SQL: xt visible,readerclient/src/main/java/com/jocmp/readerclient/GoogleReader.kt:35
CAND-INV-PAGE-ADDLINKACTIVITY-F9EC19DF-EE9284C5-ENV-001,FEAT-ADD-FEED,PAGE-ADDLINKACTIVITY-F9EC19DF,STATE-PAGE-ADDLINKACTIVITY-F9EC19DF-F-EE9284C5,SQL: output,ENV-001,Satisfy SQL: output,State SQL: output visible,readerclient/src/main/java/com/jocmp/readerclient/GoogleReader.kt:36
CAND-INV-PAGE-ADDLINKACTIVITY-F9EC19DF-271E17B8-ENV-001,FEAT-ADD-FEED,PAGE-ADDLINKACTIVITY-F9EC19DF,STATE-PAGE-ADDLINKACTIVITY-F9EC19DF-F-271E17B8,SQL: output,ENV-001,Satisfy SQL: output,State SQL: output visible,readerclient/src/main/java/com/jocmp/readerclient/GoogleReader.kt:44
CAND-INV-PAGE-ADDLINKACTIVITY-F9EC19DF-F968041A-ENV-001,FEAT-ADD-FEED,PAGE-ADDLINKACTIVITY-F9EC19DF,STATE-PAGE-ADDLINKACTIVITY-F9EC19DF-F-F968041A,SQL: output,ENV-001,Satisfy SQL: output,State SQL: output visible,readerclient/src/main/java/com/jocmp/readerclient/GoogleReader.kt:54
CAND-INV-PAGE-ADDLINKACTIVITY-F9EC19DF-45B39EAC-ENV-001,FEAT-ADD-FEED,PAGE-ADDLINKACTIVITY-F9EC19DF,STATE-PAGE-ADDLINKACTIVITY-F9EC19DF-F-45B39EAC,SQL: output,ENV-001,Satisfy SQL: output,State SQL: output visible,readerclient/src/main/java/com/jocmp/readerclient/GoogleReader.kt:77
CAND-INV-PAGE-ADDLINKACTIVITY-F9EC19DF-50F9B3DA-ENV-001,FEAT-ADD-FEED,PAGE-ADDLINKACTIVITY-F9EC19DF,STATE-PAGE-ADDLINKACTIVITY-F9EC19DF-F-50F9B3DA,response.notModified,ENV-001,Satisfy response.notModified,State response.notModified visible,rssparser/src/main/kotlin/com/jocmp/rssparser/RssParser.kt:44
CAND-INV-PAGE-ADDLINKACTIVITY-F9EC19DF-29B0A109-ENV-001,FEAT-ADD-FEED,PAGE-ADDLINKACTIVITY-F9EC19DF,STATE-PAGE-ADDLINKACTIVITY-F9EC19DF-F-29B0A109,available <= 0,ENV-001,Satisfy available <= 0,State available <= 0 visible,rssparser/src/main/kotlin/com/jocmp/rssparser/internal/BufferedSourceExt.kt:31
CAND-INV-PAGE-ADDLINKACTIVITY-F9EC19DF-00D9A7D7-ENV-001,FEAT-ADD-FEED,PAGE-ADDLINKACTIVITY-F9EC19DF,STATE-PAGE-ADDLINKACTIVITY-F9EC19DF-F-00D9A7D7,imageUrl == null || baseUrl == null,ENV-001,Satisfy imageUrl == null || baseUrl == null,State imageUrl == null || baseUrl == null visible,rssparser/src/main/kotlin/com/jocmp/rssparser/internal/ChannelFactory.kt:97
CAND-INV-PAGE-ADDLINKACTIVITY-F9EC19DF-E4F88C59-ENV-001,FEAT-ADD-FEED,PAGE-ADDLINKACTIVITY-F9EC19DF,STATE-PAGE-ADDLINKACTIVITY-F9EC19DF-F-E4F88C59,imageUri.isAbsolute,ENV-001,Satisfy imageUri.isAbsolute,State imageUri.isAbsolute visible,rssparser/src/main/kotlin/com/jocmp/rssparser/internal/ChannelFactory.kt:101
CAND-INV-PAGE-ADDLINKACTIVITY-F9EC19DF-FF5703D1-ENV-001,FEAT-ADD-FEED,PAGE-ADDLINKACTIVITY-F9EC19DF,STATE-PAGE-ADDLINKACTIVITY-F9EC19DF-F-FF5703D1,response.code == 304,ENV-001,Satisfy response.code == 304,State response.code == 304 visible,rssparser/src/main/kotlin/com/jocmp/rssparser/internal/DefaultFetcher.kt:43
CAND-INV-PAGE-ADDLINKACTIVITY-F9EC19DF-F3F92086-ENV-001,FEAT-ADD-FEED,PAGE-ADDLINKACTIVITY-F9EC19DF,STATE-PAGE-ADDLINKACTIVITY-F9EC19DF-F-F3F92086,!response.isSuccessful,ENV-001,Satisfy !response.isSuccessful,State !response.isSuccessful visible,rssparser/src/main/kotlin/com/jocmp/rssparser/internal/DefaultFetcher.kt:51
CAND-INV-PAGE-ADDLINKACTIVITY-F9EC19DF-BD3C4199-ENV-001,FEAT-ADD-FEED,PAGE-ADDLINKACTIVITY-F9EC19DF,STATE-PAGE-ADDLINKACTIVITY-F9EC19DF-F-BD3C4199,handler == null,ENV-001,Satisfy handler == null,State handler == null visible,rssparser/src/main/kotlin/com/jocmp/rssparser/internal/DefaultParser.kt:32
CAND-INV-PAGE-ADDLINKACTIVITY-F9EC19DF-BE661F8F-ENV-001,FEAT-ADD-FEED,PAGE-ADDLINKACTIVITY-F9EC19DF,STATE-PAGE-ADDLINKACTIVITY-F9EC19DF-F-BE661F8F,name != null,ENV-001,Satisfy name != null,State name != null visible,rssparser/src/main/kotlin/com/jocmp/rssparser/internal/atom/AtomFeedHandler.kt:63
CAND-INV-PAGE-ADDLINKACTIVITY-F9EC19DF-81A17657-ENV-001,FEAT-ADD-FEED,PAGE-ADDLINKACTIVITY-F9EC19DF,STATE-PAGE-ADDLINKACTIVITY-F9EC19DF-F-81A17657,this.pubDate == null,ENV-001,Satisfy this.pubDate == null,State this.pubDate == null visible,rssparser/src/main/kotlin/com/jocmp/rssparser/model/RssItem.kt:75
CAND-INV-PAGE-ADDLINKACTIVITY-F9EC19DF-F43D1ECD-ENV-001,FEAT-ADD-FEED,PAGE-ADDLINKACTIVITY-F9EC19DF,STATE-PAGE-ADDLINKACTIVITY-F9EC19DF-F-F43D1ECD,this.audio == null,ENV-001,Satisfy this.audio == null,State this.audio == null visible,rssparser/src/main/kotlin/com/jocmp/rssparser/model/RssItem.kt:90
CAND-INV-PAGE-ADDLINKACTIVITY-F9EC19DF-252EDACE-ENV-001,FEAT-ADD-FEED,PAGE-ADDLINKACTIVITY-F9EC19DF,STATE-PAGE-ADDLINKACTIVITY-F9EC19DF-F-252EDACE,this.video == null,ENV-001,Satisfy this.video == null,State this.video == null visible,rssparser/src/main/kotlin/com/jocmp/rssparser/model/RssItem.kt:97
CAND-INV-PAGE-ADDLINKACTIVITY-F9EC19DF-5A977732-ENV-001,FEAT-ADD-FEED,PAGE-ADDLINKACTIVITY-F9EC19DF,STATE-PAGE-ADDLINKACTIVITY-F9EC19DF-F-5A977732,category != null,ENV-001,Satisfy category != null,State category != null visible,rssparser/src/main/kotlin/com/jocmp/rssparser/model/RssItem.kt:106
CAND-INV-PAGE-ADDLINKACTIVITY-F9EC19DF-2CE11D95-ENV-001,FEAT-ADD-FEED,PAGE-ADDLINKACTIVITY-F9EC19DF,STATE-PAGE-ADDLINKACTIVITY-F9EC19DF-F-2CE11D95,compileSdk = 36,ENV-001,Satisfy compileSdk = 36,State compileSdk = 36 visible,app/build.gradle.kts:26
CAND-INV-PAGE-ADDLINKACTIVITY-F9EC19DF-C20F69FF-ENV-001,FEAT-ADD-FEED,PAGE-ADDLINKACTIVITY-F9EC19DF,STATE-PAGE-ADDLINKACTIVITY-F9EC19DF-F-C20F69FF,"applicationId = ""com.capyreader.app""",ENV-001,"Satisfy applicationId = ""com.capyreader.app""","State applicationId = ""com.capyreader.app"" visible",app/build.gradle.kts:29
CAND-INV-PAGE-ADDLINKACTIVITY-F9EC19DF-5ABDC1F3-ENV-001,FEAT-ADD-FEED,PAGE-ADDLINKACTIVITY-F9EC19DF,STATE-PAGE-ADDLINKACTIVITY-F9EC19DF-F-5ABDC1F3,minSdk = 30,ENV-001,Satisfy minSdk = 30,State minSdk = 30 visible,app/build.gradle.kts:30
CAND-INV-PAGE-ADDLINKACTIVITY-F9EC19DF-DB902CAB-ENV-001,FEAT-ADD-FEED,PAGE-ADDLINKACTIVITY-F9EC19DF,STATE-PAGE-ADDLINKACTIVITY-F9EC19DF-F-DB902CAB,targetSdk = 36,ENV-001,Satisfy targetSdk = 36,State targetSdk = 36 visible,app/build.gradle.kts:31
CAND-INV-PAGE-ADDLINKACTIVITY-F9EC19DF-F51BAA97-ENV-001,FEAT-ADD-FEED,PAGE-ADDLINKACTIVITY-F9EC19DF,STATE-PAGE-ADDLINKACTIVITY-F9EC19DF-F-F51BAA97,versionCode = 1212,ENV-001,Satisfy versionCode = 1212,State versionCode = 1212 visible,app/build.gradle.kts:32
CAND-INV-PAGE-ADDLINKACTIVITY-F9EC19DF-61295B2E-ENV-001,FEAT-ADD-FEED,PAGE-ADDLINKACTIVITY-F9EC19DF,STATE-PAGE-ADDLINKACTIVITY-F9EC19DF-F-61295B2E,"versionName = ""2026.07.1212""",ENV-001,"Satisfy versionName = ""2026.07.1212""","State versionName = ""2026.07.1212"" visible",app/build.gradle.kts:33
CAND-INV-PAGE-ADDLINKACTIVITY-F9EC19DF-7C87DD9D-ENV-001,FEAT-ADD-FEED,PAGE-ADDLINKACTIVITY-F9EC19DF,STATE-PAGE-ADDLINKACTIVITY-F9EC19DF-F-7C87DD9D,"applicationIdSuffix = "".debug""",ENV-001,"Satisfy applicationIdSuffix = "".debug""","State applicationIdSuffix = "".debug"" visible",app/build.gradle.kts:98
CAND-INV-PAGE-ADDLINKACTIVITY-F9EC19DF-868C0DF4-ENV-001,FEAT-ADD-FEED,PAGE-ADDLINKACTIVITY-F9EC19DF,STATE-PAGE-ADDLINKACTIVITY-F9EC19DF-F-868C0DF4,"applicationIdSuffix = "".nightly""",ENV-001,"Satisfy applicationIdSuffix = "".nightly""","State applicationIdSuffix = "".nightly"" visible",app/build.gradle.kts:102
CAND-INV-PAGE-ADDLINKACTIVITY-F9EC19DF-8914B142-ENV-001,FEAT-ADD-FEED,PAGE-ADDLINKACTIVITY-F9EC19DF,STATE-PAGE-ADDLINKACTIVITY-F9EC19DF-F-8914B142,dependency androidx.activity:activity-compose:(见catalog),ENV-001,Satisfy dependency androidx.activity:activity-co,State dependency androidx.activity:activity-co visible,app/build.gradle.kts:125
CAND-INV-PAGE-ADDLINKACTIVITY-F9EC19DF-388D3F2E-ENV-001,FEAT-ADD-FEED,PAGE-ADDLINKACTIVITY-F9EC19DF,STATE-PAGE-ADDLINKACTIVITY-F9EC19DF-F-388D3F2E,dependency androidx.compose.material3.adaptive:adaptive:(见catalog),ENV-001,Satisfy dependency androidx.compose.material3.ad,State dependency androidx.compose.material3.ad visible,app/build.gradle.kts:126
CAND-INV-PAGE-ADDLINKACTIVITY-F9EC19DF-D6006A15-ENV-001,FEAT-ADD-FEED,PAGE-ADDLINKACTIVITY-F9EC19DF,STATE-PAGE-ADDLINKACTIVITY-F9EC19DF-F-D6006A15,dependency androidx.compose.material3.adaptive:adaptive-layout:(见catalog),ENV-001,Satisfy dependency androidx.compose.material3.ad,State dependency androidx.compose.material3.ad visible,app/build.gradle.kts:127
CAND-INV-PAGE-ADDLINKACTIVITY-F9EC19DF-1DC7E2D5-ENV-001,FEAT-ADD-FEED,PAGE-ADDLINKACTIVITY-F9EC19DF,STATE-PAGE-ADDLINKACTIVITY-F9EC19DF-F-1DC7E2D5,dependency androidx.compose.material3.adaptive:adaptive-navigation:(见catalog),ENV-001,Satisfy dependency androidx.compose.material3.ad,State dependency androidx.compose.material3.ad visible,app/build.gradle.kts:128
CAND-INV-PAGE-ADDLINKACTIVITY-F9EC19DF-99808DCA-ENV-001,FEAT-ADD-FEED,PAGE-ADDLINKACTIVITY-F9EC19DF,STATE-PAGE-ADDLINKACTIVITY-F9EC19DF-F-99808DCA,dependency androidx.browser:browser:(见catalog),ENV-001,Satisfy dependency androidx.browser:browser:(见ca,State dependency androidx.browser:browser:(见ca visible,app/build.gradle.kts:129
CAND-INV-PAGE-ADDLINKACTIVITY-F9EC19DF-7CD8747A-ENV-001,FEAT-ADD-FEED,PAGE-ADDLINKACTIVITY-F9EC19DF,STATE-PAGE-ADDLINKACTIVITY-F9EC19DF-F-7CD8747A,dependency androidx.core:core-ktx:(见catalog),ENV-001,Satisfy dependency androidx.core:core-ktx:(见cata,State dependency androidx.core:core-ktx:(见cata visible,app/build.gradle.kts:130
CAND-INV-PAGE-ADDLINKACTIVITY-F9EC19DF-BA8C6069-ENV-001,FEAT-ADD-FEED,PAGE-ADDLINKACTIVITY-F9EC19DF,STATE-PAGE-ADDLINKACTIVITY-F9EC19DF-F-BA8C6069,dependency androidx.lifecycle:lifecycle-runtime-compose:2.10.0,ENV-001,Satisfy dependency androidx.lifecycle:lifecycle-,State dependency androidx.lifecycle:lifecycle- visible,app/build.gradle.kts:131
CAND-INV-PAGE-ADDLINKACTIVITY-F9EC19DF-AA26BEF9-ENV-001,FEAT-ADD-FEED,PAGE-ADDLINKACTIVITY-F9EC19DF,STATE-PAGE-ADDLINKACTIVITY-F9EC19DF-F-AA26BEF9,dependency androidx.lifecycle:lifecycle-runtime-ktx:2.10.0,ENV-001,Satisfy dependency androidx.lifecycle:lifecycle-,State dependency androidx.lifecycle:lifecycle- visible,app/build.gradle.kts:132
CAND-INV-PAGE-ADDLINKACTIVITY-F9EC19DF-55C227C2-ENV-001,FEAT-ADD-FEED,PAGE-ADDLINKACTIVITY-F9EC19DF,STATE-PAGE-ADDLINKACTIVITY-F9EC19DF-F-55C227C2,dependency com.google.android.material:material:(见catalog),ENV-001,Satisfy dependency com.google.android.material:m,State dependency com.google.android.material:m visible,app/build.gradle.kts:133
CAND-INV-PAGE-ADDLINKACTIVITY-F9EC19DF-5A85D774-ENV-001,FEAT-ADD-FEED,PAGE-ADDLINKACTIVITY-F9EC19DF,STATE-PAGE-ADDLINKACTIVITY-F9EC19DF-F-5A85D774,dependency androidx.compose.material:material-icons-extended:(见catalog),ENV-001,Satisfy dependency androidx.compose.material:mat,State dependency androidx.compose.material:mat visible,app/build.gradle.kts:134
CAND-INV-PAGE-ADDLINKACTIVITY-F9EC19DF-B6674CC5-ENV-001,FEAT-ADD-FEED,PAGE-ADDLINKACTIVITY-F9EC19DF,STATE-PAGE-ADDLINKACTIVITY-F9EC19DF-F-B6674CC5,dependency androidx.compose.material3:material3:(见catalog),ENV-001,Satisfy dependency androidx.compose.material3:ma,State dependency androidx.compose.material3:ma visible,app/build.gradle.kts:135
CAND-INV-PAGE-ADDLINKACTIVITY-F9EC19DF-E33CDC48-ENV-001,FEAT-ADD-FEED,PAGE-ADDLINKACTIVITY-F9EC19DF,STATE-PAGE-ADDLINKACTIVITY-F9EC19DF-F-E33CDC48,dependency androidx.compose.material3:material3-window-size-class-android:(见cata,ENV-001,Satisfy dependency androidx.compose.material3:ma,State dependency androidx.compose.material3:ma visible,app/build.gradle.kts:136
CAND-INV-PAGE-ADDLINKACTIVITY-F9EC19DF-A197BB33-ENV-001,FEAT-ADD-FEED,PAGE-ADDLINKACTIVITY-F9EC19DF,STATE-PAGE-ADDLINKACTIVITY-F9EC19DF-F-A197BB33,dependency androidx.media3:media3-datasource-okhttp:1.10.0,ENV-001,Satisfy dependency androidx.media3:media3-dataso,State dependency androidx.media3:media3-dataso visible,app/build.gradle.kts:137
CAND-INV-PAGE-ADDLINKACTIVITY-F9EC19DF-33198C49-ENV-001,FEAT-ADD-FEED,PAGE-ADDLINKACTIVITY-F9EC19DF,STATE-PAGE-ADDLINKACTIVITY-F9EC19DF-F-33198C49,dependency androidx.media3:media3-exoplayer:1.10.0,ENV-001,Satisfy dependency androidx.media3:media3-exopla,State dependency androidx.media3:media3-exopla visible,app/build.gradle.kts:138
CAND-INV-PAGE-ADDLINKACTIVITY-F9EC19DF-2B509131-ENV-001,FEAT-ADD-FEED,PAGE-ADDLINKACTIVITY-F9EC19DF,STATE-PAGE-ADDLINKACTIVITY-F9EC19DF-F-2B509131,dependency androidx.media3:media3-session:1.10.0,ENV-001,Satisfy dependency androidx.media3:media3-sessio,State dependency androidx.media3:media3-sessio visible,app/build.gradle.kts:139
CAND-INV-PAGE-ADDLINKACTIVITY-F9EC19DF-53E5BD89-ENV-001,FEAT-ADD-FEED,PAGE-ADDLINKACTIVITY-F9EC19DF,STATE-PAGE-ADDLINKACTIVITY-F9EC19DF-F-53E5BD89,dependency androidx.navigation:navigation-compose:2.9.7,ENV-001,Satisfy dependency androidx.navigation:navigatio,State dependency androidx.navigation:navigatio visible,app/build.gradle.kts:140
CAND-INV-PAGE-ADDLINKACTIVITY-F9EC19DF-0391D6FE-ENV-001,FEAT-ADD-FEED,PAGE-ADDLINKACTIVITY-F9EC19DF,STATE-PAGE-ADDLINKACTIVITY-F9EC19DF-F-0391D6FE,dependency androidx.palette:palette-ktx:(见catalog),ENV-001,Satisfy dependency androidx.palette:palette-ktx:,State dependency androidx.palette:palette-ktx: visible,app/build.gradle.kts:141
CAND-INV-PAGE-ADDLINKACTIVITY-F9EC19DF-95C38AAB-ENV-001,FEAT-ADD-FEED,PAGE-ADDLINKACTIVITY-F9EC19DF,STATE-PAGE-ADDLINKACTIVITY-F9EC19DF-F-95C38AAB,dependency androidx.paging:paging-compose:3.4.2,ENV-001,Satisfy dependency androidx.paging:paging-compos,State dependency androidx.paging:paging-compos visible,app/build.gradle.kts:142
CAND-INV-PAGE-ADDLINKACTIVITY-F9EC19DF-5CD34339-ENV-001,FEAT-ADD-FEED,PAGE-ADDLINKACTIVITY-F9EC19DF,STATE-PAGE-ADDLINKACTIVITY-F9EC19DF-F-5CD34339,dependency androidx.paging:paging-runtime-ktx:3.4.2,ENV-001,Satisfy dependency androidx.paging:paging-runtim,State dependency androidx.paging:paging-runtim visible,app/build.gradle.kts:143
CAND-INV-PAGE-ADDLINKACTIVITY-F9EC19DF-EACC4FB4-ENV-001,FEAT-ADD-FEED,PAGE-ADDLINKACTIVITY-F9EC19DF,STATE-PAGE-ADDLINKACTIVITY-F9EC19DF-F-EACC4FB4,dependency androidx.preference:preference-ktx:(见catalog),ENV-001,Satisfy dependency androidx.preference:preferenc,State dependency androidx.preference:preferenc visible,app/build.gradle.kts:144
CAND-INV-PAGE-ADDLINKACTIVITY-F9EC19DF-7E7214CF-ENV-001,FEAT-ADD-FEED,PAGE-ADDLINKACTIVITY-F9EC19DF,STATE-PAGE-ADDLINKACTIVITY-F9EC19DF-F-7E7214CF,dependency androidx.compose.ui:ui:(见catalog),ENV-001,Satisfy dependency androidx.compose.ui:ui:(见cata,State dependency androidx.compose.ui:ui:(见cata visible,app/build.gradle.kts:145
CAND-INV-PAGE-ADDLINKACTIVITY-F9EC19DF-4DFB20E9-ENV-001,FEAT-ADD-FEED,PAGE-ADDLINKACTIVITY-F9EC19DF,STATE-PAGE-ADDLINKACTIVITY-F9EC19DF-F-4DFB20E9,dependency androidx.compose.ui:ui-graphics:(见catalog),ENV-001,Satisfy dependency androidx.compose.ui:ui-graphi,State dependency androidx.compose.ui:ui-graphi visible,app/build.gradle.kts:146
CAND-INV-PAGE-ADDLINKACTIVITY-F9EC19DF-F4FC9C7D-ENV-001,FEAT-ADD-FEED,PAGE-ADDLINKACTIVITY-F9EC19DF,STATE-PAGE-ADDLINKACTIVITY-F9EC19DF-F-F4FC9C7D,dependency androidx.compose.ui:ui-tooling-preview:(见catalog),ENV-001,Satisfy dependency androidx.compose.ui:ui-toolin,State dependency androidx.compose.ui:ui-toolin visible,app/build.gradle.kts:147
CAND-INV-PAGE-ADDLINKACTIVITY-F9EC19DF-9F242EA1-ENV-001,FEAT-ADD-FEED,PAGE-ADDLINKACTIVITY-F9EC19DF,STATE-PAGE-ADDLINKACTIVITY-F9EC19DF-F-9F242EA1,dependency androidx.webkit:webkit:(见catalog),ENV-001,Satisfy dependency androidx.webkit:webkit:(见cata,State dependency androidx.webkit:webkit:(见cata visible,app/build.gradle.kts:148
CAND-INV-PAGE-ADDLINKACTIVITY-F9EC19DF-5EE17FB7-ENV-001,FEAT-ADD-FEED,PAGE-ADDLINKACTIVITY-F9EC19DF,STATE-PAGE-ADDLINKACTIVITY-F9EC19DF-F-5EE17FB7,dependency androidx.work:work-runtime-ktx:(见catalog),ENV-001,Satisfy dependency androidx.work:work-runtime-kt,State dependency androidx.work:work-runtime-kt visible,app/build.gradle.kts:149
CAND-INV-PAGE-ADDLINKACTIVITY-F9EC19DF-1423E84F-ENV-001,FEAT-ADD-FEED,PAGE-ADDLINKACTIVITY-F9EC19DF,STATE-PAGE-ADDLINKACTIVITY-F9EC19DF-F-1423E84F,dependency io.coil-kt.coil3:coil-compose:3.4.0,ENV-001,Satisfy dependency io.coil-kt.coil3:coil-compose,State dependency io.coil-kt.coil3:coil-compose visible,app/build.gradle.kts:150
CAND-INV-PAGE-ADDLINKACTIVITY-F9EC19DF-8B364720-ENV-001,FEAT-ADD-FEED,PAGE-ADDLINKACTIVITY-F9EC19DF,STATE-PAGE-ADDLINKACTIVITY-F9EC19DF-F-8B364720,dependency io.coil-kt.coil3:coil-gif:3.4.0,ENV-001,Satisfy dependency io.coil-kt.coil3:coil-gif:3.4,State dependency io.coil-kt.coil3:coil-gif:3.4 visible,app/build.gradle.kts:151
CAND-INV-PAGE-ADDLINKACTIVITY-F9EC19DF-3032AFAC-ENV-001,FEAT-ADD-FEED,PAGE-ADDLINKACTIVITY-F9EC19DF,STATE-PAGE-ADDLINKACTIVITY-F9EC19DF-F-3032AFAC,dependency io.coil-kt.coil3:coil-network-okhttp:3.4.0,ENV-001,Satisfy dependency io.coil-kt.coil3:coil-network,State dependency io.coil-kt.coil3:coil-network visible,app/build.gradle.kts:152
CAND-INV-PAGE-ADDLINKACTIVITY-F9EC19DF-508A488C-ENV-001,FEAT-ADD-FEED,PAGE-ADDLINKACTIVITY-F9EC19DF,STATE-PAGE-ADDLINKACTIVITY-F9EC19DF-F-508A488C,dependency io.coil-kt.coil3:coil-svg:3.4.0,ENV-001,Satisfy dependency io.coil-kt.coil3:coil-svg:3.4,State dependency io.coil-kt.coil3:coil-svg:3.4 visible,app/build.gradle.kts:153
CAND-INV-PAGE-ADDLINKACTIVITY-F9EC19DF-C93240E7-ENV-001,FEAT-ADD-FEED,PAGE-ADDLINKACTIVITY-F9EC19DF,STATE-PAGE-ADDLINKACTIVITY-F9EC19DF-F-C93240E7,dependency io.coil-kt.coil3:coil-video:3.4.0,ENV-001,Satisfy dependency io.coil-kt.coil3:coil-video:3,State dependency io.coil-kt.coil3:coil-video:3 visible,app/build.gradle.kts:154
CAND-INV-PAGE-ADDLINKACTIVITY-F9EC19DF-324CB37A-ENV-001,FEAT-ADD-FEED,PAGE-ADDLINKACTIVITY-F9EC19DF,STATE-PAGE-ADDLINKACTIVITY-F9EC19DF-F-324CB37A,dependency com.github.nanihadesuka:LazyColumnScrollbar:(见catalog),ENV-001,Satisfy dependency com.github.nanihadesuka:LazyC,State dependency com.github.nanihadesuka:LazyC visible,app/build.gradle.kts:155
CAND-INV-PAGE-ADDLINKACTIVITY-F9EC19DF-1CF8309C-ENV-001,FEAT-ADD-FEED,PAGE-ADDLINKACTIVITY-F9EC19DF,STATE-PAGE-ADDLINKACTIVITY-F9EC19DF-F-1CF8309C,dependency io.insert-koin:koin-android:(见catalog),ENV-001,Satisfy dependency io.insert-koin:koin-android:(,State dependency io.insert-koin:koin-android:( visible,app/build.gradle.kts:156
CAND-INV-PAGE-ADDLINKACTIVITY-F9EC19DF-6224E006-ENV-001,FEAT-ADD-FEED,PAGE-ADDLINKACTIVITY-F9EC19DF,STATE-PAGE-ADDLINKACTIVITY-F9EC19DF-F-6224E006,dependency io.insert-koin:koin-androidx-compose:(见catalog),ENV-001,Satisfy dependency io.insert-koin:koin-androidx-,State dependency io.insert-koin:koin-androidx- visible,app/build.gradle.kts:157
CAND-INV-PAGE-ADDLINKACTIVITY-F9EC19DF-9C49DEE5-ENV-001,FEAT-ADD-FEED,PAGE-ADDLINKACTIVITY-F9EC19DF,STATE-PAGE-ADDLINKACTIVITY-F9EC19DF-F-9C49DEE5,dependency io.insert-koin:koin-androidx-workmanager:(见catalog),ENV-001,Satisfy dependency io.insert-koin:koin-androidx-,State dependency io.insert-koin:koin-androidx- visible,app/build.gradle.kts:158
CAND-INV-PAGE-ADDLINKACTIVITY-F9EC19DF-5495458E-ENV-001,FEAT-ADD-FEED,PAGE-ADDLINKACTIVITY-F9EC19DF,STATE-PAGE-ADDLINKACTIVITY-F9EC19DF-F-5495458E,dependency io.insert-koin:koin-bom:(见catalog),ENV-001,Satisfy dependency io.insert-koin:koin-bom:(见cat,State dependency io.insert-koin:koin-bom:(见cat visible,app/build.gradle.kts:159
CAND-INV-PAGE-ADDLINKACTIVITY-F9EC19DF-E8123244-ENV-001,FEAT-ADD-FEED,PAGE-ADDLINKACTIVITY-F9EC19DF,STATE-PAGE-ADDLINKACTIVITY-F9EC19DF-F-E8123244,dependency io.insert-koin:koin-core:(见catalog),ENV-001,Satisfy dependency io.insert-koin:koin-core:(见ca,State dependency io.insert-koin:koin-core:(见ca visible,app/build.gradle.kts:160
CAND-INV-PAGE-ADDLINKACTIVITY-F9EC19DF-B0FE3B91-ENV-001,FEAT-ADD-FEED,PAGE-ADDLINKACTIVITY-F9EC19DF,STATE-PAGE-ADDLINKACTIVITY-F9EC19DF-F-B0FE3B91,dependency org.jetbrains.kotlinx:kotlinx-coroutines-android:1.10.2,ENV-001,Satisfy dependency org.jetbrains.kotlinx:kotlinx,State dependency org.jetbrains.kotlinx:kotlinx visible,app/build.gradle.kts:161
CAND-INV-PAGE-ADDLINKACTIVITY-F9EC19DF-14759305-ENV-001,FEAT-ADD-FEED,PAGE-ADDLINKACTIVITY-F9EC19DF,STATE-PAGE-ADDLINKACTIVITY-F9EC19DF-F-14759305,dependency org.jetbrains.kotlinx:kotlinx-coroutines-core:1.10.2,ENV-001,Satisfy dependency org.jetbrains.kotlinx:kotlinx,State dependency org.jetbrains.kotlinx:kotlinx visible,app/build.gradle.kts:162
CAND-INV-PAGE-ADDLINKACTIVITY-F9EC19DF-5C2D035F-ENV-001,FEAT-ADD-FEED,PAGE-ADDLINKACTIVITY-F9EC19DF,STATE-PAGE-ADDLINKACTIVITY-F9EC19DF-F-5C2D035F,dependency org.jetbrains.kotlinx:kotlinx-serialization-json:(见catalog),ENV-001,Satisfy dependency org.jetbrains.kotlinx:kotlinx,State dependency org.jetbrains.kotlinx:kotlinx visible,app/build.gradle.kts:163
CAND-INV-PAGE-ADDLINKACTIVITY-F9EC19DF-2EAB2695-ENV-001,FEAT-ADD-FEED,PAGE-ADDLINKACTIVITY-F9EC19DF,STATE-PAGE-ADDLINKACTIVITY-F9EC19DF-F-2EAB2695,dependency com.squareup.okhttp3:okhttp:5.3.2,ENV-001,Satisfy dependency com.squareup.okhttp3:okhttp:5,State dependency com.squareup.okhttp3:okhttp:5 visible,app/build.gradle.kts:164
CAND-INV-PAGE-ADDLINKACTIVITY-F9EC19DF-622ABE00-ENV-001,FEAT-ADD-FEED,PAGE-ADDLINKACTIVITY-F9EC19DF,STATE-PAGE-ADDLINKACTIVITY-F9EC19DF-F-622ABE00,dependency app.cash.sqldelight:android-driver:2.3.2,ENV-001,Satisfy dependency app.cash.sqldelight:android-d,State dependency app.cash.sqldelight:android-d visible,app/build.gradle.kts:165
CAND-INV-PAGE-ADDLINKACTIVITY-F9EC19DF-B1267F68-ENV-001,FEAT-ADD-FEED,PAGE-ADDLINKACTIVITY-F9EC19DF,STATE-PAGE-ADDLINKACTIVITY-F9EC19DF-F-B1267F68,dependency app.cash.sqldelight:androidx-paging3-extensions:2.3.2,ENV-001,Satisfy dependency app.cash.sqldelight:androidx-,State dependency app.cash.sqldelight:androidx- visible,app/build.gradle.kts:166
CAND-INV-PAGE-ADDLINKACTIVITY-F9EC19DF-CC2D77DC-ENV-001,FEAT-ADD-FEED,PAGE-ADDLINKACTIVITY-F9EC19DF,STATE-PAGE-ADDLINKACTIVITY-F9EC19DF-F-CC2D77DC,dependency me.saket.telephoto:zoomable:0.19.0,ENV-001,Satisfy dependency me.saket.telephoto:zoomable:0,State dependency me.saket.telephoto:zoomable:0 visible,app/build.gradle.kts:167
CAND-INV-PAGE-ADDLINKACTIVITY-F9EC19DF-32CA4234-ENV-001,FEAT-ADD-FEED,PAGE-ADDLINKACTIVITY-F9EC19DF,STATE-PAGE-ADDLINKACTIVITY-F9EC19DF-F-32CA4234,dependency me.saket.telephoto:zoomable-image-coil3:0.19.0,ENV-001,Satisfy dependency me.saket.telephoto:zoomable-i,State dependency me.saket.telephoto:zoomable-i visible,app/build.gradle.kts:168
CAND-INV-PAGE-ADDLINKACTIVITY-F9EC19DF-F4EB7CCF-ENV-001,FEAT-ADD-FEED,PAGE-ADDLINKACTIVITY-F9EC19DF,STATE-PAGE-ADDLINKACTIVITY-F9EC19DF-F-F4EB7CCF,dependency androidx.compose:compose-bom:(见catalog),ENV-001,Satisfy dependency androidx.compose:compose-bom:,State dependency androidx.compose:compose-bom: visible,app/build.gradle.kts:169
CAND-INV-PAGE-ADDLINKACTIVITY-F9EC19DF-509F780E-ENV-001,FEAT-ADD-FEED,PAGE-ADDLINKACTIVITY-F9EC19DF,STATE-PAGE-ADDLINKACTIVITY-F9EC19DF-F-509F780E,dependency :capy:(见catalog),ENV-001,Satisfy dependency :capy:(见catalog),State dependency :capy:(见catalog) visible,app/build.gradle.kts:170
CAND-INV-PAGE-ADDLINKACTIVITY-F9EC19DF-0E0A8F5A-ENV-001,FEAT-ADD-FEED,PAGE-ADDLINKACTIVITY-F9EC19DF,STATE-PAGE-ADDLINKACTIVITY-F9EC19DF-F-0E0A8F5A,dependency :feedfinder:(见catalog),ENV-001,Satisfy dependency :feedfinder:(见catalog),State dependency :feedfinder:(见catalog) visible,app/build.gradle.kts:171
CAND-INV-PAGE-ADDLINKACTIVITY-F9EC19DF-FC2AA21A-ENV-001,FEAT-ADD-FEED,PAGE-ADDLINKACTIVITY-F9EC19DF,STATE-PAGE-ADDLINKACTIVITY-F9EC19DF-F-FC2AA21A,dependency androidx.glance:glance-appwidget:1.2.0-rc01,ENV-001,Satisfy dependency androidx.glance:glance-appwid,State dependency androidx.glance:glance-appwid visible,app/build.gradle.kts:172
CAND-INV-PAGE-ADDLINKACTIVITY-F9EC19DF-D981EED9-ENV-001,FEAT-ADD-FEED,PAGE-ADDLINKACTIVITY-F9EC19DF,STATE-PAGE-ADDLINKACTIVITY-F9EC19DF-F-D981EED9,dependency androidx.glance:glance-material3:1.2.0-rc01,ENV-001,Satisfy dependency androidx.glance:glance-materi,State dependency androidx.glance:glance-materi visible,app/build.gradle.kts:173
CAND-INV-PAGE-ADDLINKACTIVITY-F9EC19DF-76C31D53-ENV-001,FEAT-ADD-FEED,PAGE-ADDLINKACTIVITY-F9EC19DF,STATE-PAGE-ADDLINKACTIVITY-F9EC19DF-F-76C31D53,dependency androidx.glance:glance-preview:1.2.0-rc01,ENV-001,Satisfy dependency androidx.glance:glance-previe,State dependency androidx.glance:glance-previe visible,app/build.gradle.kts:174
CAND-INV-PAGE-ADDLINKACTIVITY-F9EC19DF-B2EEF945-ENV-001,FEAT-ADD-FEED,PAGE-ADDLINKACTIVITY-F9EC19DF,STATE-PAGE-ADDLINKACTIVITY-F9EC19DF-F-B2EEF945,dependency androidx.glance:glance-appwidget-preview:1.2.0-rc01,ENV-001,Satisfy dependency androidx.glance:glance-appwid,State dependency androidx.glance:glance-appwid visible,app/build.gradle.kts:175
CAND-INV-PAGE-ADDLINKACTIVITY-F9EC19DF-9A7AB61C-ENV-001,FEAT-ADD-FEED,PAGE-ADDLINKACTIVITY-F9EC19DF,STATE-PAGE-ADDLINKACTIVITY-F9EC19DF-F-9A7AB61C,dependency junit:junit:(见catalog),ENV-001,Satisfy dependency junit:junit:(见catalog),State dependency junit:junit:(见catalog) visible,app/build.gradle.kts:177
CAND-INV-PAGE-ADDLINKACTIVITY-F9EC19DF-EC0FF227-ENV-001,FEAT-ADD-FEED,PAGE-ADDLINKACTIVITY-F9EC19DF,STATE-PAGE-ADDLINKACTIVITY-F9EC19DF-F-EC0FF227,dependency org.jetbrains.kotlinx:kotlinx-coroutines-test:1.10.2,ENV-001,Satisfy dependency org.jetbrains.kotlinx:kotlinx,State dependency org.jetbrains.kotlinx:kotlinx visible,app/build.gradle.kts:178
CAND-INV-PAGE-ADDLINKACTIVITY-F9EC19DF-D0682E6F-ENV-001,FEAT-ADD-FEED,PAGE-ADDLINKACTIVITY-F9EC19DF,STATE-PAGE-ADDLINKACTIVITY-F9EC19DF-F-D0682E6F,dependency io.mockk:mockk:1.14.9,ENV-001,Satisfy dependency io.mockk:mockk:1.14.9,State dependency io.mockk:mockk:1.14.9 visible,app/build.gradle.kts:179
CAND-INV-PAGE-ADDLINKACTIVITY-F9EC19DF-411314E1-ENV-001,FEAT-ADD-FEED,PAGE-ADDLINKACTIVITY-F9EC19DF,STATE-PAGE-ADDLINKACTIVITY-F9EC19DF-F-411314E1,dependency org.robolectric:robolectric:(见catalog),ENV-001,Satisfy dependency org.robolectric:robolectric:(,State dependency org.robolectric:robolectric:( visible,app/build.gradle.kts:180
CAND-INV-PAGE-ADDLINKACTIVITY-F9EC19DF-E6460EEE-ENV-001,FEAT-ADD-FEED,PAGE-ADDLINKACTIVITY-F9EC19DF,STATE-PAGE-ADDLINKACTIVITY-F9EC19DF-F-E6460EEE,dependency app.cash.turbine:turbine:(见catalog),ENV-001,Satisfy dependency app.cash.turbine:turbine:(见ca,State dependency app.cash.turbine:turbine:(见ca visible,app/build.gradle.kts:181
CAND-INV-PAGE-ADDLINKACTIVITY-F9EC19DF-DE6EC2AB-ENV-001,FEAT-ADD-FEED,PAGE-ADDLINKACTIVITY-F9EC19DF,STATE-PAGE-ADDLINKACTIVITY-F9EC19DF-F-DE6EC2AB,dependency androidx.work:work-testing:(见catalog),ENV-001,Satisfy dependency androidx.work:work-testing:(见,State dependency androidx.work:work-testing:(见 visible,app/build.gradle.kts:182
CAND-INV-PAGE-ADDLINKACTIVITY-F9EC19DF-37D47F32-ENV-001,FEAT-ADD-FEED,PAGE-ADDLINKACTIVITY-F9EC19DF,STATE-PAGE-ADDLINKACTIVITY-F9EC19DF-F-37D47F32,dependency androidx.test.ext:junit:(见catalog),ENV-001,Satisfy dependency androidx.test.ext:junit:(见cat,State dependency androidx.test.ext:junit:(见cat visible,app/build.gradle.kts:183
CAND-INV-PAGE-ADDLINKACTIVITY-F9EC19DF-7B2F8591-ENV-001,FEAT-ADD-FEED,PAGE-ADDLINKACTIVITY-F9EC19DF,STATE-PAGE-ADDLINKACTIVITY-F9EC19DF-F-7B2F8591,dependency androidx.test.espresso:espresso-core:(见catalog),ENV-001,Satisfy dependency androidx.test.espresso:espres,State dependency androidx.test.espresso:espres visible,app/build.gradle.kts:184
CAND-INV-PAGE-ADDLINKACTIVITY-F9EC19DF-DAF325D4-ENV-001,FEAT-ADD-FEED,PAGE-ADDLINKACTIVITY-F9EC19DF,STATE-PAGE-ADDLINKACTIVITY-F9EC19DF-F-DAF325D4,dependency androidx.compose:compose-bom:(见catalog),ENV-001,Satisfy dependency androidx.compose:compose-bom:,State dependency androidx.compose:compose-bom: visible,app/build.gradle.kts:185
CAND-INV-PAGE-ADDLINKACTIVITY-F9EC19DF-684684CA-ENV-001,FEAT-ADD-FEED,PAGE-ADDLINKACTIVITY-F9EC19DF,STATE-PAGE-ADDLINKACTIVITY-F9EC19DF-F-684684CA,dependency androidx.compose.ui:ui-test-junit4:(见catalog),ENV-001,Satisfy dependency androidx.compose.ui:ui-test-j,State dependency androidx.compose.ui:ui-test-j visible,app/build.gradle.kts:186
CAND-INV-PAGE-ADDLINKACTIVITY-F9EC19DF-57E02096-ENV-001,FEAT-ADD-FEED,PAGE-ADDLINKACTIVITY-F9EC19DF,STATE-PAGE-ADDLINKACTIVITY-F9EC19DF-F-57E02096,dependency androidx.compose.ui:ui-tooling:(见catalog),ENV-001,Satisfy dependency androidx.compose.ui:ui-toolin,State dependency androidx.compose.ui:ui-toolin visible,app/build.gradle.kts:187
CAND-INV-PAGE-ADDLINKACTIVITY-F9EC19DF-A0EB0C1C-ENV-001,FEAT-ADD-FEED,PAGE-ADDLINKACTIVITY-F9EC19DF,STATE-PAGE-ADDLINKACTIVITY-F9EC19DF-F-A0EB0C1C,dependency androidx.compose.ui:ui-test-manifest:(见catalog),ENV-001,Satisfy dependency androidx.compose.ui:ui-test-m,State dependency androidx.compose.ui:ui-test-m visible,app/build.gradle.kts:188
CAND-INV-PAGE-ADDLINKACTIVITY-F9EC19DF-E7028FC9-ENV-001,FEAT-ADD-FEED,PAGE-ADDLINKACTIVITY-F9EC19DF,STATE-PAGE-ADDLINKACTIVITY-F9EC19DF-F-E7028FC9,dependency :capy:(见catalog),ENV-001,Satisfy dependency :capy:(见catalog),State dependency :capy:(见catalog) visible,bench/build.gradle.kts:16
CAND-INV-PAGE-ADDLINKACTIVITY-F9EC19DF-C35E3C8D-ENV-001,FEAT-ADD-FEED,PAGE-ADDLINKACTIVITY-F9EC19DF,STATE-PAGE-ADDLINKACTIVITY-F9EC19DF-F-C35E3C8D,dependency app.cash.sqldelight:sqlite-driver:2.3.2,ENV-001,Satisfy dependency app.cash.sqldelight:sqlite-dr,State dependency app.cash.sqldelight:sqlite-dr visible,bench/build.gradle.kts:17
CAND-INV-PAGE-ADDLINKACTIVITY-F9EC19DF-32CFABA5-ENV-001,FEAT-ADD-FEED,PAGE-ADDLINKACTIVITY-F9EC19DF,STATE-PAGE-ADDLINKACTIVITY-F9EC19DF-F-32CFABA5,dependency org.jetbrains.kotlinx:kotlinx-coroutines-core:1.10.2,ENV-001,Satisfy dependency org.jetbrains.kotlinx:kotlinx,State dependency org.jetbrains.kotlinx:kotlinx visible,bench/build.gradle.kts:18
CAND-INV-PAGE-ADDLINKACTIVITY-F9EC19DF-D4A802F2-ENV-001,FEAT-ADD-FEED,PAGE-ADDLINKACTIVITY-F9EC19DF,STATE-PAGE-ADDLINKACTIVITY-F9EC19DF-F-D4A802F2,dependency org.jsoup:jsoup:(见catalog),ENV-001,Satisfy dependency org.jsoup:jsoup:(见catalog),State dependency org.jsoup:jsoup:(见catalog) visible,capy/build.gradle.kts:28
CAND-INV-PAGE-ADDLINKACTIVITY-F9EC19DF-54BE473A-ENV-001,FEAT-ADD-FEED,PAGE-ADDLINKACTIVITY-F9EC19DF,STATE-PAGE-ADDLINKACTIVITY-F9EC19DF-F-54BE473A,dependency org.jetbrains.kotlinx:kotlinx-coroutines-core:1.10.2,ENV-001,Satisfy dependency org.jetbrains.kotlinx:kotlinx,State dependency org.jetbrains.kotlinx:kotlinx visible,capy/build.gradle.kts:29
CAND-INV-PAGE-ADDLINKACTIVITY-F9EC19DF-A74EBF84-ENV-001,FEAT-ADD-FEED,PAGE-ADDLINKACTIVITY-F9EC19DF,STATE-PAGE-ADDLINKACTIVITY-F9EC19DF-F-A74EBF84,dependency org.jetbrains.kotlinx:kotlinx-serialization-json:(见catalog),ENV-001,Satisfy dependency org.jetbrains.kotlinx:kotlinx,State dependency org.jetbrains.kotlinx:kotlinx visible,capy/build.gradle.kts:30
CAND-INV-PAGE-ADDLINKACTIVITY-F9EC19DF-3616BF7B-ENV-001,FEAT-ADD-FEED,PAGE-ADDLINKACTIVITY-F9EC19DF,STATE-PAGE-ADDLINKACTIVITY-F9EC19DF-F-3616BF7B,dependency com.squareup.retrofit2:retrofit:3.0.0,ENV-001,Satisfy dependency com.squareup.retrofit2:retrof,State dependency com.squareup.retrofit2:retrof visible,capy/build.gradle.kts:31
CAND-INV-PAGE-ADDLINKACTIVITY-F9EC19DF-046A70AE-ENV-001,FEAT-ADD-FEED,PAGE-ADDLINKACTIVITY-F9EC19DF,STATE-PAGE-ADDLINKACTIVITY-F9EC19DF-F-046A70AE,dependency app.cash.sqldelight:coroutines-extensions:2.3.2,ENV-001,Satisfy dependency app.cash.sqldelight:coroutine,State dependency app.cash.sqldelight:coroutine visible,capy/build.gradle.kts:32
CAND-INV-PAGE-ADDLINKACTIVITY-F9EC19DF-46493A70-ENV-001,FEAT-ADD-FEED,PAGE-ADDLINKACTIVITY-F9EC19DF,STATE-PAGE-ADDLINKACTIVITY-F9EC19DF-F-46493A70,dependency com.squareup.okhttp3:okhttp-brotli:5.3.2,ENV-001,Satisfy dependency com.squareup.okhttp3:okhttp-b,State dependency com.squareup.okhttp3:okhttp-b visible,capy/build.gradle.kts:33
CAND-INV-PAGE-ADDLINKACTIVITY-F9EC19DF-97A8343E-ENV-001,FEAT-ADD-FEED,PAGE-ADDLINKACTIVITY-F9EC19DF,STATE-PAGE-ADDLINKACTIVITY-F9EC19DF-F-97A8343E,dependency :feedbinclient:(见catalog),ENV-001,Satisfy dependency :feedbinclient:(见catalog),State dependency :feedbinclient:(见catalog) visible,capy/build.gradle.kts:34
CAND-INV-PAGE-ADDLINKACTIVITY-F9EC19DF-5E3EE9BD-ENV-001,FEAT-ADD-FEED,PAGE-ADDLINKACTIVITY-F9EC19DF,STATE-PAGE-ADDLINKACTIVITY-F9EC19DF-F-5E3EE9BD,dependency :feedfinder:(见catalog),ENV-001,Satisfy dependency :feedfinder:(见catalog),State dependency :feedfinder:(见catalog) visible,capy/build.gradle.kts:35
CAND-INV-PAGE-ADDLINKACTIVITY-F9EC19DF-BA5D4E4E-ENV-001,FEAT-ADD-FEED,PAGE-ADDLINKACTIVITY-F9EC19DF,STATE-PAGE-ADDLINKACTIVITY-F9EC19DF-F-BA5D4E4E,dependency :minifluxclient:(见catalog),ENV-001,Satisfy dependency :minifluxclient:(见catalog),State dependency :minifluxclient:(见catalog) visible,capy/build.gradle.kts:36
CAND-INV-PAGE-ADDLINKACTIVITY-F9EC19DF-78FEC810-ENV-001,FEAT-ADD-FEED,PAGE-ADDLINKACTIVITY-F9EC19DF,STATE-PAGE-ADDLINKACTIVITY-F9EC19DF-F-78FEC810,dependency :rssparser:(见catalog),ENV-001,Satisfy dependency :rssparser:(见catalog),State dependency :rssparser:(见catalog) visible,capy/build.gradle.kts:37
CAND-INV-PAGE-ADDLINKACTIVITY-F9EC19DF-485D4D19-ENV-001,FEAT-ADD-FEED,PAGE-ADDLINKACTIVITY-F9EC19DF,STATE-PAGE-ADDLINKACTIVITY-F9EC19DF-F-485D4D19,dependency :readerclient:(见catalog),ENV-001,Satisfy dependency :readerclient:(见catalog),State dependency :readerclient:(见catalog) visible,capy/build.gradle.kts:38
CAND-INV-PAGE-ADDLINKACTIVITY-F9EC19DF-3C5D582C-ENV-001,FEAT-ADD-FEED,PAGE-ADDLINKACTIVITY-F9EC19DF,STATE-PAGE-ADDLINKACTIVITY-F9EC19DF-F-3C5D582C,dependency app.cash.sqldelight:sqlite-driver:2.3.2,ENV-001,Satisfy dependency app.cash.sqldelight:sqlite-dr,State dependency app.cash.sqldelight:sqlite-dr visible,capy/build.gradle.kts:40
CAND-INV-PAGE-ADDLINKACTIVITY-F9EC19DF-CCC50737-ENV-001,FEAT-ADD-FEED,PAGE-ADDLINKACTIVITY-F9EC19DF,STATE-PAGE-ADDLINKACTIVITY-F9EC19DF-F-CCC50737,dependency junit:junit:(见catalog),ENV-001,Satisfy dependency junit:junit:(见catalog),State dependency junit:junit:(见catalog) visible,capy/build.gradle.kts:41
CAND-INV-PAGE-ADDLINKACTIVITY-F9EC19DF-1BADA58F-ENV-001,FEAT-ADD-FEED,PAGE-ADDLINKACTIVITY-F9EC19DF,STATE-PAGE-ADDLINKACTIVITY-F9EC19DF-F-1BADA58F,dependency org.jetbrains.kotlinx:kotlinx-coroutines-test:1.10.2,ENV-001,Satisfy dependency org.jetbrains.kotlinx:kotlinx,State dependency org.jetbrains.kotlinx:kotlinx visible,capy/build.gradle.kts:42
CAND-INV-PAGE-ADDLINKACTIVITY-F9EC19DF-AC352505-ENV-001,FEAT-ADD-FEED,PAGE-ADDLINKACTIVITY-F9EC19DF,STATE-PAGE-ADDLINKACTIVITY-F9EC19DF-F-AC352505,dependency io.mockk:mockk-agent:1.14.9,ENV-001,Satisfy dependency io.mockk:mockk-agent:1.14.9,State dependency io.mockk:mockk-agent:1.14.9 visible,capy/build.gradle.kts:43
CAND-INV-PAGE-ADDLINKACTIVITY-F9EC19DF-842D5A9F-ENV-001,FEAT-ADD-FEED,PAGE-ADDLINKACTIVITY-F9EC19DF,STATE-PAGE-ADDLINKACTIVITY-F9EC19DF-F-842D5A9F,dependency io.mockk:mockk:1.14.9,ENV-001,Satisfy dependency io.mockk:mockk:1.14.9,State dependency io.mockk:mockk:1.14.9 visible,capy/build.gradle.kts:44
CAND-INV-PAGE-ADDLINKACTIVITY-F9EC19DF-E21DD5BB-ENV-001,FEAT-ADD-FEED,PAGE-ADDLINKACTIVITY-F9EC19DF,STATE-PAGE-ADDLINKACTIVITY-F9EC19DF-F-E21DD5BB,dependency com.github.gmazzo.okhttp.mock:mock-client:(见catalog),ENV-001,Satisfy dependency com.github.gmazzo.okhttp.mock,State dependency com.github.gmazzo.okhttp.mock visible,capy/build.gradle.kts:45
CAND-INV-PAGE-ADDLINKACTIVITY-F9EC19DF-09359A61-ENV-001,FEAT-ADD-FEED,PAGE-ADDLINKACTIVITY-F9EC19DF,STATE-PAGE-ADDLINKACTIVITY-F9EC19DF-F-09359A61,dependency org.jetbrains.kotlinx:kotlinx-coroutines-core:1.10.2,ENV-001,Satisfy dependency org.jetbrains.kotlinx:kotlinx,State dependency org.jetbrains.kotlinx:kotlinx visible,feedbinclient/build.gradle.kts:13
CAND-INV-PAGE-ADDLINKACTIVITY-F9EC19DF-A73CE384-ENV-001,FEAT-ADD-FEED,PAGE-ADDLINKACTIVITY-F9EC19DF,STATE-PAGE-ADDLINKACTIVITY-F9EC19DF-F-A73CE384,dependency com.squareup.moshi:moshi:(见catalog),ENV-001,Satisfy dependency com.squareup.moshi:moshi:(见ca,State dependency com.squareup.moshi:moshi:(见ca visible,feedbinclient/build.gradle.kts:14
CAND-INV-PAGE-ADDLINKACTIVITY-F9EC19DF-4C82788C-ENV-001,FEAT-ADD-FEED,PAGE-ADDLINKACTIVITY-F9EC19DF,STATE-PAGE-ADDLINKACTIVITY-F9EC19DF-F-4C82788C,dependency com.squareup.retrofit2:converter-moshi:(见catalog),ENV-001,Satisfy dependency com.squareup.retrofit2:conver,State dependency com.squareup.retrofit2:conver visible,feedbinclient/build.gradle.kts:15
CAND-INV-PAGE-ADDLINKACTIVITY-F9EC19DF-7263875B-ENV-001,FEAT-ADD-FEED,PAGE-ADDLINKACTIVITY-F9EC19DF,STATE-PAGE-ADDLINKACTIVITY-F9EC19DF-F-7263875B,dependency com.squareup.retrofit2:retrofit:3.0.0,ENV-001,Satisfy dependency com.squareup.retrofit2:retrof,State dependency com.squareup.retrofit2:retrof visible,feedbinclient/build.gradle.kts:16
CAND-INV-PAGE-ADDLINKACTIVITY-F9EC19DF-EAF7E121-ENV-001,FEAT-ADD-FEED,PAGE-ADDLINKACTIVITY-F9EC19DF,STATE-PAGE-ADDLINKACTIVITY-F9EC19DF-F-EAF7E121,dependency com.squareup.retrofit2:retrofit:3.0.0,ENV-001,Satisfy dependency com.squareup.retrofit2:retrof,State dependency com.squareup.retrofit2:retrof visible,feedbinclient/build.gradle.kts:17
CAND-INV-PAGE-ADDLINKACTIVITY-F9EC19DF-5A364600-ENV-001,FEAT-ADD-FEED,PAGE-ADDLINKACTIVITY-F9EC19DF,STATE-PAGE-ADDLINKACTIVITY-F9EC19DF-F-5A364600,dependency junit:junit:(见catalog),ENV-001,Satisfy dependency junit:junit:(见catalog),State dependency junit:junit:(见catalog) visible,feedbinclient/build.gradle.kts:20
CAND-INV-PAGE-ADDLINKACTIVITY-F9EC19DF-C5FFD03C-ENV-001,FEAT-ADD-FEED,PAGE-ADDLINKACTIVITY-F9EC19DF,STATE-PAGE-ADDLINKACTIVITY-F9EC19DF-F-C5FFD03C,dependency org.jetbrains.kotlinx:kotlinx-coroutines-test:1.10.2,ENV-001,Satisfy dependency org.jetbrains.kotlinx:kotlinx,State dependency org.jetbrains.kotlinx:kotlinx visible,feedbinclient/build.gradle.kts:21
CAND-INV-PAGE-ADDLINKACTIVITY-F9EC19DF-BB60EC3A-ENV-001,FEAT-ADD-FEED,PAGE-ADDLINKACTIVITY-F9EC19DF,STATE-PAGE-ADDLINKACTIVITY-F9EC19DF-F-BB60EC3A,dependency io.mockk:mockk:1.14.9,ENV-001,Satisfy dependency io.mockk:mockk:1.14.9,State dependency io.mockk:mockk:1.14.9 visible,feedbinclient/build.gradle.kts:22
CAND-INV-PAGE-ADDLINKACTIVITY-F9EC19DF-CB7B7D67-ENV-001,FEAT-ADD-FEED,PAGE-ADDLINKACTIVITY-F9EC19DF,STATE-PAGE-ADDLINKACTIVITY-F9EC19DF-F-CB7B7D67,dependency org.jsoup:jsoup:(见catalog),ENV-001,Satisfy dependency org.jsoup:jsoup:(见catalog),State dependency org.jsoup:jsoup:(见catalog) visible,feedfinder/build.gradle.kts:13
CAND-INV-PAGE-ADDLINKACTIVITY-F9EC19DF-C4CF5772-ENV-001,FEAT-ADD-FEED,PAGE-ADDLINKACTIVITY-F9EC19DF,STATE-PAGE-ADDLINKACTIVITY-F9EC19DF-F-C4CF5772,dependency com.squareup.moshi:moshi:(见catalog),ENV-001,Satisfy dependency com.squareup.moshi:moshi:(见ca,State dependency com.squareup.moshi:moshi:(见ca visible,feedfinder/build.gradle.kts:14
CAND-INV-PAGE-ADDLINKACTIVITY-F9EC19DF-181BCC5B-ENV-001,FEAT-ADD-FEED,PAGE-ADDLINKACTIVITY-F9EC19DF,STATE-PAGE-ADDLINKACTIVITY-F9EC19DF-F-181BCC5B,dependency org.jetbrains.kotlinx:kotlinx-coroutines-core:1.10.2,ENV-001,Satisfy dependency org.jetbrains.kotlinx:kotlinx,State dependency org.jetbrains.kotlinx:kotlinx visible,feedfinder/build.gradle.kts:15
CAND-INV-PAGE-ADDLINKACTIVITY-F9EC19DF-8A34C20C-ENV-001,FEAT-ADD-FEED,PAGE-ADDLINKACTIVITY-F9EC19DF,STATE-PAGE-ADDLINKACTIVITY-F9EC19DF-F-8A34C20C,dependency com.squareup.okhttp3:okhttp:5.3.2,ENV-001,Satisfy dependency com.squareup.okhttp3:okhttp:5,State dependency com.squareup.okhttp3:okhttp:5 visible,feedfinder/build.gradle.kts:16
CAND-INV-PAGE-ADDLINKACTIVITY-F9EC19DF-0C2F067F-ENV-001,FEAT-ADD-FEED,PAGE-ADDLINKACTIVITY-F9EC19DF,STATE-PAGE-ADDLINKACTIVITY-F9EC19DF-F-0C2F067F,dependency :rssparser:(见catalog),ENV-001,Satisfy dependency :rssparser:(见catalog),State dependency :rssparser:(见catalog) visible,feedfinder/build.gradle.kts:17
CAND-INV-PAGE-ADDLINKACTIVITY-F9EC19DF-C7C9CCDE-ENV-001,FEAT-ADD-FEED,PAGE-ADDLINKACTIVITY-F9EC19DF,STATE-PAGE-ADDLINKACTIVITY-F9EC19DF-F-C7C9CCDE,dependency junit:junit:(见catalog),ENV-001,Satisfy dependency junit:junit:(见catalog),State dependency junit:junit:(见catalog) visible,feedfinder/build.gradle.kts:20
CAND-INV-PAGE-ADDLINKACTIVITY-F9EC19DF-4E9AF7E2-ENV-001,FEAT-ADD-FEED,PAGE-ADDLINKACTIVITY-F9EC19DF,STATE-PAGE-ADDLINKACTIVITY-F9EC19DF-F-4E9AF7E2,dependency org.jetbrains.kotlinx:kotlinx-coroutines-test:1.10.2,ENV-001,Satisfy dependency org.jetbrains.kotlinx:kotlinx,State dependency org.jetbrains.kotlinx:kotlinx visible,feedfinder/build.gradle.kts:21
CAND-INV-PAGE-ADDLINKACTIVITY-F9EC19DF-55A6EF52-ENV-001,FEAT-ADD-FEED,PAGE-ADDLINKACTIVITY-F9EC19DF,STATE-PAGE-ADDLINKACTIVITY-F9EC19DF-F-55A6EF52,dependency com.squareup.okhttp3:mockwebserver3:5.3.2,ENV-001,Satisfy dependency com.squareup.okhttp3:mockwebs,State dependency com.squareup.okhttp3:mockwebs visible,feedfinder/build.gradle.kts:22
CAND-INV-PAGE-ADDLINKACTIVITY-F9EC19DF-C4EDBF31-ENV-001,FEAT-ADD-FEED,PAGE-ADDLINKACTIVITY-F9EC19DF,STATE-PAGE-ADDLINKACTIVITY-F9EC19DF-F-C4EDBF31,dependency org.jetbrains.kotlinx:kotlinx-coroutines-core:1.10.2,ENV-001,Satisfy dependency org.jetbrains.kotlinx:kotlinx,State dependency org.jetbrains.kotlinx:kotlinx visible,minifluxclient/build.gradle.kts:13
CAND-INV-PAGE-ADDLINKACTIVITY-F9EC19DF-822C4FCD-ENV-001,FEAT-ADD-FEED,PAGE-ADDLINKACTIVITY-F9EC19DF,STATE-PAGE-ADDLINKACTIVITY-F9EC19DF-F-822C4FCD,dependency com.squareup.moshi:moshi:(见catalog),ENV-001,Satisfy dependency com.squareup.moshi:moshi:(见ca,State dependency com.squareup.moshi:moshi:(见ca visible,minifluxclient/build.gradle.kts:14
CAND-INV-PAGE-ADDLINKACTIVITY-F9EC19DF-1DDE1CFC-ENV-001,FEAT-ADD-FEED,PAGE-ADDLINKACTIVITY-F9EC19DF,STATE-PAGE-ADDLINKACTIVITY-F9EC19DF-F-1DDE1CFC,dependency com.squareup.retrofit2:converter-moshi:(见catalog),ENV-001,Satisfy dependency com.squareup.retrofit2:conver,State dependency com.squareup.retrofit2:conver visible,minifluxclient/build.gradle.kts:15
CAND-INV-PAGE-ADDLINKACTIVITY-F9EC19DF-CAF79B6A-ENV-001,FEAT-ADD-FEED,PAGE-ADDLINKACTIVITY-F9EC19DF,STATE-PAGE-ADDLINKACTIVITY-F9EC19DF-F-CAF79B6A,dependency com.squareup.retrofit2:retrofit:3.0.0,ENV-001,Satisfy dependency com.squareup.retrofit2:retrof,State dependency com.squareup.retrofit2:retrof visible,minifluxclient/build.gradle.kts:16
CAND-INV-PAGE-ADDLINKACTIVITY-F9EC19DF-CD078DE1-ENV-001,FEAT-ADD-FEED,PAGE-ADDLINKACTIVITY-F9EC19DF,STATE-PAGE-ADDLINKACTIVITY-F9EC19DF-F-CD078DE1,dependency junit:junit:(见catalog),ENV-001,Satisfy dependency junit:junit:(见catalog),State dependency junit:junit:(见catalog) visible,minifluxclient/build.gradle.kts:19
CAND-INV-PAGE-ADDLINKACTIVITY-F9EC19DF-474460AB-ENV-001,FEAT-ADD-FEED,PAGE-ADDLINKACTIVITY-F9EC19DF,STATE-PAGE-ADDLINKACTIVITY-F9EC19DF-F-474460AB,dependency org.jetbrains.kotlinx:kotlinx-coroutines-test:1.10.2,ENV-001,Satisfy dependency org.jetbrains.kotlinx:kotlinx,State dependency org.jetbrains.kotlinx:kotlinx visible,minifluxclient/build.gradle.kts:20
CAND-INV-PAGE-ADDLINKACTIVITY-F9EC19DF-C9727313-ENV-001,FEAT-ADD-FEED,PAGE-ADDLINKACTIVITY-F9EC19DF,STATE-PAGE-ADDLINKACTIVITY-F9EC19DF-F-C9727313,dependency io.mockk:mockk:1.14.9,ENV-001,Satisfy dependency io.mockk:mockk:1.14.9,State dependency io.mockk:mockk:1.14.9 visible,minifluxclient/build.gradle.kts:21
CAND-INV-PAGE-ADDLINKACTIVITY-F9EC19DF-AFA66C81-ENV-001,FEAT-ADD-FEED,PAGE-ADDLINKACTIVITY-F9EC19DF,STATE-PAGE-ADDLINKACTIVITY-F9EC19DF-F-AFA66C81,dependency org.jetbrains.kotlinx:kotlinx-coroutines-core:1.10.2,ENV-001,Satisfy dependency org.jetbrains.kotlinx:kotlinx,State dependency org.jetbrains.kotlinx:kotlinx visible,readerclient/build.gradle.kts:13
CAND-INV-PAGE-ADDLINKACTIVITY-F9EC19DF-4E24B7C3-ENV-001,FEAT-ADD-FEED,PAGE-ADDLINKACTIVITY-F9EC19DF,STATE-PAGE-ADDLINKACTIVITY-F9EC19DF-F-4E24B7C3,dependency com.squareup.moshi:moshi:(见catalog),ENV-001,Satisfy dependency com.squareup.moshi:moshi:(见ca,State dependency com.squareup.moshi:moshi:(见ca visible,readerclient/build.gradle.kts:14
CAND-INV-PAGE-ADDLINKACTIVITY-F9EC19DF-3B3D3EA6-ENV-001,FEAT-ADD-FEED,PAGE-ADDLINKACTIVITY-F9EC19DF,STATE-PAGE-ADDLINKACTIVITY-F9EC19DF-F-3B3D3EA6,dependency com.squareup.retrofit2:converter-moshi:(见catalog),ENV-001,Satisfy dependency com.squareup.retrofit2:conver,State dependency com.squareup.retrofit2:conver visible,readerclient/build.gradle.kts:15
CAND-INV-PAGE-ADDLINKACTIVITY-F9EC19DF-098A5E26-ENV-001,FEAT-ADD-FEED,PAGE-ADDLINKACTIVITY-F9EC19DF,STATE-PAGE-ADDLINKACTIVITY-F9EC19DF-F-098A5E26,dependency com.squareup.retrofit2:retrofit:3.0.0,ENV-001,Satisfy dependency com.squareup.retrofit2:retrof,State dependency com.squareup.retrofit2:retrof visible,readerclient/build.gradle.kts:16
CAND-INV-PAGE-ADDLINKACTIVITY-F9EC19DF-871E8658-ENV-001,FEAT-ADD-FEED,PAGE-ADDLINKACTIVITY-F9EC19DF,STATE-PAGE-ADDLINKACTIVITY-F9EC19DF-F-871E8658,dependency com.squareup.retrofit2:converter-scalars:3.0.0,ENV-001,Satisfy dependency com.squareup.retrofit2:conver,State dependency com.squareup.retrofit2:conver visible,readerclient/build.gradle.kts:17
CAND-INV-PAGE-ADDLINKACTIVITY-F9EC19DF-120A7F4A-ENV-001,FEAT-ADD-FEED,PAGE-ADDLINKACTIVITY-F9EC19DF,STATE-PAGE-ADDLINKACTIVITY-F9EC19DF-F-120A7F4A,dependency junit:junit:(见catalog),ENV-001,Satisfy dependency junit:junit:(见catalog),State dependency junit:junit:(见catalog) visible,readerclient/build.gradle.kts:20
CAND-INV-PAGE-ADDLINKACTIVITY-F9EC19DF-BB38D103-ENV-001,FEAT-ADD-FEED,PAGE-ADDLINKACTIVITY-F9EC19DF,STATE-PAGE-ADDLINKACTIVITY-F9EC19DF-F-BB38D103,dependency org.jetbrains.kotlinx:kotlinx-coroutines-test:1.10.2,ENV-001,Satisfy dependency org.jetbrains.kotlinx:kotlinx,State dependency org.jetbrains.kotlinx:kotlinx visible,readerclient/build.gradle.kts:21
CAND-INV-PAGE-ADDLINKACTIVITY-F9EC19DF-C3B3BDA5-ENV-001,FEAT-ADD-FEED,PAGE-ADDLINKACTIVITY-F9EC19DF,STATE-PAGE-ADDLINKACTIVITY-F9EC19DF-F-C3B3BDA5,dependency io.mockk:mockk:1.14.9,ENV-001,Satisfy dependency io.mockk:mockk:1.14.9,State dependency io.mockk:mockk:1.14.9 visible,readerclient/build.gradle.kts:22
CAND-INV-PAGE-ADDLINKACTIVITY-F9EC19DF-4A78CF31-ENV-001,FEAT-ADD-FEED,PAGE-ADDLINKACTIVITY-F9EC19DF,STATE-PAGE-ADDLINKACTIVITY-F9EC19DF-F-4A78CF31,dependency com.squareup.okhttp3:okhttp:5.3.2,ENV-001,Satisfy dependency com.squareup.okhttp3:okhttp:5,State dependency com.squareup.okhttp3:okhttp:5 visible,rssparser/build.gradle.kts:13
CAND-INV-PAGE-ADDLINKACTIVITY-F9EC19DF-ABC8DC85-ENV-001,FEAT-ADD-FEED,PAGE-ADDLINKACTIVITY-F9EC19DF,STATE-PAGE-ADDLINKACTIVITY-F9EC19DF-F-ABC8DC85,dependency org.jetbrains.kotlinx:kotlinx-coroutines-core:1.10.2,ENV-001,Satisfy dependency org.jetbrains.kotlinx:kotlinx,State dependency org.jetbrains.kotlinx:kotlinx visible,rssparser/build.gradle.kts:14
CAND-INV-PAGE-ADDLINKACTIVITY-F9EC19DF-1E8D6A88-ENV-001,FEAT-ADD-FEED,PAGE-ADDLINKACTIVITY-F9EC19DF,STATE-PAGE-ADDLINKACTIVITY-F9EC19DF-F-1E8D6A88,dependency org.jsoup:jsoup:(见catalog),ENV-001,Satisfy dependency org.jsoup:jsoup:(见catalog),State dependency org.jsoup:jsoup:(见catalog) visible,rssparser/build.gradle.kts:15
CAND-INV-PAGE-ADDLINKACTIVITY-F9EC19DF-1FE76962-ENV-001,FEAT-ADD-FEED,PAGE-ADDLINKACTIVITY-F9EC19DF,STATE-PAGE-ADDLINKACTIVITY-F9EC19DF-F-1FE76962,dependency com.squareup.moshi:moshi:(见catalog),ENV-001,Satisfy dependency com.squareup.moshi:moshi:(见ca,State dependency com.squareup.moshi:moshi:(见ca visible,rssparser/build.gradle.kts:16
CAND-INV-PAGE-ADDLINKACTIVITY-F9EC19DF-F9143BB5-ENV-001,FEAT-ADD-FEED,PAGE-ADDLINKACTIVITY-F9EC19DF,STATE-PAGE-ADDLINKACTIVITY-F9EC19DF-F-F9143BB5,dependency com.squareup.retrofit2:converter-moshi:(见catalog),ENV-001,Satisfy dependency com.squareup.retrofit2:conver,State dependency com.squareup.retrofit2:conver visible,rssparser/build.gradle.kts:17
CAND-INV-PAGE-ADDLINKACTIVITY-F9EC19DF-DAFF52B6-ENV-001,FEAT-ADD-FEED,PAGE-ADDLINKACTIVITY-F9EC19DF,STATE-PAGE-ADDLINKACTIVITY-F9EC19DF-F-DAFF52B6,dependency org.jetbrains.kotlinx:kotlinx-coroutines-test:1.10.2,ENV-001,Satisfy dependency org.jetbrains.kotlinx:kotlinx,State dependency org.jetbrains.kotlinx:kotlinx visible,rssparser/build.gradle.kts:22
CAND-INV-PAGE-ADDLINKACTIVITY-F9EC19DF-E8EB99F7-ENV-001,FEAT-ADD-FEED,PAGE-ADDLINKACTIVITY-F9EC19DF,STATE-PAGE-ADDLINKACTIVITY-F9EC19DF-F-E8EB99F7,dependency androidx.activity:activity-compose:,ENV-001,Satisfy dependency androidx.activity:activity-co,State dependency androidx.activity:activity-co visible,gradle/libs.versions.toml
CAND-INV-PAGE-ADDLINKACTIVITY-F9EC19DF-7CAB9C97-ENV-001,FEAT-ADD-FEED,PAGE-ADDLINKACTIVITY-F9EC19DF,STATE-PAGE-ADDLINKACTIVITY-F9EC19DF-F-7CAB9C97,dependency androidx.compose.material3.adaptive:adaptive:,ENV-001,Satisfy dependency androidx.compose.material3.ad,State dependency androidx.compose.material3.ad visible,gradle/libs.versions.toml
CAND-INV-PAGE-ADDLINKACTIVITY-F9EC19DF-CD6829EC-ENV-001,FEAT-ADD-FEED,PAGE-ADDLINKACTIVITY-F9EC19DF,STATE-PAGE-ADDLINKACTIVITY-F9EC19DF-F-CD6829EC,dependency androidx.compose.material3.adaptive:adaptive-layout:,ENV-001,Satisfy dependency androidx.compose.material3.ad,State dependency androidx.compose.material3.ad visible,gradle/libs.versions.toml
CAND-INV-PAGE-ADDLINKACTIVITY-F9EC19DF-D13CD1BE-ENV-001,FEAT-ADD-FEED,PAGE-ADDLINKACTIVITY-F9EC19DF,STATE-PAGE-ADDLINKACTIVITY-F9EC19DF-F-D13CD1BE,dependency androidx.compose.material3.adaptive:adaptive-navigation:,ENV-001,Satisfy dependency androidx.compose.material3.ad,State dependency androidx.compose.material3.ad visible,gradle/libs.versions.toml
CAND-INV-PAGE-ADDLINKACTIVITY-F9EC19DF-20E46A31-ENV-001,FEAT-ADD-FEED,PAGE-ADDLINKACTIVITY-F9EC19DF,STATE-PAGE-ADDLINKACTIVITY-F9EC19DF-F-20E46A31,dependency androidx.browser:browser:,ENV-001,Satisfy dependency androidx.browser:browser:,State dependency androidx.browser:browser: visible,gradle/libs.versions.toml
CAND-INV-PAGE-ADDLINKACTIVITY-F9EC19DF-B6FB57C3-ENV-001,FEAT-ADD-FEED,PAGE-ADDLINKACTIVITY-F9EC19DF,STATE-PAGE-ADDLINKACTIVITY-F9EC19DF-F-B6FB57C3,dependency androidx.compose:compose-bom:,ENV-001,Satisfy dependency androidx.compose:compose-bom:,State dependency androidx.compose:compose-bom: visible,gradle/libs.versions.toml
CAND-INV-PAGE-ADDLINKACTIVITY-F9EC19DF-EEB9CD47-ENV-001,FEAT-ADD-FEED,PAGE-ADDLINKACTIVITY-F9EC19DF,STATE-PAGE-ADDLINKACTIVITY-F9EC19DF-F-EEB9CD47,dependency androidx.core:core-ktx:,ENV-001,Satisfy dependency androidx.core:core-ktx:,State dependency androidx.core:core-ktx: visible,gradle/libs.versions.toml
CAND-INV-PAGE-ADDLINKACTIVITY-F9EC19DF-972FA023-ENV-001,FEAT-ADD-FEED,PAGE-ADDLINKACTIVITY-F9EC19DF,STATE-PAGE-ADDLINKACTIVITY-F9EC19DF-F-972FA023,dependency androidx.glance:glance-appwidget:1.2.0-rc01,ENV-001,Satisfy dependency androidx.glance:glance-appwid,State dependency androidx.glance:glance-appwid visible,gradle/libs.versions.toml
CAND-INV-PAGE-ADDLINKACTIVITY-F9EC19DF-1F371B78-ENV-001,FEAT-ADD-FEED,PAGE-ADDLINKACTIVITY-F9EC19DF,STATE-PAGE-ADDLINKACTIVITY-F9EC19DF-F-1F371B78,dependency androidx.glance:glance-appwidget-preview:1.2.0-rc01,ENV-001,Satisfy dependency androidx.glance:glance-appwid,State dependency androidx.glance:glance-appwid visible,gradle/libs.versions.toml
CAND-INV-PAGE-ADDLINKACTIVITY-F9EC19DF-98BEEE05-ENV-001,FEAT-ADD-FEED,PAGE-ADDLINKACTIVITY-F9EC19DF,STATE-PAGE-ADDLINKACTIVITY-F9EC19DF-F-98BEEE05,dependency androidx.glance:glance-material3:1.2.0-rc01,ENV-001,Satisfy dependency androidx.glance:glance-materi,State dependency androidx.glance:glance-materi visible,gradle/libs.versions.toml
CAND-INV-PAGE-ADDLINKACTIVITY-F9EC19DF-DD45AAC3-ENV-001,FEAT-ADD-FEED,PAGE-ADDLINKACTIVITY-F9EC19DF,STATE-PAGE-ADDLINKACTIVITY-F9EC19DF-F-DD45AAC3,dependency androidx.glance:glance-preview:1.2.0-rc01,ENV-001,Satisfy dependency androidx.glance:glance-previe,State dependency androidx.glance:glance-previe visible,gradle/libs.versions.toml
CAND-INV-PAGE-ADDLINKACTIVITY-F9EC19DF-59E2BA9D-ENV-001,FEAT-ADD-FEED,PAGE-ADDLINKACTIVITY-F9EC19DF,STATE-PAGE-ADDLINKACTIVITY-F9EC19DF-F-59E2BA9D,dependency androidx.lifecycle:lifecycle-runtime-compose:2.10.0,ENV-001,Satisfy dependency androidx.lifecycle:lifecycle-,State dependency androidx.lifecycle:lifecycle- visible,gradle/libs.versions.toml
CAND-INV-PAGE-ADDLINKACTIVITY-F9EC19DF-1DDB2772-ENV-001,FEAT-ADD-FEED,PAGE-ADDLINKACTIVITY-F9EC19DF,STATE-PAGE-ADDLINKACTIVITY-F9EC19DF-F-1DDB2772,dependency androidx.lifecycle:lifecycle-runtime-ktx:2.10.0,ENV-001,Satisfy dependency androidx.lifecycle:lifecycle-,State dependency androidx.lifecycle:lifecycle- visible,gradle/libs.versions.toml
CAND-INV-PAGE-ADDLINKACTIVITY-F9EC19DF-74E4103A-ENV-001,FEAT-ADD-FEED,PAGE-ADDLINKACTIVITY-F9EC19DF,STATE-PAGE-ADDLINKACTIVITY-F9EC19DF-F-74E4103A,dependency com.google.android.material:material:,ENV-001,Satisfy dependency com.google.android.material:m,State dependency com.google.android.material:m visible,gradle/libs.versions.toml
CAND-INV-PAGE-ADDLINKACTIVITY-F9EC19DF-4F69C36B-ENV-001,FEAT-ADD-FEED,PAGE-ADDLINKACTIVITY-F9EC19DF,STATE-PAGE-ADDLINKACTIVITY-F9EC19DF-F-4F69C36B,dependency androidx.compose.material:material-icons-extended:,ENV-001,Satisfy dependency androidx.compose.material:mat,State dependency androidx.compose.material:mat visible,gradle/libs.versions.toml
CAND-INV-PAGE-ADDLINKACTIVITY-F9EC19DF-908C6FF3-ENV-001,FEAT-ADD-FEED,PAGE-ADDLINKACTIVITY-F9EC19DF,STATE-PAGE-ADDLINKACTIVITY-F9EC19DF-F-908C6FF3,dependency androidx.compose.material3:material3:,ENV-001,Satisfy dependency androidx.compose.material3:ma,State dependency androidx.compose.material3:ma visible,gradle/libs.versions.toml
CAND-INV-PAGE-ADDLINKACTIVITY-F9EC19DF-4CAE37B8-ENV-001,FEAT-ADD-FEED,PAGE-ADDLINKACTIVITY-F9EC19DF,STATE-PAGE-ADDLINKACTIVITY-F9EC19DF-F-4CAE37B8,dependency androidx.compose.material3:material3-window-size-class-android:,ENV-001,Satisfy dependency androidx.compose.material3:ma,State dependency androidx.compose.material3:ma visible,gradle/libs.versions.toml
CAND-INV-PAGE-ADDLINKACTIVITY-F9EC19DF-32CF96CE-ENV-001,FEAT-ADD-FEED,PAGE-ADDLINKACTIVITY-F9EC19DF,STATE-PAGE-ADDLINKACTIVITY-F9EC19DF-F-32CF96CE,dependency androidx.media3:media3-datasource-okhttp:1.10.0,ENV-001,Satisfy dependency androidx.media3:media3-dataso,State dependency androidx.media3:media3-dataso visible,gradle/libs.versions.toml
CAND-INV-PAGE-ADDLINKACTIVITY-F9EC19DF-DB088D2B-ENV-001,FEAT-ADD-FEED,PAGE-ADDLINKACTIVITY-F9EC19DF,STATE-PAGE-ADDLINKACTIVITY-F9EC19DF-F-DB088D2B,dependency androidx.media3:media3-exoplayer:1.10.0,ENV-001,Satisfy dependency androidx.media3:media3-exopla,State dependency androidx.media3:media3-exopla visible,gradle/libs.versions.toml
CAND-INV-PAGE-ADDLINKACTIVITY-F9EC19DF-38327120-ENV-001,FEAT-ADD-FEED,PAGE-ADDLINKACTIVITY-F9EC19DF,STATE-PAGE-ADDLINKACTIVITY-F9EC19DF-F-38327120,dependency androidx.media3:media3-session:1.10.0,ENV-001,Satisfy dependency androidx.media3:media3-sessio,State dependency androidx.media3:media3-sessio visible,gradle/libs.versions.toml
CAND-INV-PAGE-ADDLINKACTIVITY-F9EC19DF-CE846409-ENV-001,FEAT-ADD-FEED,PAGE-ADDLINKACTIVITY-F9EC19DF,STATE-PAGE-ADDLINKACTIVITY-F9EC19DF-F-CE846409,dependency androidx.navigation:navigation-compose:2.9.7,ENV-001,Satisfy dependency androidx.navigation:navigatio,State dependency androidx.navigation:navigatio visible,gradle/libs.versions.toml
CAND-INV-PAGE-ADDLINKACTIVITY-F9EC19DF-7C3E941C-ENV-001,FEAT-ADD-FEED,PAGE-ADDLINKACTIVITY-F9EC19DF,STATE-PAGE-ADDLINKACTIVITY-F9EC19DF-F-7C3E941C,dependency androidx.palette:palette-ktx:,ENV-001,Satisfy dependency androidx.palette:palette-ktx:,State dependency androidx.palette:palette-ktx: visible,gradle/libs.versions.toml
CAND-INV-PAGE-ADDLINKACTIVITY-F9EC19DF-8E6F3897-ENV-001,FEAT-ADD-FEED,PAGE-ADDLINKACTIVITY-F9EC19DF,STATE-PAGE-ADDLINKACTIVITY-F9EC19DF-F-8E6F3897,dependency androidx.paging:paging-compose:3.4.2,ENV-001,Satisfy dependency androidx.paging:paging-compos,State dependency androidx.paging:paging-compos visible,gradle/libs.versions.toml
CAND-INV-PAGE-ADDLINKACTIVITY-F9EC19DF-EC2B68D8-ENV-001,FEAT-ADD-FEED,PAGE-ADDLINKACTIVITY-F9EC19DF,STATE-PAGE-ADDLINKACTIVITY-F9EC19DF-F-EC2B68D8,dependency androidx.paging:paging-runtime-ktx:3.4.2,ENV-001,Satisfy dependency androidx.paging:paging-runtim,State dependency androidx.paging:paging-runtim visible,gradle/libs.versions.toml
CAND-INV-PAGE-ADDLINKACTIVITY-F9EC19DF-4CA06DC9-ENV-001,FEAT-ADD-FEED,PAGE-ADDLINKACTIVITY-F9EC19DF,STATE-PAGE-ADDLINKACTIVITY-F9EC19DF-F-4CA06DC9,dependency androidx.preference:preference-ktx:,ENV-001,Satisfy dependency androidx.preference:preferenc,State dependency androidx.preference:preferenc visible,gradle/libs.versions.toml
CAND-INV-PAGE-ADDLINKACTIVITY-F9EC19DF-758BBEAC-ENV-001,FEAT-ADD-FEED,PAGE-ADDLINKACTIVITY-F9EC19DF,STATE-PAGE-ADDLINKACTIVITY-F9EC19DF-F-758BBEAC,dependency androidx.compose.ui:ui:,ENV-001,Satisfy dependency androidx.compose.ui:ui:,State dependency androidx.compose.ui:ui: visible,gradle/libs.versions.toml
CAND-INV-PAGE-ADDLINKACTIVITY-F9EC19DF-C914DB63-ENV-001,FEAT-ADD-FEED,PAGE-ADDLINKACTIVITY-F9EC19DF,STATE-PAGE-ADDLINKACTIVITY-F9EC19DF-F-C914DB63,dependency androidx.compose.ui:ui-graphics:,ENV-001,Satisfy dependency androidx.compose.ui:ui-graphi,State dependency androidx.compose.ui:ui-graphi visible,gradle/libs.versions.toml
CAND-INV-PAGE-ADDLINKACTIVITY-F9EC19DF-5738B827-ENV-001,FEAT-ADD-FEED,PAGE-ADDLINKACTIVITY-F9EC19DF,STATE-PAGE-ADDLINKACTIVITY-F9EC19DF-F-5738B827,dependency androidx.compose.ui:ui-tooling:,ENV-001,Satisfy dependency androidx.compose.ui:ui-toolin,State dependency androidx.compose.ui:ui-toolin visible,gradle/libs.versions.toml
CAND-INV-PAGE-ADDLINKACTIVITY-F9EC19DF-45902424-ENV-001,FEAT-ADD-FEED,PAGE-ADDLINKACTIVITY-F9EC19DF,STATE-PAGE-ADDLINKACTIVITY-F9EC19DF-F-45902424,dependency androidx.compose.ui:ui-tooling-preview:,ENV-001,Satisfy dependency androidx.compose.ui:ui-toolin,State dependency androidx.compose.ui:ui-toolin visible,gradle/libs.versions.toml
CAND-INV-PAGE-ADDLINKACTIVITY-F9EC19DF-40F48B27-ENV-001,FEAT-ADD-FEED,PAGE-ADDLINKACTIVITY-F9EC19DF,STATE-PAGE-ADDLINKACTIVITY-F9EC19DF-F-40F48B27,dependency androidx.webkit:webkit:,ENV-001,Satisfy dependency androidx.webkit:webkit:,State dependency androidx.webkit:webkit: visible,gradle/libs.versions.toml
CAND-INV-PAGE-ADDLINKACTIVITY-F9EC19DF-D730CECF-ENV-001,FEAT-ADD-FEED,PAGE-ADDLINKACTIVITY-F9EC19DF,STATE-PAGE-ADDLINKACTIVITY-F9EC19DF-F-D730CECF,dependency androidx.work:work-runtime-ktx:,ENV-001,Satisfy dependency androidx.work:work-runtime-kt,State dependency androidx.work:work-runtime-kt visible,gradle/libs.versions.toml
CAND-INV-PAGE-ADDLINKACTIVITY-F9EC19DF-F22A0BA5-ENV-001,FEAT-ADD-FEED,PAGE-ADDLINKACTIVITY-F9EC19DF,STATE-PAGE-ADDLINKACTIVITY-F9EC19DF-F-F22A0BA5,dependency io.coil-kt.coil3:coil-compose:3.4.0,ENV-001,Satisfy dependency io.coil-kt.coil3:coil-compose,State dependency io.coil-kt.coil3:coil-compose visible,gradle/libs.versions.toml
CAND-INV-PAGE-ADDLINKACTIVITY-F9EC19DF-D20931D5-ENV-001,FEAT-ADD-FEED,PAGE-ADDLINKACTIVITY-F9EC19DF,STATE-PAGE-ADDLINKACTIVITY-F9EC19DF-F-D20931D5,dependency io.coil-kt.coil3:coil-gif:3.4.0,ENV-001,Satisfy dependency io.coil-kt.coil3:coil-gif:3.4,State dependency io.coil-kt.coil3:coil-gif:3.4 visible,gradle/libs.versions.toml
CAND-INV-PAGE-ADDLINKACTIVITY-F9EC19DF-9F003F9E-ENV-001,FEAT-ADD-FEED,PAGE-ADDLINKACTIVITY-F9EC19DF,STATE-PAGE-ADDLINKACTIVITY-F9EC19DF-F-9F003F9E,dependency io.coil-kt.coil3:coil-network-okhttp:3.4.0,ENV-001,Satisfy dependency io.coil-kt.coil3:coil-network,State dependency io.coil-kt.coil3:coil-network visible,gradle/libs.versions.toml
CAND-INV-PAGE-ADDLINKACTIVITY-F9EC19DF-439DB033-ENV-001,FEAT-ADD-FEED,PAGE-ADDLINKACTIVITY-F9EC19DF,STATE-PAGE-ADDLINKACTIVITY-F9EC19DF-F-439DB033,dependency io.coil-kt.coil3:coil-svg:3.4.0,ENV-001,Satisfy dependency io.coil-kt.coil3:coil-svg:3.4,State dependency io.coil-kt.coil3:coil-svg:3.4 visible,gradle/libs.versions.toml
CAND-INV-PAGE-ADDLINKACTIVITY-F9EC19DF-FD5E227D-ENV-001,FEAT-ADD-FEED,PAGE-ADDLINKACTIVITY-F9EC19DF,STATE-PAGE-ADDLINKACTIVITY-F9EC19DF-F-FD5E227D,dependency io.coil-kt.coil3:coil-video:3.4.0,ENV-001,Satisfy dependency io.coil-kt.coil3:coil-video:3,State dependency io.coil-kt.coil3:coil-video:3 visible,gradle/libs.versions.toml
CAND-INV-PAGE-ADDLINKACTIVITY-F9EC19DF-0B0B9CBE-ENV-001,FEAT-ADD-FEED,PAGE-ADDLINKACTIVITY-F9EC19DF,STATE-PAGE-ADDLINKACTIVITY-F9EC19DF-F-0B0B9CBE,dependency com.squareup.retrofit2:converter-scalars:3.0.0,ENV-001,Satisfy dependency com.squareup.retrofit2:conver,State dependency com.squareup.retrofit2:conver visible,gradle/libs.versions.toml
CAND-INV-PAGE-ADDLINKACTIVITY-F9EC19DF-534052B7-ENV-001,FEAT-ADD-FEED,PAGE-ADDLINKACTIVITY-F9EC19DF,STATE-PAGE-ADDLINKACTIVITY-F9EC19DF-F-534052B7,dependency com.google.firebase:firebase-crashlytics:,ENV-001,Satisfy dependency com.google.firebase:firebase-,State dependency com.google.firebase:firebase- visible,gradle/libs.versions.toml
CAND-INV-PAGE-ADDLINKACTIVITY-F9EC19DF-C84E3E63-ENV-001,FEAT-ADD-FEED,PAGE-ADDLINKACTIVITY-F9EC19DF,STATE-PAGE-ADDLINKACTIVITY-F9EC19DF-F-C84E3E63,dependency org.jsoup:jsoup:,ENV-001,Satisfy dependency org.jsoup:jsoup:,State dependency org.jsoup:jsoup: visible,gradle/libs.versions.toml
CAND-INV-PAGE-ADDLINKACTIVITY-F9EC19DF-19174F54-ENV-001,FEAT-ADD-FEED,PAGE-ADDLINKACTIVITY-F9EC19DF,STATE-PAGE-ADDLINKACTIVITY-F9EC19DF-F-19174F54,dependency io.insert-koin:koin-android:,ENV-001,Satisfy dependency io.insert-koin:koin-android:,State dependency io.insert-koin:koin-android: visible,gradle/libs.versions.toml
CAND-INV-PAGE-ADDLINKACTIVITY-F9EC19DF-6E5D67CB-ENV-001,FEAT-ADD-FEED,PAGE-ADDLINKACTIVITY-F9EC19DF,STATE-PAGE-ADDLINKACTIVITY-F9EC19DF-F-6E5D67CB,dependency io.insert-koin:koin-androidx-compose:,ENV-001,Satisfy dependency io.insert-koin:koin-androidx-,State dependency io.insert-koin:koin-androidx- visible,gradle/libs.versions.toml
CAND-INV-PAGE-ADDLINKACTIVITY-F9EC19DF-7F32D105-ENV-001,FEAT-ADD-FEED,PAGE-ADDLINKACTIVITY-F9EC19DF,STATE-PAGE-ADDLINKACTIVITY-F9EC19DF-F-7F32D105,dependency io.insert-koin:koin-androidx-workmanager:,ENV-001,Satisfy dependency io.insert-koin:koin-androidx-,State dependency io.insert-koin:koin-androidx- visible,gradle/libs.versions.toml
CAND-INV-PAGE-ADDLINKACTIVITY-F9EC19DF-C0990C1D-ENV-001,FEAT-ADD-FEED,PAGE-ADDLINKACTIVITY-F9EC19DF,STATE-PAGE-ADDLINKACTIVITY-F9EC19DF-F-C0990C1D,dependency io.insert-koin:koin-bom:,ENV-001,Satisfy dependency io.insert-koin:koin-bom:,State dependency io.insert-koin:koin-bom: visible,gradle/libs.versions.toml
CAND-INV-PAGE-ADDLINKACTIVITY-F9EC19DF-EF8519C0-ENV-001,FEAT-ADD-FEED,PAGE-ADDLINKACTIVITY-F9EC19DF,STATE-PAGE-ADDLINKACTIVITY-F9EC19DF-F-EF8519C0,dependency io.insert-koin:koin-core:,ENV-001,Satisfy dependency io.insert-koin:koin-core:,State dependency io.insert-koin:koin-core: visible,gradle/libs.versions.toml
CAND-INV-PAGE-ADDLINKACTIVITY-F9EC19DF-F6A9CC14-ENV-001,FEAT-ADD-FEED,PAGE-ADDLINKACTIVITY-F9EC19DF,STATE-PAGE-ADDLINKACTIVITY-F9EC19DF-F-F6A9CC14,dependency org.jetbrains.kotlinx:kotlinx-coroutines-android:1.10.2,ENV-001,Satisfy dependency org.jetbrains.kotlinx:kotlinx,State dependency org.jetbrains.kotlinx:kotlinx visible,gradle/libs.versions.toml
CAND-INV-PAGE-ADDLINKACTIVITY-F9EC19DF-A0B37881-ENV-001,FEAT-ADD-FEED,PAGE-ADDLINKACTIVITY-F9EC19DF,STATE-PAGE-ADDLINKACTIVITY-F9EC19DF-F-A0B37881,dependency org.jetbrains.kotlinx:kotlinx-coroutines-core:1.10.2,ENV-001,Satisfy dependency org.jetbrains.kotlinx:kotlinx,State dependency org.jetbrains.kotlinx:kotlinx visible,gradle/libs.versions.toml
CAND-INV-PAGE-ADDLINKACTIVITY-F9EC19DF-3CEFC3FC-ENV-001,FEAT-ADD-FEED,PAGE-ADDLINKACTIVITY-F9EC19DF,STATE-PAGE-ADDLINKACTIVITY-F9EC19DF-F-3CEFC3FC,dependency org.jetbrains.kotlinx:kotlinx-serialization-json:,ENV-001,Satisfy dependency org.jetbrains.kotlinx:kotlinx,State dependency org.jetbrains.kotlinx:kotlinx visible,gradle/libs.versions.toml
CAND-INV-PAGE-ADDLINKACTIVITY-F9EC19DF-B81608FF-ENV-001,FEAT-ADD-FEED,PAGE-ADDLINKACTIVITY-F9EC19DF,STATE-PAGE-ADDLINKACTIVITY-F9EC19DF-F-B81608FF,dependency com.github.nanihadesuka:LazyColumnScrollbar:,ENV-001,Satisfy dependency com.github.nanihadesuka:LazyC,State dependency com.github.nanihadesuka:LazyC visible,gradle/libs.versions.toml
CAND-INV-PAGE-ADDLINKACTIVITY-F9EC19DF-E991CC4E-ENV-001,FEAT-ADD-FEED,PAGE-ADDLINKACTIVITY-F9EC19DF,STATE-PAGE-ADDLINKACTIVITY-F9EC19DF-F-E991CC4E,dependency com.squareup.okhttp3:mockwebserver3:5.3.2,ENV-001,Satisfy dependency com.squareup.okhttp3:mockwebs,State dependency com.squareup.okhttp3:mockwebs visible,gradle/libs.versions.toml
CAND-INV-PAGE-ADDLINKACTIVITY-F9EC19DF-F27B61E1-ENV-001,FEAT-ADD-FEED,PAGE-ADDLINKACTIVITY-F9EC19DF,STATE-PAGE-ADDLINKACTIVITY-F9EC19DF-F-F27B61E1,dependency com.squareup.moshi:moshi:,ENV-001,Satisfy dependency com.squareup.moshi:moshi:,State dependency com.squareup.moshi:moshi: visible,gradle/libs.versions.toml
CAND-INV-PAGE-ADDLINKACTIVITY-F9EC19DF-2430FF61-ENV-001,FEAT-ADD-FEED,PAGE-ADDLINKACTIVITY-F9EC19DF,STATE-PAGE-ADDLINKACTIVITY-F9EC19DF-F-2430FF61,dependency com.squareup.retrofit2:converter-moshi:,ENV-001,Satisfy dependency com.squareup.retrofit2:conver,State dependency com.squareup.retrofit2:conver visible,gradle/libs.versions.toml
CAND-INV-PAGE-ADDLINKACTIVITY-F9EC19DF-F5E1DCEC-ENV-001,FEAT-ADD-FEED,PAGE-ADDLINKACTIVITY-F9EC19DF,STATE-PAGE-ADDLINKACTIVITY-F9EC19DF-F-F5E1DCEC,dependency com.squareup.moshi:moshi-kotlin-codegen:,ENV-001,Satisfy dependency com.squareup.moshi:moshi-kotl,State dependency com.squareup.moshi:moshi-kotl visible,gradle/libs.versions.toml
CAND-INV-PAGE-ADDLINKACTIVITY-F9EC19DF-536B012A-ENV-001,FEAT-ADD-FEED,PAGE-ADDLINKACTIVITY-F9EC19DF,STATE-PAGE-ADDLINKACTIVITY-F9EC19DF-F-536B012A,dependency com.squareup.okhttp3:okhttp-brotli:5.3.2,ENV-001,Satisfy dependency com.squareup.okhttp3:okhttp-b,State dependency com.squareup.okhttp3:okhttp-b visible,gradle/libs.versions.toml
CAND-INV-PAGE-ADDLINKACTIVITY-F9EC19DF-3B63763E-ENV-001,FEAT-ADD-FEED,PAGE-ADDLINKACTIVITY-F9EC19DF,STATE-PAGE-ADDLINKACTIVITY-F9EC19DF-F-3B63763E,dependency com.squareup.okhttp3:okhttp:5.3.2,ENV-001,Satisfy dependency com.squareup.okhttp3:okhttp:5,State dependency com.squareup.okhttp3:okhttp:5 visible,gradle/libs.versions.toml
CAND-INV-PAGE-ADDLINKACTIVITY-F9EC19DF-2ECF4959-ENV-001,FEAT-ADD-FEED,PAGE-ADDLINKACTIVITY-F9EC19DF,STATE-PAGE-ADDLINKACTIVITY-F9EC19DF-F-2ECF4959,dependency com.squareup.retrofit2:retrofit:3.0.0,ENV-001,Satisfy dependency com.squareup.retrofit2:retrof,State dependency com.squareup.retrofit2:retrof visible,gradle/libs.versions.toml
CAND-INV-PAGE-ADDLINKACTIVITY-F9EC19DF-139218D2-ENV-001,FEAT-ADD-FEED,PAGE-ADDLINKACTIVITY-F9EC19DF,STATE-PAGE-ADDLINKACTIVITY-F9EC19DF-F-139218D2,dependency app.cash.sqldelight:android-driver:2.3.2,ENV-001,Satisfy dependency app.cash.sqldelight:android-d,State dependency app.cash.sqldelight:android-d visible,gradle/libs.versions.toml
CAND-INV-PAGE-ADDLINKACTIVITY-F9EC19DF-A4D9DCFB-ENV-001,FEAT-ADD-FEED,PAGE-ADDLINKACTIVITY-F9EC19DF,STATE-PAGE-ADDLINKACTIVITY-F9EC19DF-F-A4D9DCFB,dependency app.cash.sqldelight:androidx-paging3-extensions:2.3.2,ENV-001,Satisfy dependency app.cash.sqldelight:androidx-,State dependency app.cash.sqldelight:androidx- visible,gradle/libs.versions.toml
CAND-INV-PAGE-ADDLINKACTIVITY-F9EC19DF-A3520663-ENV-001,FEAT-ADD-FEED,PAGE-ADDLINKACTIVITY-F9EC19DF,STATE-PAGE-ADDLINKACTIVITY-F9EC19DF-F-A3520663,dependency app.cash.sqldelight:coroutines-extensions:2.3.2,ENV-001,Satisfy dependency app.cash.sqldelight:coroutine,State dependency app.cash.sqldelight:coroutine visible,gradle/libs.versions.toml
CAND-INV-PAGE-ADDLINKACTIVITY-F9EC19DF-6D215F06-ENV-001,FEAT-ADD-FEED,PAGE-ADDLINKACTIVITY-F9EC19DF,STATE-PAGE-ADDLINKACTIVITY-F9EC19DF-F-6D215F06,dependency app.cash.sqldelight:sqlite-driver:2.3.2,ENV-001,Satisfy dependency app.cash.sqldelight:sqlite-dr,State dependency app.cash.sqldelight:sqlite-dr visible,gradle/libs.versions.toml
CAND-INV-PAGE-ADDLINKACTIVITY-F9EC19DF-56EB830E-ENV-001,FEAT-ADD-FEED,PAGE-ADDLINKACTIVITY-F9EC19DF,STATE-PAGE-ADDLINKACTIVITY-F9EC19DF-F-56EB830E,dependency androidx.test.espresso:espresso-core:,ENV-001,Satisfy dependency androidx.test.espresso:espres,State dependency androidx.test.espresso:espres visible,gradle/libs.versions.toml
CAND-INV-PAGE-ADDLINKACTIVITY-F9EC19DF-67FAB9FC-ENV-001,FEAT-ADD-FEED,PAGE-ADDLINKACTIVITY-F9EC19DF,STATE-PAGE-ADDLINKACTIVITY-F9EC19DF-F-67FAB9FC,dependency androidx.test.ext:junit:,ENV-001,Satisfy dependency androidx.test.ext:junit:,State dependency androidx.test.ext:junit: visible,gradle/libs.versions.toml
CAND-INV-PAGE-ADDLINKACTIVITY-F9EC19DF-A2D417A7-ENV-001,FEAT-ADD-FEED,PAGE-ADDLINKACTIVITY-F9EC19DF,STATE-PAGE-ADDLINKACTIVITY-F9EC19DF-F-A2D417A7,dependency androidx.compose.ui:ui-test-junit4:,ENV-001,Satisfy dependency androidx.compose.ui:ui-test-j,State dependency androidx.compose.ui:ui-test-j visible,gradle/libs.versions.toml
CAND-INV-PAGE-ADDLINKACTIVITY-F9EC19DF-39822B59-ENV-001,FEAT-ADD-FEED,PAGE-ADDLINKACTIVITY-F9EC19DF,STATE-PAGE-ADDLINKACTIVITY-F9EC19DF-F-39822B59,dependency androidx.compose.ui:ui-test-manifest:,ENV-001,Satisfy dependency androidx.compose.ui:ui-test-m,State dependency androidx.compose.ui:ui-test-m visible,gradle/libs.versions.toml
CAND-INV-PAGE-ADDLINKACTIVITY-F9EC19DF-E12034BD-ENV-001,FEAT-ADD-FEED,PAGE-ADDLINKACTIVITY-F9EC19DF,STATE-PAGE-ADDLINKACTIVITY-F9EC19DF-F-E12034BD,dependency junit:junit:,ENV-001,Satisfy dependency junit:junit:,State dependency junit:junit: visible,gradle/libs.versions.toml
CAND-INV-PAGE-ADDLINKACTIVITY-F9EC19DF-16EC0362-ENV-001,FEAT-ADD-FEED,PAGE-ADDLINKACTIVITY-F9EC19DF,STATE-PAGE-ADDLINKACTIVITY-F9EC19DF-F-16EC0362,dependency org.jetbrains.kotlinx:kotlinx-coroutines-test:1.10.2,ENV-001,Satisfy dependency org.jetbrains.kotlinx:kotlinx,State dependency org.jetbrains.kotlinx:kotlinx visible,gradle/libs.versions.toml
CAND-INV-PAGE-ADDLINKACTIVITY-F9EC19DF-B4091874-ENV-001,FEAT-ADD-FEED,PAGE-ADDLINKACTIVITY-F9EC19DF,STATE-PAGE-ADDLINKACTIVITY-F9EC19DF-F-B4091874,dependency io.mockk:mockk-agent:1.14.9,ENV-001,Satisfy dependency io.mockk:mockk-agent:1.14.9,State dependency io.mockk:mockk-agent:1.14.9 visible,gradle/libs.versions.toml
CAND-INV-PAGE-ADDLINKACTIVITY-F9EC19DF-6C525F80-ENV-001,FEAT-ADD-FEED,PAGE-ADDLINKACTIVITY-F9EC19DF,STATE-PAGE-ADDLINKACTIVITY-F9EC19DF-F-6C525F80,dependency io.mockk:mockk-android:1.14.9,ENV-001,Satisfy dependency io.mockk:mockk-android:1.14.9,State dependency io.mockk:mockk-android:1.14.9 visible,gradle/libs.versions.toml
CAND-INV-PAGE-ADDLINKACTIVITY-F9EC19DF-EDD40E99-ENV-001,FEAT-ADD-FEED,PAGE-ADDLINKACTIVITY-F9EC19DF,STATE-PAGE-ADDLINKACTIVITY-F9EC19DF-F-EDD40E99,dependency io.mockk:mockk:1.14.9,ENV-001,Satisfy dependency io.mockk:mockk:1.14.9,State dependency io.mockk:mockk:1.14.9 visible,gradle/libs.versions.toml
CAND-INV-PAGE-ADDLINKACTIVITY-F9EC19DF-7050980F-ENV-001,FEAT-ADD-FEED,PAGE-ADDLINKACTIVITY-F9EC19DF,STATE-PAGE-ADDLINKACTIVITY-F9EC19DF-F-7050980F,dependency org.robolectric:robolectric:,ENV-001,Satisfy dependency org.robolectric:robolectric:,State dependency org.robolectric:robolectric: visible,gradle/libs.versions.toml
CAND-INV-PAGE-ADDLINKACTIVITY-F9EC19DF-F19D40A4-ENV-001,FEAT-ADD-FEED,PAGE-ADDLINKACTIVITY-F9EC19DF,STATE-PAGE-ADDLINKACTIVITY-F9EC19DF-F-F19D40A4,dependency app.cash.turbine:turbine:,ENV-001,Satisfy dependency app.cash.turbine:turbine:,State dependency app.cash.turbine:turbine: visible,gradle/libs.versions.toml
CAND-INV-PAGE-ADDLINKACTIVITY-F9EC19DF-834BFDBB-ENV-001,FEAT-ADD-FEED,PAGE-ADDLINKACTIVITY-F9EC19DF,STATE-PAGE-ADDLINKACTIVITY-F9EC19DF-F-834BFDBB,dependency androidx.work:work-testing:,ENV-001,Satisfy dependency androidx.work:work-testing:,State dependency androidx.work:work-testing: visible,gradle/libs.versions.toml
CAND-INV-PAGE-ADDLINKACTIVITY-F9EC19DF-765CE56F-ENV-001,FEAT-ADD-FEED,PAGE-ADDLINKACTIVITY-F9EC19DF,STATE-PAGE-ADDLINKACTIVITY-F9EC19DF-F-765CE56F,dependency com.github.gmazzo.okhttp.mock:mock-client:,ENV-001,Satisfy dependency com.github.gmazzo.okhttp.mock,State dependency com.github.gmazzo.okhttp.mock visible,gradle/libs.versions.toml
CAND-INV-PAGE-ADDLINKACTIVITY-F9EC19DF-6786FF56-ENV-001,FEAT-ADD-FEED,PAGE-ADDLINKACTIVITY-F9EC19DF,STATE-PAGE-ADDLINKACTIVITY-F9EC19DF-F-6786FF56,dependency me.saket.telephoto:zoomable:0.19.0,ENV-001,Satisfy dependency me.saket.telephoto:zoomable:0,State dependency me.saket.telephoto:zoomable:0 visible,gradle/libs.versions.toml
CAND-INV-PAGE-ADDLINKACTIVITY-F9EC19DF-F7C73797-ENV-001,FEAT-ADD-FEED,PAGE-ADDLINKACTIVITY-F9EC19DF,STATE-PAGE-ADDLINKACTIVITY-F9EC19DF-F-F7C73797,dependency me.saket.telephoto:zoomable-image-coil3:0.19.0,ENV-001,Satisfy dependency me.saket.telephoto:zoomable-i,State dependency me.saket.telephoto:zoomable-i visible,gradle/libs.versions.toml
